-- MySQL dump 10.11
--
-- Host: localhost    Database: c33
-- ------------------------------------------------------
-- Server version	5.0.75-0ubuntu10.5

/*!40101 SET @OLD_CHARACTER_SET_CLIENT=@@CHARACTER_SET_CLIENT */;
/*!40101 SET @OLD_CHARACTER_SET_RESULTS=@@CHARACTER_SET_RESULTS */;
/*!40101 SET @OLD_COLLATION_CONNECTION=@@COLLATION_CONNECTION */;
/*!40101 SET NAMES utf8 */;
/*!40103 SET @OLD_TIME_ZONE=@@TIME_ZONE */;
/*!40103 SET TIME_ZONE='+00:00' */;
/*!40014 SET @OLD_UNIQUE_CHECKS=@@UNIQUE_CHECKS, UNIQUE_CHECKS=0 */;
/*!40014 SET @OLD_FOREIGN_KEY_CHECKS=@@FOREIGN_KEY_CHECKS, FOREIGN_KEY_CHECKS=0 */;
/*!40101 SET @OLD_SQL_MODE=@@SQL_MODE, SQL_MODE='NO_AUTO_VALUE_ON_ZERO' */;
/*!40111 SET @OLD_SQL_NOTES=@@SQL_NOTES, SQL_NOTES=0 */;

--
-- Dumping data for table `civicrm_acl`
--

LOCK TABLES `civicrm_acl` WRITE;
/*!40000 ALTER TABLE `civicrm_acl` DISABLE KEYS */;
INSERT INTO `civicrm_acl` (`id`, `name`, `deny`, `entity_table`, `entity_id`, `operation`, `object_table`, `object_id`, `acl_table`, `acl_id`, `is_active`) VALUES (1,'Edit All Contacts',0,'civicrm_acl_role',1,'Edit','civicrm_saved_search',0,NULL,NULL,1),(2,'Core ACL',0,'civicrm_acl_role',0,'All','access CiviMail subscribe/unsubscribe pages',NULL,NULL,NULL,1),(3,'Core ACL',0,'civicrm_acl_role',0,'All','access all custom data',NULL,NULL,NULL,1),(4,'Core ACL',0,'civicrm_acl_role',0,'All','make online contributions',NULL,NULL,NULL,1),(5,'Core ACL',0,'civicrm_acl_role',0,'All','make online pledges',NULL,NULL,NULL,1),(6,'Core ACL',0,'civicrm_acl_role',0,'All','profile listings and forms',NULL,NULL,NULL,1),(7,'Core ACL',0,'civicrm_acl_role',0,'All','view event info',NULL,NULL,NULL,1),(8,'Core ACL',0,'civicrm_acl_role',0,'All','register for events',NULL,NULL,NULL,1),(9,'Core ACL',0,'civicrm_acl_role',1,'All','access CiviCRM',NULL,NULL,NULL,1),(10,'Core ACL',0,'civicrm_acl_role',1,'All','access CiviContribute',NULL,NULL,NULL,1),(11,'Core ACL',0,'civicrm_acl_role',1,'All','access CiviEvent',NULL,NULL,NULL,1),(12,'Core ACL',0,'civicrm_acl_role',1,'All','access CiviMail',NULL,NULL,NULL,1),(13,'Core ACL',0,'civicrm_acl_role',1,'All','access CiviMail subscribe/unsubscribe pages',NULL,NULL,NULL,1),(14,'Core ACL',0,'civicrm_acl_role',1,'All','access CiviMember',NULL,NULL,NULL,1),(15,'Core ACL',0,'civicrm_acl_role',1,'All','access CiviPledge',NULL,NULL,NULL,1),(16,'Core ACL',0,'civicrm_acl_role',1,'All','administer CiviCase',NULL,NULL,NULL,1),(17,'Core ACL',0,'civicrm_acl_role',1,'All','access my cases and activities',NULL,NULL,NULL,1),(18,'Core ACL',0,'civicrm_acl_role',1,'All','access all cases and activities',NULL,NULL,NULL,1),(19,'Core ACL',0,'civicrm_acl_role',1,'All','delete in CiviCase',NULL,NULL,NULL,1),(20,'Core ACL',0,'civicrm_acl_role',1,'All','access CiviGrant',NULL,NULL,NULL,1),(21,'Core ACL',0,'civicrm_acl_role',1,'All','access Contact Dashboard',NULL,NULL,NULL,1),(22,'Core ACL',0,'civicrm_acl_role',1,'All','administer Multiple Organizations',NULL,NULL,NULL,1),(23,'Core ACL',0,'civicrm_acl_role',1,'All','delete activities',NULL,NULL,NULL,1),(24,'Core ACL',0,'civicrm_acl_role',1,'All','delete in CiviContribute',NULL,NULL,NULL,1),(25,'Core ACL',0,'civicrm_acl_role',1,'All','delete in CiviMail',NULL,NULL,NULL,1),(26,'Core ACL',0,'civicrm_acl_role',1,'All','delete in CiviPledge',NULL,NULL,NULL,1),(27,'Core ACL',0,'civicrm_acl_role',1,'All','delete contacts',NULL,NULL,NULL,1),(28,'Core ACL',0,'civicrm_acl_role',1,'All','delete in CiviEvent',NULL,NULL,NULL,1),(29,'Core ACL',0,'civicrm_acl_role',1,'All','delete in CiviMember',NULL,NULL,NULL,1),(30,'Core ACL',0,'civicrm_acl_role',1,'All','translate CiviCRM',NULL,NULL,NULL,1),(31,'Core ACL',0,'civicrm_acl_role',1,'All','edit grants',NULL,NULL,NULL,1),(32,'Core ACL',0,'civicrm_acl_role',1,'All','access all custom data',NULL,NULL,NULL,1),(33,'Core ACL',0,'civicrm_acl_role',1,'All','access uploaded files',NULL,NULL,NULL,1),(34,'Core ACL',0,'civicrm_acl_role',1,'All','add contacts',NULL,NULL,NULL,1),(35,'Core ACL',0,'civicrm_acl_role',1,'All','administer CiviCRM',NULL,NULL,NULL,1),(36,'Core ACL',0,'civicrm_acl_role',1,'All','edit all contacts',NULL,NULL,NULL,1),(37,'Core ACL',0,'civicrm_acl_role',1,'All','edit contributions',NULL,NULL,NULL,1),(38,'Core ACL',0,'civicrm_acl_role',1,'All','edit event participants',NULL,NULL,NULL,1),(39,'Core ACL',0,'civicrm_acl_role',1,'All','edit groups',NULL,NULL,NULL,1),(40,'Core ACL',0,'civicrm_acl_role',1,'All','edit memberships',NULL,NULL,NULL,1),(41,'Core ACL',0,'civicrm_acl_role',1,'All','edit pledges',NULL,NULL,NULL,1),(42,'Core ACL',0,'civicrm_acl_role',1,'All','access CiviReport',NULL,NULL,NULL,1),(43,'Core ACL',0,'civicrm_acl_role',1,'All','access Report Criteria',NULL,NULL,NULL,1),(44,'Core ACL',0,'civicrm_acl_role',1,'All','administer Reports',NULL,NULL,NULL,1),(45,'Core ACL',0,'civicrm_acl_role',1,'All','import contacts',NULL,NULL,NULL,1),(46,'Core ACL',0,'civicrm_acl_role',1,'All','make online contributions',NULL,NULL,NULL,1),(47,'Core ACL',0,'civicrm_acl_role',1,'All','make online pledges',NULL,NULL,NULL,1),(48,'Core ACL',0,'civicrm_acl_role',1,'All','profile listings and forms',NULL,NULL,NULL,1),(49,'Core ACL',0,'civicrm_acl_role',1,'All','profile create',NULL,NULL,NULL,1),(50,'Core ACL',0,'civicrm_acl_role',1,'All','profile edit',NULL,NULL,NULL,1),(51,'Core ACL',0,'civicrm_acl_role',1,'All','profile listings',NULL,NULL,NULL,1),(52,'Core ACL',0,'civicrm_acl_role',1,'All','profile view',NULL,NULL,NULL,1),(53,'Core ACL',0,'civicrm_acl_role',1,'All','register for events',NULL,NULL,NULL,1),(54,'Core ACL',0,'civicrm_acl_role',1,'All','view all activities',NULL,NULL,NULL,1),(55,'Core ACL',0,'civicrm_acl_role',1,'All','view all contacts',NULL,NULL,NULL,1),(56,'Core ACL',0,'civicrm_acl_role',1,'All','view event info',NULL,NULL,NULL,1),(57,'Core ACL',0,'civicrm_acl_role',1,'All','view event participants',NULL,NULL,NULL,1),(58,'Core ACL',0,'civicrm_acl_role',1,'All','edit all events',NULL,NULL,NULL,1),(59,'Core ACL',0,'civicrm_acl_role',2,'All','access CiviMail subscribe/unsubscribe pages',NULL,NULL,NULL,1),(60,'Core ACL',0,'civicrm_acl_role',2,'All','access all custom data',NULL,NULL,NULL,1),(61,'Core ACL',0,'civicrm_acl_role',2,'All','make online contributions',NULL,NULL,NULL,1),(62,'Core ACL',0,'civicrm_acl_role',2,'All','make online pledges',NULL,NULL,NULL,1),(63,'Core ACL',0,'civicrm_acl_role',2,'All','profile listings and forms',NULL,NULL,NULL,1),(64,'Core ACL',0,'civicrm_acl_role',2,'All','register for events',NULL,NULL,NULL,1),(65,'Core ACL',0,'civicrm_acl_role',2,'All','view event info',NULL,NULL,NULL,1);
/*!40000 ALTER TABLE `civicrm_acl` ENABLE KEYS */;
UNLOCK TABLES;

--
-- Dumping data for table `civicrm_acl_cache`
--

LOCK TABLES `civicrm_acl_cache` WRITE;
/*!40000 ALTER TABLE `civicrm_acl_cache` DISABLE KEYS */;
/*!40000 ALTER TABLE `civicrm_acl_cache` ENABLE KEYS */;
UNLOCK TABLES;

--
-- Dumping data for table `civicrm_acl_contact_cache`
--

LOCK TABLES `civicrm_acl_contact_cache` WRITE;
/*!40000 ALTER TABLE `civicrm_acl_contact_cache` DISABLE KEYS */;
/*!40000 ALTER TABLE `civicrm_acl_contact_cache` ENABLE KEYS */;
UNLOCK TABLES;

--
-- Dumping data for table `civicrm_acl_entity_role`
--

LOCK TABLES `civicrm_acl_entity_role` WRITE;
/*!40000 ALTER TABLE `civicrm_acl_entity_role` DISABLE KEYS */;
INSERT INTO `civicrm_acl_entity_role` (`id`, `acl_role_id`, `entity_table`, `entity_id`, `is_active`) VALUES (1,1,'civicrm_group',1,1);
/*!40000 ALTER TABLE `civicrm_acl_entity_role` ENABLE KEYS */;
UNLOCK TABLES;

--
-- Dumping data for table `civicrm_activity`
--

LOCK TABLES `civicrm_activity` WRITE;
/*!40000 ALTER TABLE `civicrm_activity` DISABLE KEYS */;
INSERT INTO `civicrm_activity` (`id`, `source_contact_id`, `source_record_id`, `activity_type_id`, `subject`, `activity_date_time`, `duration`, `location`, `phone_id`, `phone_number`, `details`, `status_id`, `priority_id`, `parent_id`, `is_test`, `medium_id`, `is_auto`, `relationship_id`, `is_current_revision`, `original_id`, `result`, `is_deleted`) VALUES (1,49,NULL,9,'Subject for Tell a Friend','2010-09-08 03:56:32',1,NULL,NULL,NULL,NULL,2,NULL,NULL,0,NULL,0,NULL,1,NULL,NULL,0),(2,49,NULL,10,'Subject for Pledge Acknowledgment','2010-07-23 08:10:33',4,NULL,NULL,NULL,NULL,2,NULL,NULL,0,NULL,0,NULL,1,NULL,NULL,0),(3,49,NULL,8,'Subject for Membership Renewal','2010-08-23 11:22:25',1,NULL,NULL,NULL,NULL,2,NULL,NULL,0,NULL,0,NULL,1,NULL,NULL,0),(4,49,NULL,10,'Subject for Pledge Acknowledgment','2010-03-15 04:43:40',4,NULL,NULL,NULL,NULL,2,NULL,NULL,0,NULL,0,NULL,1,NULL,NULL,0),(5,49,NULL,9,'Subject for Tell a Friend','2010-06-04 08:38:04',2,NULL,NULL,NULL,NULL,2,NULL,NULL,0,NULL,0,NULL,1,NULL,NULL,0),(6,49,NULL,8,'Subject for Membership Renewal','2010-11-15 10:01:25',3,NULL,NULL,NULL,NULL,2,NULL,NULL,0,NULL,0,NULL,1,NULL,NULL,0),(7,49,NULL,9,'Subject for Tell a Friend','2010-10-17 09:56:58',3,NULL,NULL,NULL,NULL,2,NULL,NULL,0,NULL,0,NULL,1,NULL,NULL,0),(8,49,NULL,9,'Subject for Tell a Friend','2010-08-21 07:50:41',1,NULL,NULL,NULL,NULL,2,NULL,NULL,0,NULL,0,NULL,1,NULL,NULL,0),(9,49,NULL,9,'Subject for Tell a Friend','2010-05-27 01:03:19',4,NULL,NULL,NULL,NULL,2,NULL,NULL,0,NULL,0,NULL,1,NULL,NULL,0),(10,49,NULL,8,'Subject for Membership Renewal','2010-06-22 11:09:56',3,NULL,NULL,NULL,NULL,2,NULL,NULL,0,NULL,0,NULL,1,NULL,NULL,0),(11,49,NULL,8,'Subject for Membership Renewal','2010-07-06 09:57:17',3,NULL,NULL,NULL,NULL,2,NULL,NULL,0,NULL,0,NULL,1,NULL,NULL,0),(12,49,NULL,8,'Subject for Membership Renewal','2010-12-07 05:12:17',5,NULL,NULL,NULL,NULL,2,NULL,NULL,0,NULL,0,NULL,1,NULL,NULL,0),(13,49,NULL,8,'Subject for Membership Renewal','2010-07-23 03:35:37',4,NULL,NULL,NULL,NULL,2,NULL,NULL,0,NULL,0,NULL,1,NULL,NULL,0),(14,49,NULL,10,'Subject for Pledge Acknowledgment','2010-04-19 01:18:17',6,NULL,NULL,NULL,NULL,2,NULL,NULL,0,NULL,0,NULL,1,NULL,NULL,0),(15,49,NULL,7,'Subject for Membership Signup','2010-12-29 11:02:51',2,NULL,NULL,NULL,NULL,2,NULL,NULL,0,NULL,0,NULL,1,NULL,NULL,0),(16,49,NULL,10,'Subject for Pledge Acknowledgment','2010-09-01 10:33:14',3,NULL,NULL,NULL,NULL,2,NULL,NULL,0,NULL,0,NULL,1,NULL,NULL,0),(17,49,NULL,9,'Subject for Tell a Friend','2010-08-24 05:08:29',6,NULL,NULL,NULL,NULL,2,NULL,NULL,0,NULL,0,NULL,1,NULL,NULL,0),(18,49,NULL,10,'Subject for Pledge Acknowledgment','2011-02-01 03:23:53',6,NULL,NULL,NULL,NULL,2,NULL,NULL,0,NULL,0,NULL,1,NULL,NULL,0),(19,49,NULL,7,'Subject for Membership Signup','2010-06-28 07:08:29',1,NULL,NULL,NULL,NULL,2,NULL,NULL,0,NULL,0,NULL,1,NULL,NULL,0),(20,49,NULL,7,'Subject for Membership Signup','2010-06-16 06:25:55',2,NULL,NULL,NULL,NULL,2,NULL,NULL,0,NULL,0,NULL,1,NULL,NULL,0),(21,49,NULL,10,'Subject for Pledge Acknowledgment','2010-05-03 08:59:33',5,NULL,NULL,NULL,NULL,2,NULL,NULL,0,NULL,0,NULL,1,NULL,NULL,0),(22,49,NULL,7,'Subject for Membership Signup','2010-08-15 10:46:29',2,NULL,NULL,NULL,NULL,2,NULL,NULL,0,NULL,0,NULL,1,NULL,NULL,0),(23,49,NULL,8,'Subject for Membership Renewal','2010-09-20 10:12:14',2,NULL,NULL,NULL,NULL,2,NULL,NULL,0,NULL,0,NULL,1,NULL,NULL,0),(24,49,NULL,8,'Subject for Membership Renewal','2010-05-24 02:34:24',5,NULL,NULL,NULL,NULL,2,NULL,NULL,0,NULL,0,NULL,1,NULL,NULL,0),(25,49,NULL,8,'Subject for Membership Renewal','2010-12-13 05:02:49',5,NULL,NULL,NULL,NULL,2,NULL,NULL,0,NULL,0,NULL,1,NULL,NULL,0),(26,49,NULL,7,'Subject for Membership Signup','2010-03-21 07:39:09',2,NULL,NULL,NULL,NULL,2,NULL,NULL,0,NULL,0,NULL,1,NULL,NULL,0),(27,49,NULL,7,'Subject for Membership Signup','2010-04-29 12:56:49',2,NULL,NULL,NULL,NULL,2,NULL,NULL,0,NULL,0,NULL,1,NULL,NULL,0),(28,49,NULL,7,'Subject for Membership Signup','2010-02-06 07:48:00',4,NULL,NULL,NULL,NULL,2,NULL,NULL,0,NULL,0,NULL,1,NULL,NULL,0),(29,49,NULL,8,'Subject for Membership Renewal','2010-07-17 10:54:34',4,NULL,NULL,NULL,NULL,2,NULL,NULL,0,NULL,0,NULL,1,NULL,NULL,0),(30,49,NULL,8,'Subject for Membership Renewal','2010-05-07 02:45:26',6,NULL,NULL,NULL,NULL,2,NULL,NULL,0,NULL,0,NULL,1,NULL,NULL,0),(31,49,NULL,9,'Subject for Tell a Friend','2010-07-05 04:51:51',3,NULL,NULL,NULL,NULL,2,NULL,NULL,0,NULL,0,NULL,1,NULL,NULL,0),(32,49,NULL,10,'Subject for Pledge Acknowledgment','2010-04-16 03:03:47',3,NULL,NULL,NULL,NULL,2,NULL,NULL,0,NULL,0,NULL,1,NULL,NULL,0),(33,49,NULL,7,'Subject for Membership Signup','2010-06-17 02:28:15',5,NULL,NULL,NULL,NULL,2,NULL,NULL,0,NULL,0,NULL,1,NULL,NULL,0),(34,49,NULL,7,'Subject for Membership Signup','2010-12-21 08:18:56',3,NULL,NULL,NULL,NULL,2,NULL,NULL,0,NULL,0,NULL,1,NULL,NULL,0),(35,49,NULL,7,'Subject for Membership Signup','2010-04-26 09:36:33',4,NULL,NULL,NULL,NULL,2,NULL,NULL,0,NULL,0,NULL,1,NULL,NULL,0),(36,49,NULL,8,'Subject for Membership Renewal','2010-03-27 01:23:16',2,NULL,NULL,NULL,NULL,2,NULL,NULL,0,NULL,0,NULL,1,NULL,NULL,0),(37,49,NULL,10,'Subject for Pledge Acknowledgment','2010-06-16 01:25:44',2,NULL,NULL,NULL,NULL,2,NULL,NULL,0,NULL,0,NULL,1,NULL,NULL,0),(38,49,NULL,9,'Subject for Tell a Friend','2010-10-03 06:32:29',1,NULL,NULL,NULL,NULL,2,NULL,NULL,0,NULL,0,NULL,1,NULL,NULL,0),(39,49,NULL,10,'Subject for Pledge Acknowledgment','2010-02-13 03:14:37',5,NULL,NULL,NULL,NULL,2,NULL,NULL,0,NULL,0,NULL,1,NULL,NULL,0),(40,49,NULL,9,'Subject for Tell a Friend','2010-05-06 03:59:10',4,NULL,NULL,NULL,NULL,2,NULL,NULL,0,NULL,0,NULL,1,NULL,NULL,0),(41,49,NULL,10,'Subject for Pledge Acknowledgment','2010-11-15 01:37:48',1,NULL,NULL,NULL,NULL,2,NULL,NULL,0,NULL,0,NULL,1,NULL,NULL,0),(42,49,NULL,7,'Subject for Membership Signup','2010-05-23 06:14:55',5,NULL,NULL,NULL,NULL,2,NULL,NULL,0,NULL,0,NULL,1,NULL,NULL,0),(43,49,NULL,9,'Subject for Tell a Friend','2010-12-05 02:56:16',1,NULL,NULL,NULL,NULL,2,NULL,NULL,0,NULL,0,NULL,1,NULL,NULL,0),(44,49,NULL,10,'Subject for Pledge Acknowledgment','2010-07-30 10:33:23',3,NULL,NULL,NULL,NULL,2,NULL,NULL,0,NULL,0,NULL,1,NULL,NULL,0),(45,49,NULL,9,'Subject for Tell a Friend','2010-12-08 08:50:42',6,NULL,NULL,NULL,NULL,2,NULL,NULL,0,NULL,0,NULL,1,NULL,NULL,0),(46,49,NULL,7,'Subject for Membership Signup','2010-12-22 11:03:29',4,NULL,NULL,NULL,NULL,2,NULL,NULL,0,NULL,0,NULL,1,NULL,NULL,0),(47,49,NULL,10,'Subject for Pledge Acknowledgment','2010-10-29 07:49:26',4,NULL,NULL,NULL,NULL,2,NULL,NULL,0,NULL,0,NULL,1,NULL,NULL,0),(48,49,NULL,9,'Subject for Tell a Friend','2010-12-10 06:03:44',3,NULL,NULL,NULL,NULL,2,NULL,NULL,0,NULL,0,NULL,1,NULL,NULL,0),(49,49,NULL,8,'Subject for Membership Renewal','2011-02-01 02:08:15',1,NULL,NULL,NULL,NULL,2,NULL,NULL,0,NULL,0,NULL,1,NULL,NULL,0),(50,49,NULL,9,'Subject for Tell a Friend','2010-03-27 03:11:49',3,NULL,NULL,NULL,NULL,2,NULL,NULL,0,NULL,0,NULL,1,NULL,NULL,0),(51,49,NULL,7,'Subject for Membership Signup','2010-09-23 11:27:09',6,NULL,NULL,NULL,NULL,2,NULL,NULL,0,NULL,0,NULL,1,NULL,NULL,0),(52,49,NULL,8,'Subject for Membership Renewal','2010-12-04 07:56:16',1,NULL,NULL,NULL,NULL,2,NULL,NULL,0,NULL,0,NULL,1,NULL,NULL,0),(53,49,NULL,9,'Subject for Tell a Friend','2010-09-30 10:31:31',3,NULL,NULL,NULL,NULL,2,NULL,NULL,0,NULL,0,NULL,1,NULL,NULL,0),(54,49,NULL,10,'Subject for Pledge Acknowledgment','2010-04-25 01:57:16',1,NULL,NULL,NULL,NULL,2,NULL,NULL,0,NULL,0,NULL,1,NULL,NULL,0),(55,49,NULL,9,'Subject for Tell a Friend','2010-06-10 11:54:35',6,NULL,NULL,NULL,NULL,2,NULL,NULL,0,NULL,0,NULL,1,NULL,NULL,0),(56,49,NULL,8,'Subject for Membership Renewal','2010-03-25 08:11:54',4,NULL,NULL,NULL,NULL,2,NULL,NULL,0,NULL,0,NULL,1,NULL,NULL,0),(57,49,NULL,7,'Subject for Membership Signup','2010-10-22 03:48:18',4,NULL,NULL,NULL,NULL,2,NULL,NULL,0,NULL,0,NULL,1,NULL,NULL,0),(58,49,NULL,8,'Subject for Membership Renewal','2010-05-20 07:42:54',3,NULL,NULL,NULL,NULL,2,NULL,NULL,0,NULL,0,NULL,1,NULL,NULL,0),(59,49,NULL,7,'Subject for Membership Signup','2010-12-25 07:36:45',3,NULL,NULL,NULL,NULL,2,NULL,NULL,0,NULL,0,NULL,1,NULL,NULL,0),(60,49,NULL,10,'Subject for Pledge Acknowledgment','2011-01-10 11:46:26',6,NULL,NULL,NULL,NULL,2,NULL,NULL,0,NULL,0,NULL,1,NULL,NULL,0),(61,49,NULL,7,'Subject for Membership Signup','2010-04-29 01:06:58',2,NULL,NULL,NULL,NULL,2,NULL,NULL,0,NULL,0,NULL,1,NULL,NULL,0),(62,49,NULL,9,'Subject for Tell a Friend','2010-08-14 05:57:55',2,NULL,NULL,NULL,NULL,2,NULL,NULL,0,NULL,0,NULL,1,NULL,NULL,0),(63,49,NULL,7,'Subject for Membership Signup','2010-09-01 01:14:44',1,NULL,NULL,NULL,NULL,2,NULL,NULL,0,NULL,0,NULL,1,NULL,NULL,0),(64,49,NULL,9,'Subject for Tell a Friend','2010-12-18 03:27:45',1,NULL,NULL,NULL,NULL,2,NULL,NULL,0,NULL,0,NULL,1,NULL,NULL,0),(65,49,NULL,8,'Subject for Membership Renewal','2010-08-14 02:24:32',6,NULL,NULL,NULL,NULL,2,NULL,NULL,0,NULL,0,NULL,1,NULL,NULL,0),(66,49,NULL,8,'Subject for Membership Renewal','2011-01-09 01:08:32',4,NULL,NULL,NULL,NULL,2,NULL,NULL,0,NULL,0,NULL,1,NULL,NULL,0),(67,49,NULL,10,'Subject for Pledge Acknowledgment','2011-01-06 12:12:48',5,NULL,NULL,NULL,NULL,2,NULL,NULL,0,NULL,0,NULL,1,NULL,NULL,0),(68,49,NULL,7,'Subject for Membership Signup','2010-04-19 05:16:36',2,NULL,NULL,NULL,NULL,2,NULL,NULL,0,NULL,0,NULL,1,NULL,NULL,0),(69,49,NULL,8,'Subject for Membership Renewal','2010-12-14 05:25:33',1,NULL,NULL,NULL,NULL,2,NULL,NULL,0,NULL,0,NULL,1,NULL,NULL,0),(70,49,NULL,8,'Subject for Membership Renewal','2010-11-20 10:52:37',4,NULL,NULL,NULL,NULL,2,NULL,NULL,0,NULL,0,NULL,1,NULL,NULL,0),(71,49,NULL,7,'Subject for Membership Signup','2010-03-05 04:56:53',6,NULL,NULL,NULL,NULL,2,NULL,NULL,0,NULL,0,NULL,1,NULL,NULL,0),(72,49,NULL,9,'Subject for Tell a Friend','2010-04-19 07:16:04',3,NULL,NULL,NULL,NULL,2,NULL,NULL,0,NULL,0,NULL,1,NULL,NULL,0),(73,49,NULL,9,'Subject for Tell a Friend','2010-05-02 06:47:06',6,NULL,NULL,NULL,NULL,2,NULL,NULL,0,NULL,0,NULL,1,NULL,NULL,0),(74,49,NULL,8,'Subject for Membership Renewal','2010-04-17 11:04:24',1,NULL,NULL,NULL,NULL,2,NULL,NULL,0,NULL,0,NULL,1,NULL,NULL,0),(75,49,NULL,8,'Subject for Membership Renewal','2010-06-24 11:17:43',5,NULL,NULL,NULL,NULL,2,NULL,NULL,0,NULL,0,NULL,1,NULL,NULL,0),(76,49,NULL,8,'Subject for Membership Renewal','2010-03-24 08:38:24',6,NULL,NULL,NULL,NULL,2,NULL,NULL,0,NULL,0,NULL,1,NULL,NULL,0),(77,49,NULL,10,'Subject for Pledge Acknowledgment','2010-02-11 01:39:22',2,NULL,NULL,NULL,NULL,2,NULL,NULL,0,NULL,0,NULL,1,NULL,NULL,0),(78,49,NULL,8,'Subject for Membership Renewal','2010-10-09 11:39:39',3,NULL,NULL,NULL,NULL,2,NULL,NULL,0,NULL,0,NULL,1,NULL,NULL,0),(79,49,NULL,7,'Subject for Membership Signup','2010-02-06 05:12:51',2,NULL,NULL,NULL,NULL,2,NULL,NULL,0,NULL,0,NULL,1,NULL,NULL,0),(80,49,NULL,7,'Subject for Membership Signup','2010-08-15 11:26:16',2,NULL,NULL,NULL,NULL,2,NULL,NULL,0,NULL,0,NULL,1,NULL,NULL,0),(81,49,NULL,10,'Subject for Pledge Acknowledgment','2010-04-13 12:23:46',1,NULL,NULL,NULL,NULL,2,NULL,NULL,0,NULL,0,NULL,1,NULL,NULL,0),(82,49,NULL,8,'Subject for Membership Renewal','2010-09-30 10:50:50',1,NULL,NULL,NULL,NULL,2,NULL,NULL,0,NULL,0,NULL,1,NULL,NULL,0),(83,49,NULL,9,'Subject for Tell a Friend','2010-04-18 03:42:00',4,NULL,NULL,NULL,NULL,2,NULL,NULL,0,NULL,0,NULL,1,NULL,NULL,0),(84,49,NULL,8,'Subject for Membership Renewal','2010-05-07 06:38:12',3,NULL,NULL,NULL,NULL,2,NULL,NULL,0,NULL,0,NULL,1,NULL,NULL,0),(85,49,NULL,8,'Subject for Membership Renewal','2010-03-25 02:19:07',6,NULL,NULL,NULL,NULL,2,NULL,NULL,0,NULL,0,NULL,1,NULL,NULL,0),(86,49,NULL,8,'Subject for Membership Renewal','2010-09-14 08:09:18',5,NULL,NULL,NULL,NULL,2,NULL,NULL,0,NULL,0,NULL,1,NULL,NULL,0),(87,49,NULL,8,'Subject for Membership Renewal','2010-11-08 09:36:07',5,NULL,NULL,NULL,NULL,2,NULL,NULL,0,NULL,0,NULL,1,NULL,NULL,0),(88,49,NULL,8,'Subject for Membership Renewal','2010-12-20 02:34:09',6,NULL,NULL,NULL,NULL,2,NULL,NULL,0,NULL,0,NULL,1,NULL,NULL,0),(89,49,NULL,10,'Subject for Pledge Acknowledgment','2010-02-15 03:00:04',5,NULL,NULL,NULL,NULL,2,NULL,NULL,0,NULL,0,NULL,1,NULL,NULL,0),(90,49,NULL,9,'Subject for Tell a Friend','2010-11-10 11:53:07',4,NULL,NULL,NULL,NULL,2,NULL,NULL,0,NULL,0,NULL,1,NULL,NULL,0),(91,49,NULL,10,'Subject for Pledge Acknowledgment','2010-05-16 11:39:34',3,NULL,NULL,NULL,NULL,2,NULL,NULL,0,NULL,0,NULL,1,NULL,NULL,0),(92,49,NULL,7,'Subject for Membership Signup','2010-11-14 07:03:29',6,NULL,NULL,NULL,NULL,2,NULL,NULL,0,NULL,0,NULL,1,NULL,NULL,0),(93,49,NULL,9,'Subject for Tell a Friend','2010-05-06 02:10:18',3,NULL,NULL,NULL,NULL,2,NULL,NULL,0,NULL,0,NULL,1,NULL,NULL,0),(94,49,NULL,9,'Subject for Tell a Friend','2010-08-22 02:23:49',5,NULL,NULL,NULL,NULL,2,NULL,NULL,0,NULL,0,NULL,1,NULL,NULL,0),(95,49,NULL,9,'Subject for Tell a Friend','2010-03-11 07:49:11',4,NULL,NULL,NULL,NULL,2,NULL,NULL,0,NULL,0,NULL,1,NULL,NULL,0),(96,49,NULL,10,'Subject for Pledge Acknowledgment','2010-05-13 03:30:40',1,NULL,NULL,NULL,NULL,2,NULL,NULL,0,NULL,0,NULL,1,NULL,NULL,0),(97,49,NULL,7,'Subject for Membership Signup','2010-06-09 08:41:17',5,NULL,NULL,NULL,NULL,2,NULL,NULL,0,NULL,0,NULL,1,NULL,NULL,0),(98,49,NULL,9,'Subject for Tell a Friend','2011-01-05 09:29:13',2,NULL,NULL,NULL,NULL,2,NULL,NULL,0,NULL,0,NULL,1,NULL,NULL,0),(99,49,NULL,9,'Subject for Tell a Friend','2010-05-26 09:17:27',1,NULL,NULL,NULL,NULL,2,NULL,NULL,0,NULL,0,NULL,1,NULL,NULL,0),(100,49,NULL,8,'Subject for Membership Renewal','2010-08-08 01:47:50',3,NULL,NULL,NULL,NULL,2,NULL,NULL,0,NULL,0,NULL,1,NULL,NULL,0),(101,49,NULL,7,'Subject for Membership Signup','2010-12-09 12:30:24',4,NULL,NULL,NULL,NULL,2,NULL,NULL,0,NULL,0,NULL,1,NULL,NULL,0),(102,49,NULL,10,'Subject for Pledge Acknowledgment','2010-06-19 10:38:27',3,NULL,NULL,NULL,NULL,2,NULL,NULL,0,NULL,0,NULL,1,NULL,NULL,0),(103,49,NULL,10,'Subject for Pledge Acknowledgment','2010-05-29 06:41:10',2,NULL,NULL,NULL,NULL,2,NULL,NULL,0,NULL,0,NULL,1,NULL,NULL,0),(104,49,NULL,8,'Subject for Membership Renewal','2010-05-26 09:15:10',1,NULL,NULL,NULL,NULL,2,NULL,NULL,0,NULL,0,NULL,1,NULL,NULL,0),(105,49,NULL,9,'Subject for Tell a Friend','2010-08-28 06:31:49',5,NULL,NULL,NULL,NULL,2,NULL,NULL,0,NULL,0,NULL,1,NULL,NULL,0),(106,49,NULL,9,'Subject for Tell a Friend','2011-01-16 03:49:14',3,NULL,NULL,NULL,NULL,2,NULL,NULL,0,NULL,0,NULL,1,NULL,NULL,0),(107,49,NULL,9,'Subject for Tell a Friend','2010-10-12 06:10:17',2,NULL,NULL,NULL,NULL,2,NULL,NULL,0,NULL,0,NULL,1,NULL,NULL,0),(108,49,NULL,8,'Subject for Membership Renewal','2010-06-06 06:34:56',1,NULL,NULL,NULL,NULL,2,NULL,NULL,0,NULL,0,NULL,1,NULL,NULL,0),(109,49,NULL,7,'Subject for Membership Signup','2010-07-10 12:31:00',2,NULL,NULL,NULL,NULL,2,NULL,NULL,0,NULL,0,NULL,1,NULL,NULL,0),(110,49,NULL,9,'Subject for Tell a Friend','2010-10-12 01:29:52',3,NULL,NULL,NULL,NULL,2,NULL,NULL,0,NULL,0,NULL,1,NULL,NULL,0),(111,49,NULL,7,'Subject for Membership Signup','2010-09-11 08:50:03',1,NULL,NULL,NULL,NULL,2,NULL,NULL,0,NULL,0,NULL,1,NULL,NULL,0),(112,49,NULL,10,'Subject for Pledge Acknowledgment','2010-12-01 02:05:37',3,NULL,NULL,NULL,NULL,2,NULL,NULL,0,NULL,0,NULL,1,NULL,NULL,0),(113,49,NULL,7,'Subject for Membership Signup','2010-04-01 11:53:17',1,NULL,NULL,NULL,NULL,2,NULL,NULL,0,NULL,0,NULL,1,NULL,NULL,0),(114,49,NULL,9,'Subject for Tell a Friend','2010-06-26 10:38:32',5,NULL,NULL,NULL,NULL,2,NULL,NULL,0,NULL,0,NULL,1,NULL,NULL,0),(115,49,NULL,8,'Subject for Membership Renewal','2010-04-30 03:10:30',1,NULL,NULL,NULL,NULL,2,NULL,NULL,0,NULL,0,NULL,1,NULL,NULL,0),(116,49,NULL,10,'Subject for Pledge Acknowledgment','2011-01-21 01:08:06',6,NULL,NULL,NULL,NULL,2,NULL,NULL,0,NULL,0,NULL,1,NULL,NULL,0),(117,49,NULL,10,'Subject for Pledge Acknowledgment','2010-03-06 01:35:00',2,NULL,NULL,NULL,NULL,2,NULL,NULL,0,NULL,0,NULL,1,NULL,NULL,0),(118,49,NULL,7,'Subject for Membership Signup','2011-01-17 01:32:58',5,NULL,NULL,NULL,NULL,2,NULL,NULL,0,NULL,0,NULL,1,NULL,NULL,0),(119,49,NULL,8,'Subject for Membership Renewal','2010-06-06 04:32:56',4,NULL,NULL,NULL,NULL,2,NULL,NULL,0,NULL,0,NULL,1,NULL,NULL,0),(120,49,NULL,10,'Subject for Pledge Acknowledgment','2010-03-16 09:07:55',6,NULL,NULL,NULL,NULL,2,NULL,NULL,0,NULL,0,NULL,1,NULL,NULL,0),(121,49,NULL,8,'Subject for Membership Renewal','2010-05-13 03:42:17',3,NULL,NULL,NULL,NULL,2,NULL,NULL,0,NULL,0,NULL,1,NULL,NULL,0),(122,49,NULL,9,'Subject for Tell a Friend','2010-07-03 04:57:57',3,NULL,NULL,NULL,NULL,2,NULL,NULL,0,NULL,0,NULL,1,NULL,NULL,0),(123,49,NULL,9,'Subject for Tell a Friend','2010-06-28 10:50:03',2,NULL,NULL,NULL,NULL,2,NULL,NULL,0,NULL,0,NULL,1,NULL,NULL,0),(124,49,NULL,7,'Subject for Membership Signup','2011-01-03 08:14:05',1,NULL,NULL,NULL,NULL,2,NULL,NULL,0,NULL,0,NULL,1,NULL,NULL,0),(125,49,NULL,10,'Subject for Pledge Acknowledgment','2010-05-01 07:01:36',5,NULL,NULL,NULL,NULL,2,NULL,NULL,0,NULL,0,NULL,1,NULL,NULL,0),(126,49,NULL,7,'Subject for Membership Signup','2010-04-06 12:44:36',4,NULL,NULL,NULL,NULL,2,NULL,NULL,0,NULL,0,NULL,1,NULL,NULL,0),(127,49,NULL,7,'Subject for Membership Signup','2010-11-15 10:30:14',2,NULL,NULL,NULL,NULL,2,NULL,NULL,0,NULL,0,NULL,1,NULL,NULL,0),(128,49,NULL,7,'Subject for Membership Signup','2010-11-16 10:16:41',3,NULL,NULL,NULL,NULL,2,NULL,NULL,0,NULL,0,NULL,1,NULL,NULL,0),(129,49,NULL,8,'Subject for Membership Renewal','2010-09-29 07:45:48',1,NULL,NULL,NULL,NULL,2,NULL,NULL,0,NULL,0,NULL,1,NULL,NULL,0),(130,49,NULL,10,'Subject for Pledge Acknowledgment','2010-07-05 10:31:20',2,NULL,NULL,NULL,NULL,2,NULL,NULL,0,NULL,0,NULL,1,NULL,NULL,0),(131,49,NULL,10,'Subject for Pledge Acknowledgment','2010-10-04 11:12:06',4,NULL,NULL,NULL,NULL,2,NULL,NULL,0,NULL,0,NULL,1,NULL,NULL,0),(132,49,NULL,7,'Subject for Membership Signup','2010-06-30 04:42:35',3,NULL,NULL,NULL,NULL,2,NULL,NULL,0,NULL,0,NULL,1,NULL,NULL,0),(133,49,NULL,8,'Subject for Membership Renewal','2010-04-13 01:01:40',4,NULL,NULL,NULL,NULL,2,NULL,NULL,0,NULL,0,NULL,1,NULL,NULL,0),(134,49,NULL,9,'Subject for Tell a Friend','2011-01-25 03:52:12',2,NULL,NULL,NULL,NULL,2,NULL,NULL,0,NULL,0,NULL,1,NULL,NULL,0),(135,49,NULL,7,'Subject for Membership Signup','2010-03-15 10:04:52',4,NULL,NULL,NULL,NULL,2,NULL,NULL,0,NULL,0,NULL,1,NULL,NULL,0),(136,49,NULL,10,'Subject for Pledge Acknowledgment','2010-12-27 12:58:32',2,NULL,NULL,NULL,NULL,2,NULL,NULL,0,NULL,0,NULL,1,NULL,NULL,0),(137,49,NULL,7,'Subject for Membership Signup','2010-12-24 03:09:12',3,NULL,NULL,NULL,NULL,2,NULL,NULL,0,NULL,0,NULL,1,NULL,NULL,0),(138,49,NULL,8,'Subject for Membership Renewal','2010-12-12 02:09:16',1,NULL,NULL,NULL,NULL,2,NULL,NULL,0,NULL,0,NULL,1,NULL,NULL,0),(139,49,NULL,8,'Subject for Membership Renewal','2010-12-10 02:14:17',5,NULL,NULL,NULL,NULL,2,NULL,NULL,0,NULL,0,NULL,1,NULL,NULL,0),(140,49,NULL,8,'Subject for Membership Renewal','2010-11-19 07:19:20',2,NULL,NULL,NULL,NULL,2,NULL,NULL,0,NULL,0,NULL,1,NULL,NULL,0),(141,49,NULL,8,'Subject for Membership Renewal','2010-11-08 11:53:23',5,NULL,NULL,NULL,NULL,2,NULL,NULL,0,NULL,0,NULL,1,NULL,NULL,0),(142,49,NULL,7,'Subject for Membership Signup','2010-09-04 03:01:28',2,NULL,NULL,NULL,NULL,2,NULL,NULL,0,NULL,0,NULL,1,NULL,NULL,0),(143,49,NULL,9,'Subject for Tell a Friend','2010-02-15 05:26:46',6,NULL,NULL,NULL,NULL,2,NULL,NULL,0,NULL,0,NULL,1,NULL,NULL,0),(144,49,NULL,10,'Subject for Pledge Acknowledgment','2010-08-04 03:21:52',1,NULL,NULL,NULL,NULL,2,NULL,NULL,0,NULL,0,NULL,1,NULL,NULL,0),(145,49,NULL,8,'Subject for Membership Renewal','2010-04-20 02:42:12',3,NULL,NULL,NULL,NULL,2,NULL,NULL,0,NULL,0,NULL,1,NULL,NULL,0),(146,49,NULL,9,'Subject for Tell a Friend','2010-05-28 04:25:27',1,NULL,NULL,NULL,NULL,2,NULL,NULL,0,NULL,0,NULL,1,NULL,NULL,0),(147,49,NULL,7,'Subject for Membership Signup','2010-07-29 02:05:15',4,NULL,NULL,NULL,NULL,2,NULL,NULL,0,NULL,0,NULL,1,NULL,NULL,0),(148,49,NULL,8,'Subject for Membership Renewal','2010-11-12 01:57:45',6,NULL,NULL,NULL,NULL,2,NULL,NULL,0,NULL,0,NULL,1,NULL,NULL,0),(149,49,NULL,7,'Subject for Membership Signup','2010-05-26 07:22:30',4,NULL,NULL,NULL,NULL,2,NULL,NULL,0,NULL,0,NULL,1,NULL,NULL,0),(150,49,NULL,9,'Subject for Tell a Friend','2011-02-04 07:17:28',5,NULL,NULL,NULL,NULL,2,NULL,NULL,0,NULL,0,NULL,1,NULL,NULL,0),(151,35,NULL,7,'Subject for Membership Signup','2010-03-06 09:17:13',1,NULL,NULL,NULL,NULL,2,NULL,NULL,0,NULL,0,NULL,1,NULL,NULL,0),(152,35,NULL,8,'Subject for Membership Renewal','2010-09-18 05:48:55',6,NULL,NULL,NULL,NULL,2,NULL,NULL,0,NULL,0,NULL,1,NULL,NULL,0),(153,35,NULL,9,'Subject for Tell a Friend','2010-06-17 10:06:06',4,NULL,NULL,NULL,NULL,2,NULL,NULL,0,NULL,0,NULL,1,NULL,NULL,0),(154,35,NULL,7,'Subject for Membership Signup','2011-01-19 07:45:58',5,NULL,NULL,NULL,NULL,2,NULL,NULL,0,NULL,0,NULL,1,NULL,NULL,0),(155,35,NULL,9,'Subject for Tell a Friend','2010-06-03 12:30:38',1,NULL,NULL,NULL,NULL,2,NULL,NULL,0,NULL,0,NULL,1,NULL,NULL,0),(156,35,NULL,9,'Subject for Tell a Friend','2010-12-25 03:25:02',2,NULL,NULL,NULL,NULL,2,NULL,NULL,0,NULL,0,NULL,1,NULL,NULL,0),(157,35,NULL,7,'Subject for Membership Signup','2010-09-24 02:07:49',5,NULL,NULL,NULL,NULL,2,NULL,NULL,0,NULL,0,NULL,1,NULL,NULL,0),(158,35,NULL,9,'Subject for Tell a Friend','2010-09-30 08:15:38',4,NULL,NULL,NULL,NULL,2,NULL,NULL,0,NULL,0,NULL,1,NULL,NULL,0),(159,35,NULL,10,'Subject for Pledge Acknowledgment','2010-08-22 06:26:21',5,NULL,NULL,NULL,NULL,2,NULL,NULL,0,NULL,0,NULL,1,NULL,NULL,0),(160,35,NULL,7,'Subject for Membership Signup','2010-02-20 04:25:44',3,NULL,NULL,NULL,NULL,2,NULL,NULL,0,NULL,0,NULL,1,NULL,NULL,0),(161,35,NULL,7,'Subject for Membership Signup','2010-09-02 03:05:47',2,NULL,NULL,NULL,NULL,2,NULL,NULL,0,NULL,0,NULL,1,NULL,NULL,0),(162,35,NULL,10,'Subject for Pledge Acknowledgment','2010-07-07 04:13:48',3,NULL,NULL,NULL,NULL,2,NULL,NULL,0,NULL,0,NULL,1,NULL,NULL,0),(163,35,NULL,8,'Subject for Membership Renewal','2010-09-29 01:57:15',3,NULL,NULL,NULL,NULL,2,NULL,NULL,0,NULL,0,NULL,1,NULL,NULL,0),(164,35,NULL,10,'Subject for Pledge Acknowledgment','2010-03-30 02:56:30',3,NULL,NULL,NULL,NULL,2,NULL,NULL,0,NULL,0,NULL,1,NULL,NULL,0),(165,35,NULL,7,'Subject for Membership Signup','2010-10-11 02:16:27',4,NULL,NULL,NULL,NULL,2,NULL,NULL,0,NULL,0,NULL,1,NULL,NULL,0),(166,35,NULL,8,'Subject for Membership Renewal','2010-10-10 11:17:18',2,NULL,NULL,NULL,NULL,2,NULL,NULL,0,NULL,0,NULL,1,NULL,NULL,0),(167,35,NULL,9,'Subject for Tell a Friend','2010-06-16 03:18:34',2,NULL,NULL,NULL,NULL,2,NULL,NULL,0,NULL,0,NULL,1,NULL,NULL,0),(168,35,NULL,7,'Subject for Membership Signup','2010-04-11 12:58:49',6,NULL,NULL,NULL,NULL,2,NULL,NULL,0,NULL,0,NULL,1,NULL,NULL,0),(169,35,NULL,8,'Subject for Membership Renewal','2010-12-02 08:35:41',6,NULL,NULL,NULL,NULL,2,NULL,NULL,0,NULL,0,NULL,1,NULL,NULL,0),(170,35,NULL,9,'Subject for Tell a Friend','2010-10-02 02:10:27',5,NULL,NULL,NULL,NULL,2,NULL,NULL,0,NULL,0,NULL,1,NULL,NULL,0),(171,35,NULL,8,'Subject for Membership Renewal','2011-01-08 09:42:34',2,NULL,NULL,NULL,NULL,2,NULL,NULL,0,NULL,0,NULL,1,NULL,NULL,0),(172,35,NULL,7,'Subject for Membership Signup','2010-10-26 11:16:03',2,NULL,NULL,NULL,NULL,2,NULL,NULL,0,NULL,0,NULL,1,NULL,NULL,0),(173,35,NULL,10,'Subject for Pledge Acknowledgment','2010-11-24 12:04:57',6,NULL,NULL,NULL,NULL,2,NULL,NULL,0,NULL,0,NULL,1,NULL,NULL,0),(174,35,NULL,9,'Subject for Tell a Friend','2010-07-06 02:55:27',6,NULL,NULL,NULL,NULL,2,NULL,NULL,0,NULL,0,NULL,1,NULL,NULL,0),(175,35,NULL,8,'Subject for Membership Renewal','2010-02-20 12:28:06',5,NULL,NULL,NULL,NULL,2,NULL,NULL,0,NULL,0,NULL,1,NULL,NULL,0),(176,35,NULL,7,'Subject for Membership Signup','2010-09-11 05:06:42',6,NULL,NULL,NULL,NULL,2,NULL,NULL,0,NULL,0,NULL,1,NULL,NULL,0),(177,35,NULL,8,'Subject for Membership Renewal','2011-01-18 07:53:14',3,NULL,NULL,NULL,NULL,2,NULL,NULL,0,NULL,0,NULL,1,NULL,NULL,0),(178,35,NULL,8,'Subject for Membership Renewal','2010-09-02 11:28:44',1,NULL,NULL,NULL,NULL,2,NULL,NULL,0,NULL,0,NULL,1,NULL,NULL,0),(179,35,NULL,8,'Subject for Membership Renewal','2011-01-03 05:11:17',3,NULL,NULL,NULL,NULL,2,NULL,NULL,0,NULL,0,NULL,1,NULL,NULL,0),(180,35,NULL,10,'Subject for Pledge Acknowledgment','2010-03-21 01:22:29',5,NULL,NULL,NULL,NULL,2,NULL,NULL,0,NULL,0,NULL,1,NULL,NULL,0),(181,35,NULL,7,'Subject for Membership Signup','2010-04-01 08:49:35',1,NULL,NULL,NULL,NULL,2,NULL,NULL,0,NULL,0,NULL,1,NULL,NULL,0),(182,35,NULL,7,'Subject for Membership Signup','2010-10-26 03:31:43',1,NULL,NULL,NULL,NULL,2,NULL,NULL,0,NULL,0,NULL,1,NULL,NULL,0),(183,35,NULL,9,'Subject for Tell a Friend','2010-06-30 08:04:55',4,NULL,NULL,NULL,NULL,2,NULL,NULL,0,NULL,0,NULL,1,NULL,NULL,0),(184,35,NULL,10,'Subject for Pledge Acknowledgment','2010-03-16 07:02:35',1,NULL,NULL,NULL,NULL,2,NULL,NULL,0,NULL,0,NULL,1,NULL,NULL,0),(185,35,NULL,8,'Subject for Membership Renewal','2010-12-16 06:32:09',1,NULL,NULL,NULL,NULL,2,NULL,NULL,0,NULL,0,NULL,1,NULL,NULL,0),(186,35,NULL,10,'Subject for Pledge Acknowledgment','2010-07-15 06:07:42',2,NULL,NULL,NULL,NULL,2,NULL,NULL,0,NULL,0,NULL,1,NULL,NULL,0),(187,35,NULL,10,'Subject for Pledge Acknowledgment','2010-02-05 07:32:57',2,NULL,NULL,NULL,NULL,2,NULL,NULL,0,NULL,0,NULL,1,NULL,NULL,0),(188,35,NULL,8,'Subject for Membership Renewal','2011-01-27 12:39:23',3,NULL,NULL,NULL,NULL,2,NULL,NULL,0,NULL,0,NULL,1,NULL,NULL,0),(189,35,NULL,8,'Subject for Membership Renewal','2010-07-02 01:21:46',4,NULL,NULL,NULL,NULL,2,NULL,NULL,0,NULL,0,NULL,1,NULL,NULL,0),(190,35,NULL,9,'Subject for Tell a Friend','2010-09-06 10:46:33',4,NULL,NULL,NULL,NULL,2,NULL,NULL,0,NULL,0,NULL,1,NULL,NULL,0),(191,35,NULL,10,'Subject for Pledge Acknowledgment','2010-02-24 03:48:04',4,NULL,NULL,NULL,NULL,2,NULL,NULL,0,NULL,0,NULL,1,NULL,NULL,0),(192,35,NULL,9,'Subject for Tell a Friend','2011-01-17 08:19:28',3,NULL,NULL,NULL,NULL,2,NULL,NULL,0,NULL,0,NULL,1,NULL,NULL,0),(193,35,NULL,9,'Subject for Tell a Friend','2010-11-10 05:22:46',2,NULL,NULL,NULL,NULL,2,NULL,NULL,0,NULL,0,NULL,1,NULL,NULL,0),(194,35,NULL,7,'Subject for Membership Signup','2010-08-30 09:39:06',3,NULL,NULL,NULL,NULL,2,NULL,NULL,0,NULL,0,NULL,1,NULL,NULL,0),(195,35,NULL,9,'Subject for Tell a Friend','2010-07-03 02:04:46',1,NULL,NULL,NULL,NULL,2,NULL,NULL,0,NULL,0,NULL,1,NULL,NULL,0),(196,35,NULL,7,'Subject for Membership Signup','2010-06-02 04:53:24',3,NULL,NULL,NULL,NULL,2,NULL,NULL,0,NULL,0,NULL,1,NULL,NULL,0),(197,35,NULL,8,'Subject for Membership Renewal','2010-12-01 03:48:57',1,NULL,NULL,NULL,NULL,2,NULL,NULL,0,NULL,0,NULL,1,NULL,NULL,0),(198,35,NULL,9,'Subject for Tell a Friend','2010-08-21 05:37:50',5,NULL,NULL,NULL,NULL,2,NULL,NULL,0,NULL,0,NULL,1,NULL,NULL,0),(199,35,NULL,8,'Subject for Membership Renewal','2010-04-05 10:35:25',1,NULL,NULL,NULL,NULL,2,NULL,NULL,0,NULL,0,NULL,1,NULL,NULL,0),(200,35,NULL,9,'Subject for Tell a Friend','2010-11-01 06:25:59',1,NULL,NULL,NULL,NULL,2,NULL,NULL,0,NULL,0,NULL,1,NULL,NULL,0),(201,35,NULL,9,'Subject for Tell a Friend','2010-08-18 06:39:56',2,NULL,NULL,NULL,NULL,2,NULL,NULL,0,NULL,0,NULL,1,NULL,NULL,0),(202,35,NULL,10,'Subject for Pledge Acknowledgment','2010-09-09 01:19:01',2,NULL,NULL,NULL,NULL,2,NULL,NULL,0,NULL,0,NULL,1,NULL,NULL,0),(203,35,NULL,7,'Subject for Membership Signup','2010-05-21 09:43:11',1,NULL,NULL,NULL,NULL,2,NULL,NULL,0,NULL,0,NULL,1,NULL,NULL,0),(204,35,NULL,10,'Subject for Pledge Acknowledgment','2010-04-25 11:10:48',5,NULL,NULL,NULL,NULL,2,NULL,NULL,0,NULL,0,NULL,1,NULL,NULL,0),(205,35,NULL,8,'Subject for Membership Renewal','2010-08-09 03:09:14',6,NULL,NULL,NULL,NULL,2,NULL,NULL,0,NULL,0,NULL,1,NULL,NULL,0),(206,35,NULL,7,'Subject for Membership Signup','2010-09-03 10:47:56',4,NULL,NULL,NULL,NULL,2,NULL,NULL,0,NULL,0,NULL,1,NULL,NULL,0),(207,35,NULL,8,'Subject for Membership Renewal','2010-11-14 08:13:27',3,NULL,NULL,NULL,NULL,2,NULL,NULL,0,NULL,0,NULL,1,NULL,NULL,0),(208,35,NULL,9,'Subject for Tell a Friend','2010-10-21 03:48:49',6,NULL,NULL,NULL,NULL,2,NULL,NULL,0,NULL,0,NULL,1,NULL,NULL,0),(209,35,NULL,8,'Subject for Membership Renewal','2010-07-19 09:00:09',4,NULL,NULL,NULL,NULL,2,NULL,NULL,0,NULL,0,NULL,1,NULL,NULL,0),(210,35,NULL,10,'Subject for Pledge Acknowledgment','2011-01-04 10:05:26',6,NULL,NULL,NULL,NULL,2,NULL,NULL,0,NULL,0,NULL,1,NULL,NULL,0),(211,35,NULL,10,'Subject for Pledge Acknowledgment','2010-03-02 11:26:01',3,NULL,NULL,NULL,NULL,2,NULL,NULL,0,NULL,0,NULL,1,NULL,NULL,0),(212,35,NULL,7,'Subject for Membership Signup','2010-09-07 02:31:33',4,NULL,NULL,NULL,NULL,2,NULL,NULL,0,NULL,0,NULL,1,NULL,NULL,0),(213,35,NULL,8,'Subject for Membership Renewal','2010-05-20 04:43:24',3,NULL,NULL,NULL,NULL,2,NULL,NULL,0,NULL,0,NULL,1,NULL,NULL,0),(214,35,NULL,10,'Subject for Pledge Acknowledgment','2010-05-28 09:56:43',6,NULL,NULL,NULL,NULL,2,NULL,NULL,0,NULL,0,NULL,1,NULL,NULL,0),(215,35,NULL,8,'Subject for Membership Renewal','2010-04-05 07:43:52',2,NULL,NULL,NULL,NULL,2,NULL,NULL,0,NULL,0,NULL,1,NULL,NULL,0),(216,35,NULL,8,'Subject for Membership Renewal','2010-04-02 04:34:03',5,NULL,NULL,NULL,NULL,2,NULL,NULL,0,NULL,0,NULL,1,NULL,NULL,0),(217,35,NULL,8,'Subject for Membership Renewal','2010-08-21 10:51:36',2,NULL,NULL,NULL,NULL,2,NULL,NULL,0,NULL,0,NULL,1,NULL,NULL,0),(218,35,NULL,9,'Subject for Tell a Friend','2010-02-08 12:36:24',6,NULL,NULL,NULL,NULL,2,NULL,NULL,0,NULL,0,NULL,1,NULL,NULL,0),(219,35,NULL,9,'Subject for Tell a Friend','2010-02-16 03:25:06',4,NULL,NULL,NULL,NULL,2,NULL,NULL,0,NULL,0,NULL,1,NULL,NULL,0),(220,35,NULL,10,'Subject for Pledge Acknowledgment','2010-10-04 11:40:05',2,NULL,NULL,NULL,NULL,2,NULL,NULL,0,NULL,0,NULL,1,NULL,NULL,0),(221,35,NULL,8,'Subject for Membership Renewal','2010-04-13 05:30:27',2,NULL,NULL,NULL,NULL,2,NULL,NULL,0,NULL,0,NULL,1,NULL,NULL,0),(222,35,NULL,7,'Subject for Membership Signup','2010-05-20 05:48:19',2,NULL,NULL,NULL,NULL,2,NULL,NULL,0,NULL,0,NULL,1,NULL,NULL,0),(223,35,NULL,7,'Subject for Membership Signup','2010-03-10 12:05:37',6,NULL,NULL,NULL,NULL,2,NULL,NULL,0,NULL,0,NULL,1,NULL,NULL,0),(224,35,NULL,7,'Subject for Membership Signup','2010-07-03 07:51:35',3,NULL,NULL,NULL,NULL,2,NULL,NULL,0,NULL,0,NULL,1,NULL,NULL,0),(225,35,NULL,7,'Subject for Membership Signup','2010-04-30 06:21:45',1,NULL,NULL,NULL,NULL,2,NULL,NULL,0,NULL,0,NULL,1,NULL,NULL,0),(226,35,NULL,9,'Subject for Tell a Friend','2010-07-10 05:34:15',5,NULL,NULL,NULL,NULL,2,NULL,NULL,0,NULL,0,NULL,1,NULL,NULL,0),(227,35,NULL,10,'Subject for Pledge Acknowledgment','2010-08-31 02:17:22',6,NULL,NULL,NULL,NULL,2,NULL,NULL,0,NULL,0,NULL,1,NULL,NULL,0),(228,35,NULL,10,'Subject for Pledge Acknowledgment','2010-03-04 09:28:08',2,NULL,NULL,NULL,NULL,2,NULL,NULL,0,NULL,0,NULL,1,NULL,NULL,0),(229,35,NULL,8,'Subject for Membership Renewal','2010-08-02 09:45:43',3,NULL,NULL,NULL,NULL,2,NULL,NULL,0,NULL,0,NULL,1,NULL,NULL,0),(230,35,NULL,9,'Subject for Tell a Friend','2010-10-25 11:38:49',4,NULL,NULL,NULL,NULL,2,NULL,NULL,0,NULL,0,NULL,1,NULL,NULL,0),(231,35,NULL,10,'Subject for Pledge Acknowledgment','2010-04-04 05:09:20',2,NULL,NULL,NULL,NULL,2,NULL,NULL,0,NULL,0,NULL,1,NULL,NULL,0),(232,35,NULL,10,'Subject for Pledge Acknowledgment','2010-05-18 03:22:00',1,NULL,NULL,NULL,NULL,2,NULL,NULL,0,NULL,0,NULL,1,NULL,NULL,0),(233,35,NULL,9,'Subject for Tell a Friend','2010-12-29 04:05:20',6,NULL,NULL,NULL,NULL,2,NULL,NULL,0,NULL,0,NULL,1,NULL,NULL,0),(234,35,NULL,10,'Subject for Pledge Acknowledgment','2010-02-10 04:59:17',1,NULL,NULL,NULL,NULL,2,NULL,NULL,0,NULL,0,NULL,1,NULL,NULL,0),(235,35,NULL,9,'Subject for Tell a Friend','2010-11-15 02:25:41',1,NULL,NULL,NULL,NULL,2,NULL,NULL,0,NULL,0,NULL,1,NULL,NULL,0),(236,35,NULL,9,'Subject for Tell a Friend','2010-11-12 07:43:23',6,NULL,NULL,NULL,NULL,2,NULL,NULL,0,NULL,0,NULL,1,NULL,NULL,0),(237,35,NULL,7,'Subject for Membership Signup','2010-05-19 10:11:23',6,NULL,NULL,NULL,NULL,2,NULL,NULL,0,NULL,0,NULL,1,NULL,NULL,0),(238,35,NULL,7,'Subject for Membership Signup','2010-09-15 05:40:55',2,NULL,NULL,NULL,NULL,2,NULL,NULL,0,NULL,0,NULL,1,NULL,NULL,0),(239,35,NULL,8,'Subject for Membership Renewal','2010-05-24 06:36:27',4,NULL,NULL,NULL,NULL,2,NULL,NULL,0,NULL,0,NULL,1,NULL,NULL,0),(240,35,NULL,10,'Subject for Pledge Acknowledgment','2010-11-26 07:56:07',1,NULL,NULL,NULL,NULL,2,NULL,NULL,0,NULL,0,NULL,1,NULL,NULL,0),(241,35,NULL,8,'Subject for Membership Renewal','2010-03-29 05:52:08',4,NULL,NULL,NULL,NULL,2,NULL,NULL,0,NULL,0,NULL,1,NULL,NULL,0),(242,35,NULL,9,'Subject for Tell a Friend','2010-03-21 10:08:28',5,NULL,NULL,NULL,NULL,2,NULL,NULL,0,NULL,0,NULL,1,NULL,NULL,0),(243,35,NULL,10,'Subject for Pledge Acknowledgment','2011-01-20 01:46:31',5,NULL,NULL,NULL,NULL,2,NULL,NULL,0,NULL,0,NULL,1,NULL,NULL,0),(244,35,NULL,9,'Subject for Tell a Friend','2010-10-20 12:32:20',3,NULL,NULL,NULL,NULL,2,NULL,NULL,0,NULL,0,NULL,1,NULL,NULL,0),(245,35,NULL,9,'Subject for Tell a Friend','2010-02-06 01:16:47',3,NULL,NULL,NULL,NULL,2,NULL,NULL,0,NULL,0,NULL,1,NULL,NULL,0),(246,35,NULL,8,'Subject for Membership Renewal','2010-11-04 04:01:56',5,NULL,NULL,NULL,NULL,2,NULL,NULL,0,NULL,0,NULL,1,NULL,NULL,0),(247,35,NULL,7,'Subject for Membership Signup','2010-11-09 10:57:57',6,NULL,NULL,NULL,NULL,2,NULL,NULL,0,NULL,0,NULL,1,NULL,NULL,0),(248,35,NULL,7,'Subject for Membership Signup','2010-09-29 06:01:11',4,NULL,NULL,NULL,NULL,2,NULL,NULL,0,NULL,0,NULL,1,NULL,NULL,0),(249,35,NULL,8,'Subject for Membership Renewal','2011-02-02 01:40:50',4,NULL,NULL,NULL,NULL,2,NULL,NULL,0,NULL,0,NULL,1,NULL,NULL,0),(250,35,NULL,10,'Subject for Pledge Acknowledgment','2010-05-09 07:56:00',4,NULL,NULL,NULL,NULL,2,NULL,NULL,0,NULL,0,NULL,1,NULL,NULL,0),(251,35,NULL,8,'Subject for Membership Renewal','2010-09-20 02:57:17',4,NULL,NULL,NULL,NULL,2,NULL,NULL,0,NULL,0,NULL,1,NULL,NULL,0),(252,35,NULL,8,'Subject for Membership Renewal','2011-01-31 02:13:46',3,NULL,NULL,NULL,NULL,2,NULL,NULL,0,NULL,0,NULL,1,NULL,NULL,0),(253,35,NULL,8,'Subject for Membership Renewal','2010-06-26 08:23:08',6,NULL,NULL,NULL,NULL,2,NULL,NULL,0,NULL,0,NULL,1,NULL,NULL,0),(254,35,NULL,10,'Subject for Pledge Acknowledgment','2010-05-20 12:20:08',6,NULL,NULL,NULL,NULL,2,NULL,NULL,0,NULL,0,NULL,1,NULL,NULL,0),(255,35,NULL,10,'Subject for Pledge Acknowledgment','2010-05-23 05:36:53',3,NULL,NULL,NULL,NULL,2,NULL,NULL,0,NULL,0,NULL,1,NULL,NULL,0),(256,35,NULL,7,'Subject for Membership Signup','2010-04-13 10:22:08',3,NULL,NULL,NULL,NULL,2,NULL,NULL,0,NULL,0,NULL,1,NULL,NULL,0),(257,35,NULL,8,'Subject for Membership Renewal','2011-01-15 12:07:39',1,NULL,NULL,NULL,NULL,2,NULL,NULL,0,NULL,0,NULL,1,NULL,NULL,0),(258,35,NULL,10,'Subject for Pledge Acknowledgment','2010-03-07 02:39:16',1,NULL,NULL,NULL,NULL,2,NULL,NULL,0,NULL,0,NULL,1,NULL,NULL,0),(259,35,NULL,7,'Subject for Membership Signup','2010-10-18 05:36:37',2,NULL,NULL,NULL,NULL,2,NULL,NULL,0,NULL,0,NULL,1,NULL,NULL,0),(260,35,NULL,8,'Subject for Membership Renewal','2010-10-05 03:59:12',5,NULL,NULL,NULL,NULL,2,NULL,NULL,0,NULL,0,NULL,1,NULL,NULL,0),(261,35,NULL,9,'Subject for Tell a Friend','2010-11-11 05:26:39',2,NULL,NULL,NULL,NULL,2,NULL,NULL,0,NULL,0,NULL,1,NULL,NULL,0),(262,35,NULL,8,'Subject for Membership Renewal','2010-12-22 05:22:59',1,NULL,NULL,NULL,NULL,2,NULL,NULL,0,NULL,0,NULL,1,NULL,NULL,0),(263,35,NULL,8,'Subject for Membership Renewal','2010-04-12 10:48:33',2,NULL,NULL,NULL,NULL,2,NULL,NULL,0,NULL,0,NULL,1,NULL,NULL,0),(264,35,NULL,9,'Subject for Tell a Friend','2010-02-20 05:34:05',5,NULL,NULL,NULL,NULL,2,NULL,NULL,0,NULL,0,NULL,1,NULL,NULL,0),(265,35,NULL,10,'Subject for Pledge Acknowledgment','2010-09-19 10:23:20',3,NULL,NULL,NULL,NULL,2,NULL,NULL,0,NULL,0,NULL,1,NULL,NULL,0),(266,35,NULL,10,'Subject for Pledge Acknowledgment','2010-09-07 05:35:00',2,NULL,NULL,NULL,NULL,2,NULL,NULL,0,NULL,0,NULL,1,NULL,NULL,0),(267,35,NULL,10,'Subject for Pledge Acknowledgment','2010-02-16 03:04:48',1,NULL,NULL,NULL,NULL,2,NULL,NULL,0,NULL,0,NULL,1,NULL,NULL,0),(268,35,NULL,8,'Subject for Membership Renewal','2010-03-17 04:33:10',1,NULL,NULL,NULL,NULL,2,NULL,NULL,0,NULL,0,NULL,1,NULL,NULL,0),(269,35,NULL,10,'Subject for Pledge Acknowledgment','2010-06-09 11:27:36',1,NULL,NULL,NULL,NULL,2,NULL,NULL,0,NULL,0,NULL,1,NULL,NULL,0),(270,35,NULL,10,'Subject for Pledge Acknowledgment','2010-12-28 06:34:50',1,NULL,NULL,NULL,NULL,2,NULL,NULL,0,NULL,0,NULL,1,NULL,NULL,0),(271,35,NULL,7,'Subject for Membership Signup','2010-08-11 06:10:12',4,NULL,NULL,NULL,NULL,2,NULL,NULL,0,NULL,0,NULL,1,NULL,NULL,0),(272,35,NULL,10,'Subject for Pledge Acknowledgment','2010-09-24 04:22:17',1,NULL,NULL,NULL,NULL,2,NULL,NULL,0,NULL,0,NULL,1,NULL,NULL,0),(273,35,NULL,10,'Subject for Pledge Acknowledgment','2010-06-18 12:35:50',2,NULL,NULL,NULL,NULL,2,NULL,NULL,0,NULL,0,NULL,1,NULL,NULL,0),(274,35,NULL,9,'Subject for Tell a Friend','2010-12-24 11:52:49',2,NULL,NULL,NULL,NULL,2,NULL,NULL,0,NULL,0,NULL,1,NULL,NULL,0),(275,35,NULL,10,'Subject for Pledge Acknowledgment','2010-02-16 07:38:25',1,NULL,NULL,NULL,NULL,2,NULL,NULL,0,NULL,0,NULL,1,NULL,NULL,0),(276,35,NULL,7,'Subject for Membership Signup','2010-03-10 01:55:29',2,NULL,NULL,NULL,NULL,2,NULL,NULL,0,NULL,0,NULL,1,NULL,NULL,0),(277,35,NULL,7,'Subject for Membership Signup','2010-09-15 02:21:25',6,NULL,NULL,NULL,NULL,2,NULL,NULL,0,NULL,0,NULL,1,NULL,NULL,0),(278,35,NULL,10,'Subject for Pledge Acknowledgment','2010-05-02 01:16:47',6,NULL,NULL,NULL,NULL,2,NULL,NULL,0,NULL,0,NULL,1,NULL,NULL,0),(279,35,NULL,7,'Subject for Membership Signup','2010-04-12 02:30:43',1,NULL,NULL,NULL,NULL,2,NULL,NULL,0,NULL,0,NULL,1,NULL,NULL,0),(280,35,NULL,9,'Subject for Tell a Friend','2010-12-08 06:26:09',5,NULL,NULL,NULL,NULL,2,NULL,NULL,0,NULL,0,NULL,1,NULL,NULL,0),(281,35,NULL,10,'Subject for Pledge Acknowledgment','2010-09-28 03:26:23',4,NULL,NULL,NULL,NULL,2,NULL,NULL,0,NULL,0,NULL,1,NULL,NULL,0),(282,35,NULL,8,'Subject for Membership Renewal','2010-11-30 07:06:05',1,NULL,NULL,NULL,NULL,2,NULL,NULL,0,NULL,0,NULL,1,NULL,NULL,0),(283,35,NULL,10,'Subject for Pledge Acknowledgment','2010-03-11 03:30:32',4,NULL,NULL,NULL,NULL,2,NULL,NULL,0,NULL,0,NULL,1,NULL,NULL,0),(284,35,NULL,7,'Subject for Membership Signup','2010-08-15 07:26:31',6,NULL,NULL,NULL,NULL,2,NULL,NULL,0,NULL,0,NULL,1,NULL,NULL,0),(285,35,NULL,8,'Subject for Membership Renewal','2010-12-19 07:03:07',5,NULL,NULL,NULL,NULL,2,NULL,NULL,0,NULL,0,NULL,1,NULL,NULL,0),(286,35,NULL,10,'Subject for Pledge Acknowledgment','2010-05-21 02:57:20',2,NULL,NULL,NULL,NULL,2,NULL,NULL,0,NULL,0,NULL,1,NULL,NULL,0),(287,35,NULL,9,'Subject for Tell a Friend','2010-10-09 11:36:09',5,NULL,NULL,NULL,NULL,2,NULL,NULL,0,NULL,0,NULL,1,NULL,NULL,0),(288,35,NULL,8,'Subject for Membership Renewal','2010-06-12 05:26:10',4,NULL,NULL,NULL,NULL,2,NULL,NULL,0,NULL,0,NULL,1,NULL,NULL,0),(289,35,NULL,9,'Subject for Tell a Friend','2010-08-25 02:52:07',4,NULL,NULL,NULL,NULL,2,NULL,NULL,0,NULL,0,NULL,1,NULL,NULL,0),(290,35,NULL,10,'Subject for Pledge Acknowledgment','2011-01-04 04:05:01',3,NULL,NULL,NULL,NULL,2,NULL,NULL,0,NULL,0,NULL,1,NULL,NULL,0),(291,35,NULL,10,'Subject for Pledge Acknowledgment','2010-03-03 07:14:33',3,NULL,NULL,NULL,NULL,2,NULL,NULL,0,NULL,0,NULL,1,NULL,NULL,0),(292,35,NULL,9,'Subject for Tell a Friend','2010-07-24 06:10:23',4,NULL,NULL,NULL,NULL,2,NULL,NULL,0,NULL,0,NULL,1,NULL,NULL,0),(293,35,NULL,8,'Subject for Membership Renewal','2010-10-15 02:29:05',5,NULL,NULL,NULL,NULL,2,NULL,NULL,0,NULL,0,NULL,1,NULL,NULL,0),(294,35,NULL,10,'Subject for Pledge Acknowledgment','2010-09-18 07:57:40',4,NULL,NULL,NULL,NULL,2,NULL,NULL,0,NULL,0,NULL,1,NULL,NULL,0),(295,35,NULL,8,'Subject for Membership Renewal','2010-12-25 04:13:18',6,NULL,NULL,NULL,NULL,2,NULL,NULL,0,NULL,0,NULL,1,NULL,NULL,0),(296,35,NULL,8,'Subject for Membership Renewal','2010-12-03 07:17:58',4,NULL,NULL,NULL,NULL,2,NULL,NULL,0,NULL,0,NULL,1,NULL,NULL,0),(297,35,NULL,8,'Subject for Membership Renewal','2010-06-08 07:07:37',1,NULL,NULL,NULL,NULL,2,NULL,NULL,0,NULL,0,NULL,1,NULL,NULL,0),(298,35,NULL,7,'Subject for Membership Signup','2010-03-07 04:30:09',1,NULL,NULL,NULL,NULL,2,NULL,NULL,0,NULL,0,NULL,1,NULL,NULL,0),(299,35,NULL,7,'Subject for Membership Signup','2010-07-08 10:58:05',4,NULL,NULL,NULL,NULL,2,NULL,NULL,0,NULL,0,NULL,1,NULL,NULL,0),(300,35,NULL,8,'Subject for Membership Renewal','2010-08-06 10:05:03',2,NULL,NULL,NULL,NULL,2,NULL,NULL,0,NULL,0,NULL,1,NULL,NULL,0),(301,17,NULL,8,'Subject for Membership Renewal','2010-04-21 04:28:41',2,NULL,NULL,NULL,NULL,2,NULL,NULL,0,NULL,0,NULL,1,NULL,NULL,0),(302,17,NULL,9,'Subject for Tell a Friend','2010-11-26 07:42:57',6,NULL,NULL,NULL,NULL,2,NULL,NULL,0,NULL,0,NULL,1,NULL,NULL,0),(303,17,NULL,10,'Subject for Pledge Acknowledgment','2010-07-04 07:37:16',6,NULL,NULL,NULL,NULL,2,NULL,NULL,0,NULL,0,NULL,1,NULL,NULL,0),(304,17,NULL,10,'Subject for Pledge Acknowledgment','2010-08-08 12:44:45',2,NULL,NULL,NULL,NULL,2,NULL,NULL,0,NULL,0,NULL,1,NULL,NULL,0),(305,17,NULL,7,'Subject for Membership Signup','2010-07-31 12:37:35',1,NULL,NULL,NULL,NULL,2,NULL,NULL,0,NULL,0,NULL,1,NULL,NULL,0),(306,17,NULL,8,'Subject for Membership Renewal','2010-12-29 10:44:42',6,NULL,NULL,NULL,NULL,2,NULL,NULL,0,NULL,0,NULL,1,NULL,NULL,0),(307,17,NULL,8,'Subject for Membership Renewal','2010-04-09 02:36:51',5,NULL,NULL,NULL,NULL,2,NULL,NULL,0,NULL,0,NULL,1,NULL,NULL,0),(308,17,NULL,8,'Subject for Membership Renewal','2010-04-01 02:49:15',1,NULL,NULL,NULL,NULL,2,NULL,NULL,0,NULL,0,NULL,1,NULL,NULL,0),(309,17,NULL,8,'Subject for Membership Renewal','2010-12-26 12:31:20',2,NULL,NULL,NULL,NULL,2,NULL,NULL,0,NULL,0,NULL,1,NULL,NULL,0),(310,17,NULL,7,'Subject for Membership Signup','2010-03-01 10:48:55',1,NULL,NULL,NULL,NULL,2,NULL,NULL,0,NULL,0,NULL,1,NULL,NULL,0),(311,17,NULL,7,'Subject for Membership Signup','2010-10-31 11:12:39',6,NULL,NULL,NULL,NULL,2,NULL,NULL,0,NULL,0,NULL,1,NULL,NULL,0),(312,17,NULL,8,'Subject for Membership Renewal','2011-01-23 07:57:35',2,NULL,NULL,NULL,NULL,2,NULL,NULL,0,NULL,0,NULL,1,NULL,NULL,0),(313,17,NULL,9,'Subject for Tell a Friend','2011-01-30 02:04:52',1,NULL,NULL,NULL,NULL,2,NULL,NULL,0,NULL,0,NULL,1,NULL,NULL,0),(314,17,NULL,8,'Subject for Membership Renewal','2010-11-26 03:38:46',1,NULL,NULL,NULL,NULL,2,NULL,NULL,0,NULL,0,NULL,1,NULL,NULL,0),(315,17,NULL,8,'Subject for Membership Renewal','2011-02-01 05:53:56',2,NULL,NULL,NULL,NULL,2,NULL,NULL,0,NULL,0,NULL,1,NULL,NULL,0),(316,17,NULL,7,'Subject for Membership Signup','2010-06-25 02:56:43',6,NULL,NULL,NULL,NULL,2,NULL,NULL,0,NULL,0,NULL,1,NULL,NULL,0),(317,17,NULL,9,'Subject for Tell a Friend','2010-03-24 11:11:11',2,NULL,NULL,NULL,NULL,2,NULL,NULL,0,NULL,0,NULL,1,NULL,NULL,0),(318,17,NULL,10,'Subject for Pledge Acknowledgment','2010-04-07 02:40:19',1,NULL,NULL,NULL,NULL,2,NULL,NULL,0,NULL,0,NULL,1,NULL,NULL,0),(319,17,NULL,9,'Subject for Tell a Friend','2010-06-01 02:39:51',5,NULL,NULL,NULL,NULL,2,NULL,NULL,0,NULL,0,NULL,1,NULL,NULL,0),(320,17,NULL,10,'Subject for Pledge Acknowledgment','2011-01-18 01:21:42',6,NULL,NULL,NULL,NULL,2,NULL,NULL,0,NULL,0,NULL,1,NULL,NULL,0),(321,17,NULL,7,'Subject for Membership Signup','2010-06-02 06:19:00',6,NULL,NULL,NULL,NULL,2,NULL,NULL,0,NULL,0,NULL,1,NULL,NULL,0),(322,17,NULL,7,'Subject for Membership Signup','2010-12-24 06:25:24',4,NULL,NULL,NULL,NULL,2,NULL,NULL,0,NULL,0,NULL,1,NULL,NULL,0),(323,17,NULL,9,'Subject for Tell a Friend','2010-02-06 03:49:04',4,NULL,NULL,NULL,NULL,2,NULL,NULL,0,NULL,0,NULL,1,NULL,NULL,0),(324,17,NULL,7,'Subject for Membership Signup','2010-06-23 08:57:01',3,NULL,NULL,NULL,NULL,2,NULL,NULL,0,NULL,0,NULL,1,NULL,NULL,0),(325,17,NULL,7,'Subject for Membership Signup','2011-01-01 10:38:37',1,NULL,NULL,NULL,NULL,2,NULL,NULL,0,NULL,0,NULL,1,NULL,NULL,0),(326,17,NULL,7,'Subject for Membership Signup','2010-09-03 03:34:46',6,NULL,NULL,NULL,NULL,2,NULL,NULL,0,NULL,0,NULL,1,NULL,NULL,0),(327,17,NULL,9,'Subject for Tell a Friend','2010-10-21 03:42:08',6,NULL,NULL,NULL,NULL,2,NULL,NULL,0,NULL,0,NULL,1,NULL,NULL,0),(328,17,NULL,9,'Subject for Tell a Friend','2010-05-26 12:05:13',6,NULL,NULL,NULL,NULL,2,NULL,NULL,0,NULL,0,NULL,1,NULL,NULL,0),(329,17,NULL,9,'Subject for Tell a Friend','2010-03-25 06:04:50',3,NULL,NULL,NULL,NULL,2,NULL,NULL,0,NULL,0,NULL,1,NULL,NULL,0),(330,17,NULL,9,'Subject for Tell a Friend','2010-06-15 04:28:22',6,NULL,NULL,NULL,NULL,2,NULL,NULL,0,NULL,0,NULL,1,NULL,NULL,0),(331,17,NULL,9,'Subject for Tell a Friend','2010-10-28 05:07:24',6,NULL,NULL,NULL,NULL,2,NULL,NULL,0,NULL,0,NULL,1,NULL,NULL,0),(332,17,NULL,8,'Subject for Membership Renewal','2010-02-18 11:01:56',2,NULL,NULL,NULL,NULL,2,NULL,NULL,0,NULL,0,NULL,1,NULL,NULL,0),(333,17,NULL,8,'Subject for Membership Renewal','2010-09-08 08:38:35',2,NULL,NULL,NULL,NULL,2,NULL,NULL,0,NULL,0,NULL,1,NULL,NULL,0),(334,17,NULL,10,'Subject for Pledge Acknowledgment','2010-05-17 02:23:41',2,NULL,NULL,NULL,NULL,2,NULL,NULL,0,NULL,0,NULL,1,NULL,NULL,0),(335,17,NULL,8,'Subject for Membership Renewal','2011-01-02 04:51:30',3,NULL,NULL,NULL,NULL,2,NULL,NULL,0,NULL,0,NULL,1,NULL,NULL,0),(336,17,NULL,9,'Subject for Tell a Friend','2010-10-02 12:18:33',5,NULL,NULL,NULL,NULL,2,NULL,NULL,0,NULL,0,NULL,1,NULL,NULL,0),(337,17,NULL,9,'Subject for Tell a Friend','2010-07-21 08:37:15',5,NULL,NULL,NULL,NULL,2,NULL,NULL,0,NULL,0,NULL,1,NULL,NULL,0),(338,17,NULL,9,'Subject for Tell a Friend','2010-11-29 05:11:25',5,NULL,NULL,NULL,NULL,2,NULL,NULL,0,NULL,0,NULL,1,NULL,NULL,0),(339,17,NULL,7,'Subject for Membership Signup','2010-03-05 04:00:33',6,NULL,NULL,NULL,NULL,2,NULL,NULL,0,NULL,0,NULL,1,NULL,NULL,0),(340,17,NULL,9,'Subject for Tell a Friend','2010-11-23 04:52:09',1,NULL,NULL,NULL,NULL,2,NULL,NULL,0,NULL,0,NULL,1,NULL,NULL,0),(341,17,NULL,9,'Subject for Tell a Friend','2010-05-05 05:49:20',6,NULL,NULL,NULL,NULL,2,NULL,NULL,0,NULL,0,NULL,1,NULL,NULL,0),(342,17,NULL,7,'Subject for Membership Signup','2010-11-29 08:22:39',6,NULL,NULL,NULL,NULL,2,NULL,NULL,0,NULL,0,NULL,1,NULL,NULL,0),(343,17,NULL,9,'Subject for Tell a Friend','2010-12-23 09:40:58',2,NULL,NULL,NULL,NULL,2,NULL,NULL,0,NULL,0,NULL,1,NULL,NULL,0),(344,17,NULL,9,'Subject for Tell a Friend','2010-07-01 06:50:50',5,NULL,NULL,NULL,NULL,2,NULL,NULL,0,NULL,0,NULL,1,NULL,NULL,0),(345,17,NULL,9,'Subject for Tell a Friend','2010-12-23 04:42:24',4,NULL,NULL,NULL,NULL,2,NULL,NULL,0,NULL,0,NULL,1,NULL,NULL,0),(346,17,NULL,9,'Subject for Tell a Friend','2010-04-17 04:44:43',5,NULL,NULL,NULL,NULL,2,NULL,NULL,0,NULL,0,NULL,1,NULL,NULL,0),(347,17,NULL,10,'Subject for Pledge Acknowledgment','2011-02-03 01:39:41',5,NULL,NULL,NULL,NULL,2,NULL,NULL,0,NULL,0,NULL,1,NULL,NULL,0),(348,17,NULL,10,'Subject for Pledge Acknowledgment','2011-01-05 03:08:50',1,NULL,NULL,NULL,NULL,2,NULL,NULL,0,NULL,0,NULL,1,NULL,NULL,0),(349,17,NULL,10,'Subject for Pledge Acknowledgment','2010-02-25 04:20:47',3,NULL,NULL,NULL,NULL,2,NULL,NULL,0,NULL,0,NULL,1,NULL,NULL,0),(350,17,NULL,8,'Subject for Membership Renewal','2010-05-17 12:26:29',1,NULL,NULL,NULL,NULL,2,NULL,NULL,0,NULL,0,NULL,1,NULL,NULL,0),(351,17,NULL,9,'Subject for Tell a Friend','2010-06-17 06:12:07',5,NULL,NULL,NULL,NULL,2,NULL,NULL,0,NULL,0,NULL,1,NULL,NULL,0),(352,17,NULL,7,'Subject for Membership Signup','2011-01-17 05:14:26',2,NULL,NULL,NULL,NULL,2,NULL,NULL,0,NULL,0,NULL,1,NULL,NULL,0),(353,17,NULL,8,'Subject for Membership Renewal','2011-01-04 10:54:49',2,NULL,NULL,NULL,NULL,2,NULL,NULL,0,NULL,0,NULL,1,NULL,NULL,0),(354,17,NULL,8,'Subject for Membership Renewal','2010-07-08 01:54:43',2,NULL,NULL,NULL,NULL,2,NULL,NULL,0,NULL,0,NULL,1,NULL,NULL,0),(355,17,NULL,10,'Subject for Pledge Acknowledgment','2010-07-25 06:29:59',5,NULL,NULL,NULL,NULL,2,NULL,NULL,0,NULL,0,NULL,1,NULL,NULL,0),(356,17,NULL,8,'Subject for Membership Renewal','2010-11-07 06:34:07',4,NULL,NULL,NULL,NULL,2,NULL,NULL,0,NULL,0,NULL,1,NULL,NULL,0),(357,17,NULL,7,'Subject for Membership Signup','2010-05-06 12:44:15',3,NULL,NULL,NULL,NULL,2,NULL,NULL,0,NULL,0,NULL,1,NULL,NULL,0),(358,17,NULL,8,'Subject for Membership Renewal','2010-04-24 12:50:56',6,NULL,NULL,NULL,NULL,2,NULL,NULL,0,NULL,0,NULL,1,NULL,NULL,0),(359,17,NULL,9,'Subject for Tell a Friend','2010-08-25 08:02:07',2,NULL,NULL,NULL,NULL,2,NULL,NULL,0,NULL,0,NULL,1,NULL,NULL,0),(360,17,NULL,10,'Subject for Pledge Acknowledgment','2010-10-13 01:39:38',4,NULL,NULL,NULL,NULL,2,NULL,NULL,0,NULL,0,NULL,1,NULL,NULL,0),(361,17,NULL,9,'Subject for Tell a Friend','2010-06-09 11:35:51',5,NULL,NULL,NULL,NULL,2,NULL,NULL,0,NULL,0,NULL,1,NULL,NULL,0),(362,17,NULL,10,'Subject for Pledge Acknowledgment','2010-03-20 01:29:15',5,NULL,NULL,NULL,NULL,2,NULL,NULL,0,NULL,0,NULL,1,NULL,NULL,0),(363,17,NULL,7,'Subject for Membership Signup','2010-10-25 02:34:42',3,NULL,NULL,NULL,NULL,2,NULL,NULL,0,NULL,0,NULL,1,NULL,NULL,0),(364,17,NULL,7,'Subject for Membership Signup','2010-07-05 04:43:31',4,NULL,NULL,NULL,NULL,2,NULL,NULL,0,NULL,0,NULL,1,NULL,NULL,0),(365,17,NULL,10,'Subject for Pledge Acknowledgment','2010-05-02 11:40:51',4,NULL,NULL,NULL,NULL,2,NULL,NULL,0,NULL,0,NULL,1,NULL,NULL,0),(366,17,NULL,8,'Subject for Membership Renewal','2010-12-12 02:04:10',4,NULL,NULL,NULL,NULL,2,NULL,NULL,0,NULL,0,NULL,1,NULL,NULL,0),(367,17,NULL,8,'Subject for Membership Renewal','2010-04-19 10:28:05',6,NULL,NULL,NULL,NULL,2,NULL,NULL,0,NULL,0,NULL,1,NULL,NULL,0),(368,17,NULL,9,'Subject for Tell a Friend','2010-12-24 11:23:01',4,NULL,NULL,NULL,NULL,2,NULL,NULL,0,NULL,0,NULL,1,NULL,NULL,0),(369,17,NULL,8,'Subject for Membership Renewal','2010-06-25 08:21:16',3,NULL,NULL,NULL,NULL,2,NULL,NULL,0,NULL,0,NULL,1,NULL,NULL,0),(370,17,NULL,9,'Subject for Tell a Friend','2010-07-21 08:53:40',5,NULL,NULL,NULL,NULL,2,NULL,NULL,0,NULL,0,NULL,1,NULL,NULL,0),(371,17,NULL,7,'Subject for Membership Signup','2010-12-28 03:30:44',2,NULL,NULL,NULL,NULL,2,NULL,NULL,0,NULL,0,NULL,1,NULL,NULL,0),(372,17,NULL,10,'Subject for Pledge Acknowledgment','2010-04-26 04:09:14',5,NULL,NULL,NULL,NULL,2,NULL,NULL,0,NULL,0,NULL,1,NULL,NULL,0),(373,17,NULL,7,'Subject for Membership Signup','2010-08-29 06:08:27',2,NULL,NULL,NULL,NULL,2,NULL,NULL,0,NULL,0,NULL,1,NULL,NULL,0),(374,17,NULL,8,'Subject for Membership Renewal','2010-09-22 05:32:43',6,NULL,NULL,NULL,NULL,2,NULL,NULL,0,NULL,0,NULL,1,NULL,NULL,0),(375,17,NULL,10,'Subject for Pledge Acknowledgment','2010-05-02 02:03:02',3,NULL,NULL,NULL,NULL,2,NULL,NULL,0,NULL,0,NULL,1,NULL,NULL,0),(376,17,NULL,9,'Subject for Tell a Friend','2011-01-13 04:53:08',1,NULL,NULL,NULL,NULL,2,NULL,NULL,0,NULL,0,NULL,1,NULL,NULL,0),(377,17,NULL,7,'Subject for Membership Signup','2010-10-14 05:23:48',4,NULL,NULL,NULL,NULL,2,NULL,NULL,0,NULL,0,NULL,1,NULL,NULL,0),(378,17,NULL,8,'Subject for Membership Renewal','2010-08-09 05:30:04',3,NULL,NULL,NULL,NULL,2,NULL,NULL,0,NULL,0,NULL,1,NULL,NULL,0),(379,17,NULL,9,'Subject for Tell a Friend','2010-04-28 04:10:20',2,NULL,NULL,NULL,NULL,2,NULL,NULL,0,NULL,0,NULL,1,NULL,NULL,0),(380,17,NULL,7,'Subject for Membership Signup','2011-01-30 01:17:00',1,NULL,NULL,NULL,NULL,2,NULL,NULL,0,NULL,0,NULL,1,NULL,NULL,0),(381,17,NULL,7,'Subject for Membership Signup','2010-08-28 03:05:37',6,NULL,NULL,NULL,NULL,2,NULL,NULL,0,NULL,0,NULL,1,NULL,NULL,0),(382,17,NULL,10,'Subject for Pledge Acknowledgment','2010-03-08 12:53:25',1,NULL,NULL,NULL,NULL,2,NULL,NULL,0,NULL,0,NULL,1,NULL,NULL,0),(383,17,NULL,8,'Subject for Membership Renewal','2011-01-14 02:58:29',2,NULL,NULL,NULL,NULL,2,NULL,NULL,0,NULL,0,NULL,1,NULL,NULL,0),(384,17,NULL,9,'Subject for Tell a Friend','2010-07-06 03:01:58',4,NULL,NULL,NULL,NULL,2,NULL,NULL,0,NULL,0,NULL,1,NULL,NULL,0),(385,17,NULL,9,'Subject for Tell a Friend','2010-05-12 06:35:27',1,NULL,NULL,NULL,NULL,2,NULL,NULL,0,NULL,0,NULL,1,NULL,NULL,0),(386,17,NULL,7,'Subject for Membership Signup','2010-07-11 04:27:04',3,NULL,NULL,NULL,NULL,2,NULL,NULL,0,NULL,0,NULL,1,NULL,NULL,0),(387,17,NULL,9,'Subject for Tell a Friend','2010-11-27 06:47:16',6,NULL,NULL,NULL,NULL,2,NULL,NULL,0,NULL,0,NULL,1,NULL,NULL,0),(388,17,NULL,7,'Subject for Membership Signup','2010-06-14 11:35:52',1,NULL,NULL,NULL,NULL,2,NULL,NULL,0,NULL,0,NULL,1,NULL,NULL,0),(389,17,NULL,9,'Subject for Tell a Friend','2010-03-16 11:55:06',6,NULL,NULL,NULL,NULL,2,NULL,NULL,0,NULL,0,NULL,1,NULL,NULL,0),(390,17,NULL,8,'Subject for Membership Renewal','2010-08-16 03:03:14',5,NULL,NULL,NULL,NULL,2,NULL,NULL,0,NULL,0,NULL,1,NULL,NULL,0),(391,17,NULL,9,'Subject for Tell a Friend','2010-02-06 05:35:15',3,NULL,NULL,NULL,NULL,2,NULL,NULL,0,NULL,0,NULL,1,NULL,NULL,0),(392,17,NULL,8,'Subject for Membership Renewal','2010-05-30 10:03:36',4,NULL,NULL,NULL,NULL,2,NULL,NULL,0,NULL,0,NULL,1,NULL,NULL,0),(393,17,NULL,8,'Subject for Membership Renewal','2010-07-27 09:01:42',3,NULL,NULL,NULL,NULL,2,NULL,NULL,0,NULL,0,NULL,1,NULL,NULL,0),(394,17,NULL,9,'Subject for Tell a Friend','2010-03-02 07:26:54',2,NULL,NULL,NULL,NULL,2,NULL,NULL,0,NULL,0,NULL,1,NULL,NULL,0),(395,17,NULL,9,'Subject for Tell a Friend','2010-08-28 06:10:42',5,NULL,NULL,NULL,NULL,2,NULL,NULL,0,NULL,0,NULL,1,NULL,NULL,0),(396,17,NULL,8,'Subject for Membership Renewal','2010-03-01 01:21:11',3,NULL,NULL,NULL,NULL,2,NULL,NULL,0,NULL,0,NULL,1,NULL,NULL,0),(397,17,NULL,8,'Subject for Membership Renewal','2011-01-25 10:54:48',2,NULL,NULL,NULL,NULL,2,NULL,NULL,0,NULL,0,NULL,1,NULL,NULL,0),(398,17,NULL,8,'Subject for Membership Renewal','2010-12-07 02:51:30',2,NULL,NULL,NULL,NULL,2,NULL,NULL,0,NULL,0,NULL,1,NULL,NULL,0),(399,17,NULL,8,'Subject for Membership Renewal','2010-11-29 09:56:06',4,NULL,NULL,NULL,NULL,2,NULL,NULL,0,NULL,0,NULL,1,NULL,NULL,0),(400,17,NULL,8,'Subject for Membership Renewal','2010-02-21 03:32:38',3,NULL,NULL,NULL,NULL,2,NULL,NULL,0,NULL,0,NULL,1,NULL,NULL,0),(401,17,NULL,10,'Subject for Pledge Acknowledgment','2011-01-31 06:12:04',1,NULL,NULL,NULL,NULL,2,NULL,NULL,0,NULL,0,NULL,1,NULL,NULL,0),(402,17,NULL,8,'Subject for Membership Renewal','2010-08-10 08:27:52',4,NULL,NULL,NULL,NULL,2,NULL,NULL,0,NULL,0,NULL,1,NULL,NULL,0),(403,17,NULL,8,'Subject for Membership Renewal','2010-12-03 09:31:24',4,NULL,NULL,NULL,NULL,2,NULL,NULL,0,NULL,0,NULL,1,NULL,NULL,0),(404,17,NULL,8,'Subject for Membership Renewal','2010-06-05 06:12:23',4,NULL,NULL,NULL,NULL,2,NULL,NULL,0,NULL,0,NULL,1,NULL,NULL,0),(405,17,NULL,8,'Subject for Membership Renewal','2010-03-16 11:14:30',3,NULL,NULL,NULL,NULL,2,NULL,NULL,0,NULL,0,NULL,1,NULL,NULL,0),(406,17,NULL,9,'Subject for Tell a Friend','2010-03-14 03:35:51',5,NULL,NULL,NULL,NULL,2,NULL,NULL,0,NULL,0,NULL,1,NULL,NULL,0),(407,17,NULL,9,'Subject for Tell a Friend','2010-03-11 09:14:51',3,NULL,NULL,NULL,NULL,2,NULL,NULL,0,NULL,0,NULL,1,NULL,NULL,0),(408,17,NULL,7,'Subject for Membership Signup','2010-06-24 11:48:59',2,NULL,NULL,NULL,NULL,2,NULL,NULL,0,NULL,0,NULL,1,NULL,NULL,0),(409,17,NULL,10,'Subject for Pledge Acknowledgment','2010-08-20 03:26:45',1,NULL,NULL,NULL,NULL,2,NULL,NULL,0,NULL,0,NULL,1,NULL,NULL,0),(410,17,NULL,8,'Subject for Membership Renewal','2010-11-25 09:17:55',5,NULL,NULL,NULL,NULL,2,NULL,NULL,0,NULL,0,NULL,1,NULL,NULL,0),(411,17,NULL,7,'Subject for Membership Signup','2010-03-06 08:42:44',6,NULL,NULL,NULL,NULL,2,NULL,NULL,0,NULL,0,NULL,1,NULL,NULL,0),(412,17,NULL,8,'Subject for Membership Renewal','2010-10-30 01:41:54',4,NULL,NULL,NULL,NULL,2,NULL,NULL,0,NULL,0,NULL,1,NULL,NULL,0),(413,17,NULL,7,'Subject for Membership Signup','2010-04-19 05:52:09',2,NULL,NULL,NULL,NULL,2,NULL,NULL,0,NULL,0,NULL,1,NULL,NULL,0),(414,17,NULL,10,'Subject for Pledge Acknowledgment','2011-01-30 10:41:40',5,NULL,NULL,NULL,NULL,2,NULL,NULL,0,NULL,0,NULL,1,NULL,NULL,0),(415,17,NULL,9,'Subject for Tell a Friend','2010-09-22 02:58:40',1,NULL,NULL,NULL,NULL,2,NULL,NULL,0,NULL,0,NULL,1,NULL,NULL,0),(416,17,NULL,10,'Subject for Pledge Acknowledgment','2010-03-21 07:43:18',5,NULL,NULL,NULL,NULL,2,NULL,NULL,0,NULL,0,NULL,1,NULL,NULL,0),(417,17,NULL,7,'Subject for Membership Signup','2010-04-03 04:05:33',2,NULL,NULL,NULL,NULL,2,NULL,NULL,0,NULL,0,NULL,1,NULL,NULL,0),(418,17,NULL,9,'Subject for Tell a Friend','2010-07-02 03:35:36',2,NULL,NULL,NULL,NULL,2,NULL,NULL,0,NULL,0,NULL,1,NULL,NULL,0),(419,17,NULL,9,'Subject for Tell a Friend','2010-06-23 05:54:48',4,NULL,NULL,NULL,NULL,2,NULL,NULL,0,NULL,0,NULL,1,NULL,NULL,0),(420,17,NULL,10,'Subject for Pledge Acknowledgment','2010-10-26 01:10:39',1,NULL,NULL,NULL,NULL,2,NULL,NULL,0,NULL,0,NULL,1,NULL,NULL,0),(421,17,NULL,7,'Subject for Membership Signup','2010-08-14 09:31:04',4,NULL,NULL,NULL,NULL,2,NULL,NULL,0,NULL,0,NULL,1,NULL,NULL,0),(422,17,NULL,8,'Subject for Membership Renewal','2010-09-12 01:52:27',5,NULL,NULL,NULL,NULL,2,NULL,NULL,0,NULL,0,NULL,1,NULL,NULL,0),(423,17,NULL,8,'Subject for Membership Renewal','2010-08-08 01:43:01',3,NULL,NULL,NULL,NULL,2,NULL,NULL,0,NULL,0,NULL,1,NULL,NULL,0),(424,17,NULL,10,'Subject for Pledge Acknowledgment','2010-10-26 11:32:51',2,NULL,NULL,NULL,NULL,2,NULL,NULL,0,NULL,0,NULL,1,NULL,NULL,0),(425,17,NULL,10,'Subject for Pledge Acknowledgment','2010-08-22 01:14:54',4,NULL,NULL,NULL,NULL,2,NULL,NULL,0,NULL,0,NULL,1,NULL,NULL,0),(426,17,NULL,10,'Subject for Pledge Acknowledgment','2010-09-12 05:40:34',5,NULL,NULL,NULL,NULL,2,NULL,NULL,0,NULL,0,NULL,1,NULL,NULL,0),(427,17,NULL,8,'Subject for Membership Renewal','2010-10-06 09:17:23',3,NULL,NULL,NULL,NULL,2,NULL,NULL,0,NULL,0,NULL,1,NULL,NULL,0),(428,17,NULL,8,'Subject for Membership Renewal','2010-12-12 04:28:04',1,NULL,NULL,NULL,NULL,2,NULL,NULL,0,NULL,0,NULL,1,NULL,NULL,0),(429,17,NULL,10,'Subject for Pledge Acknowledgment','2010-12-07 12:02:42',1,NULL,NULL,NULL,NULL,2,NULL,NULL,0,NULL,0,NULL,1,NULL,NULL,0),(430,17,NULL,10,'Subject for Pledge Acknowledgment','2010-07-29 08:41:38',4,NULL,NULL,NULL,NULL,2,NULL,NULL,0,NULL,0,NULL,1,NULL,NULL,0),(431,17,NULL,7,'Subject for Membership Signup','2010-12-13 05:19:47',4,NULL,NULL,NULL,NULL,2,NULL,NULL,0,NULL,0,NULL,1,NULL,NULL,0),(432,17,NULL,7,'Subject for Membership Signup','2010-05-31 06:40:21',5,NULL,NULL,NULL,NULL,2,NULL,NULL,0,NULL,0,NULL,1,NULL,NULL,0),(433,17,NULL,9,'Subject for Tell a Friend','2010-09-13 12:18:09',5,NULL,NULL,NULL,NULL,2,NULL,NULL,0,NULL,0,NULL,1,NULL,NULL,0),(434,17,NULL,9,'Subject for Tell a Friend','2010-04-12 03:25:04',4,NULL,NULL,NULL,NULL,2,NULL,NULL,0,NULL,0,NULL,1,NULL,NULL,0),(435,17,NULL,8,'Subject for Membership Renewal','2010-10-17 09:10:09',1,NULL,NULL,NULL,NULL,2,NULL,NULL,0,NULL,0,NULL,1,NULL,NULL,0),(436,17,NULL,9,'Subject for Tell a Friend','2010-08-25 04:29:03',4,NULL,NULL,NULL,NULL,2,NULL,NULL,0,NULL,0,NULL,1,NULL,NULL,0),(437,17,NULL,10,'Subject for Pledge Acknowledgment','2011-01-06 10:28:43',5,NULL,NULL,NULL,NULL,2,NULL,NULL,0,NULL,0,NULL,1,NULL,NULL,0),(438,17,NULL,9,'Subject for Tell a Friend','2010-12-24 06:28:56',4,NULL,NULL,NULL,NULL,2,NULL,NULL,0,NULL,0,NULL,1,NULL,NULL,0),(439,17,NULL,7,'Subject for Membership Signup','2011-01-08 06:58:07',1,NULL,NULL,NULL,NULL,2,NULL,NULL,0,NULL,0,NULL,1,NULL,NULL,0),(440,17,NULL,8,'Subject for Membership Renewal','2010-02-27 01:33:39',6,NULL,NULL,NULL,NULL,2,NULL,NULL,0,NULL,0,NULL,1,NULL,NULL,0),(441,17,NULL,10,'Subject for Pledge Acknowledgment','2010-04-05 03:36:10',1,NULL,NULL,NULL,NULL,2,NULL,NULL,0,NULL,0,NULL,1,NULL,NULL,0),(442,17,NULL,8,'Subject for Membership Renewal','2010-02-06 01:23:52',2,NULL,NULL,NULL,NULL,2,NULL,NULL,0,NULL,0,NULL,1,NULL,NULL,0),(443,17,NULL,8,'Subject for Membership Renewal','2010-02-26 10:26:35',3,NULL,NULL,NULL,NULL,2,NULL,NULL,0,NULL,0,NULL,1,NULL,NULL,0),(444,17,NULL,7,'Subject for Membership Signup','2010-12-01 07:12:48',5,NULL,NULL,NULL,NULL,2,NULL,NULL,0,NULL,0,NULL,1,NULL,NULL,0),(445,17,NULL,8,'Subject for Membership Renewal','2010-11-07 11:16:08',6,NULL,NULL,NULL,NULL,2,NULL,NULL,0,NULL,0,NULL,1,NULL,NULL,0),(446,17,NULL,7,'Subject for Membership Signup','2010-10-04 12:32:46',5,NULL,NULL,NULL,NULL,2,NULL,NULL,0,NULL,0,NULL,1,NULL,NULL,0),(447,17,NULL,9,'Subject for Tell a Friend','2011-02-01 02:58:52',3,NULL,NULL,NULL,NULL,2,NULL,NULL,0,NULL,0,NULL,1,NULL,NULL,0),(448,17,NULL,9,'Subject for Tell a Friend','2010-07-22 06:03:38',6,NULL,NULL,NULL,NULL,2,NULL,NULL,0,NULL,0,NULL,1,NULL,NULL,0),(449,17,NULL,10,'Subject for Pledge Acknowledgment','2010-08-10 09:39:26',6,NULL,NULL,NULL,NULL,2,NULL,NULL,0,NULL,0,NULL,1,NULL,NULL,0),(450,17,NULL,10,'Subject for Pledge Acknowledgment','2010-11-06 02:36:30',4,NULL,NULL,NULL,NULL,2,NULL,NULL,0,NULL,0,NULL,1,NULL,NULL,0),(451,13,1,7,'General','2011-02-04 00:00:00',NULL,NULL,NULL,NULL,NULL,2,NULL,NULL,0,NULL,0,NULL,1,NULL,NULL,0),(452,59,2,7,'Student','2011-02-03 00:00:00',NULL,NULL,NULL,NULL,NULL,2,NULL,NULL,0,NULL,0,NULL,1,NULL,NULL,0),(453,16,3,7,'General','2011-02-02 00:00:00',NULL,NULL,NULL,NULL,NULL,2,NULL,NULL,0,NULL,0,NULL,1,NULL,NULL,0),(454,49,4,7,'Student','2011-02-01 00:00:00',NULL,NULL,NULL,NULL,NULL,2,NULL,NULL,0,NULL,0,NULL,1,NULL,NULL,0),(455,40,5,7,'Student','2010-01-31 00:00:00',NULL,NULL,NULL,NULL,NULL,2,NULL,NULL,0,NULL,0,NULL,1,NULL,NULL,0),(456,84,6,7,'Student','2011-01-30 00:00:00',NULL,NULL,NULL,NULL,NULL,2,NULL,NULL,0,NULL,0,NULL,1,NULL,NULL,0),(457,23,7,7,'General','2011-01-29 00:00:00',NULL,NULL,NULL,NULL,NULL,2,NULL,NULL,0,NULL,0,NULL,1,NULL,NULL,0),(458,67,8,7,'Student','2011-01-28 00:00:00',NULL,NULL,NULL,NULL,NULL,2,NULL,NULL,0,NULL,0,NULL,1,NULL,NULL,0),(459,70,9,7,'General','2011-01-27 00:00:00',NULL,NULL,NULL,NULL,NULL,2,NULL,NULL,0,NULL,0,NULL,1,NULL,NULL,0),(460,31,10,7,'General','2008-11-24 00:00:00',NULL,NULL,NULL,NULL,NULL,2,NULL,NULL,0,NULL,0,NULL,1,NULL,NULL,0),(461,21,11,7,'Lifetime','2011-01-25 00:00:00',NULL,NULL,NULL,NULL,NULL,2,NULL,NULL,0,NULL,0,NULL,1,NULL,NULL,0),(462,39,12,7,'Student','2011-01-24 00:00:00',NULL,NULL,NULL,NULL,NULL,2,NULL,NULL,0,NULL,0,NULL,1,NULL,NULL,0),(463,33,13,7,'General','2011-01-23 00:00:00',NULL,NULL,NULL,NULL,NULL,2,NULL,NULL,0,NULL,0,NULL,1,NULL,NULL,0),(464,55,14,7,'Student','2011-01-22 00:00:00',NULL,NULL,NULL,NULL,NULL,2,NULL,NULL,0,NULL,0,NULL,1,NULL,NULL,0),(465,11,15,7,'General','2008-10-15 00:00:00',NULL,NULL,NULL,NULL,NULL,2,NULL,NULL,0,NULL,0,NULL,1,NULL,NULL,0),(466,43,16,7,'Student','2011-01-20 00:00:00',NULL,NULL,NULL,NULL,NULL,2,NULL,NULL,0,NULL,0,NULL,1,NULL,NULL,0),(467,47,17,7,'General','2011-01-19 00:00:00',NULL,NULL,NULL,NULL,NULL,2,NULL,NULL,0,NULL,0,NULL,1,NULL,NULL,0),(468,35,18,7,'Student','2011-01-18 00:00:00',NULL,NULL,NULL,NULL,NULL,2,NULL,NULL,0,NULL,0,NULL,1,NULL,NULL,0),(469,2,19,7,'General','2011-01-17 00:00:00',NULL,NULL,NULL,NULL,NULL,2,NULL,NULL,0,NULL,0,NULL,1,NULL,NULL,0),(470,73,20,7,'General','2008-09-05 00:00:00',NULL,NULL,NULL,NULL,NULL,2,NULL,NULL,0,NULL,0,NULL,1,NULL,NULL,0),(471,92,21,7,'General','2011-01-15 00:00:00',NULL,NULL,NULL,NULL,NULL,2,NULL,NULL,0,NULL,0,NULL,1,NULL,NULL,0),(472,93,22,7,'Lifetime','2011-01-14 00:00:00',NULL,NULL,NULL,NULL,NULL,2,NULL,NULL,0,NULL,0,NULL,1,NULL,NULL,0),(473,66,23,7,'General','2011-01-13 00:00:00',NULL,NULL,NULL,NULL,NULL,2,NULL,NULL,0,NULL,0,NULL,1,NULL,NULL,0),(474,25,24,7,'Student','2011-01-12 00:00:00',NULL,NULL,NULL,NULL,NULL,2,NULL,NULL,0,NULL,0,NULL,1,NULL,NULL,0),(475,17,25,7,'General','2008-07-27 00:00:00',NULL,NULL,NULL,NULL,NULL,2,NULL,NULL,0,NULL,0,NULL,1,NULL,NULL,0),(476,56,26,7,'Student','2011-01-10 00:00:00',NULL,NULL,NULL,NULL,NULL,2,NULL,NULL,0,NULL,0,NULL,1,NULL,NULL,0),(477,72,27,7,'General','2011-01-09 00:00:00',NULL,NULL,NULL,NULL,NULL,2,NULL,NULL,0,NULL,0,NULL,1,NULL,NULL,0),(478,4,28,7,'Student','2011-01-08 00:00:00',NULL,NULL,NULL,NULL,NULL,2,NULL,NULL,0,NULL,0,NULL,1,NULL,NULL,0),(479,32,29,7,'General','2011-01-07 00:00:00',NULL,NULL,NULL,NULL,NULL,2,NULL,NULL,0,NULL,0,NULL,1,NULL,NULL,0),(480,29,30,7,'Student','2010-01-06 00:00:00',NULL,NULL,NULL,NULL,NULL,2,NULL,NULL,0,NULL,0,NULL,1,NULL,NULL,0),(481,90,1,5,'NULL','2009-01-21 00:00:00',NULL,NULL,NULL,NULL,NULL,2,NULL,NULL,0,NULL,0,NULL,1,NULL,NULL,0),(482,49,2,5,'NULL','2008-05-07 00:00:00',NULL,NULL,NULL,NULL,NULL,2,NULL,NULL,0,NULL,0,NULL,1,NULL,NULL,0),(483,12,3,5,'NULL','2008-05-05 00:00:00',NULL,NULL,NULL,NULL,NULL,2,NULL,NULL,0,NULL,0,NULL,1,NULL,NULL,0),(484,31,4,5,'NULL','2008-10-21 00:00:00',NULL,NULL,NULL,NULL,NULL,2,NULL,NULL,0,NULL,0,NULL,1,NULL,NULL,0),(485,10,5,5,'NULL','2008-01-10 00:00:00',NULL,NULL,NULL,NULL,NULL,2,NULL,NULL,0,NULL,0,NULL,1,NULL,NULL,0),(486,101,6,5,'NULL','2008-03-05 00:00:00',NULL,NULL,NULL,NULL,NULL,2,NULL,NULL,0,NULL,0,NULL,1,NULL,NULL,0),(487,15,7,5,'NULL','2009-07-21 00:00:00',NULL,NULL,NULL,NULL,NULL,2,NULL,NULL,0,NULL,0,NULL,1,NULL,NULL,0),(488,30,8,5,'NULL','2009-03-07 00:00:00',NULL,NULL,NULL,NULL,NULL,2,NULL,NULL,0,NULL,0,NULL,1,NULL,NULL,0),(489,34,9,5,'NULL','2008-02-05 00:00:00',NULL,NULL,NULL,NULL,NULL,2,NULL,NULL,0,NULL,0,NULL,1,NULL,NULL,0),(490,56,10,5,'NULL','2008-02-01 00:00:00',NULL,NULL,NULL,NULL,NULL,2,NULL,NULL,0,NULL,0,NULL,1,NULL,NULL,0),(491,52,11,5,'NULL','2009-01-10 00:00:00',NULL,NULL,NULL,NULL,NULL,2,NULL,NULL,0,NULL,0,NULL,1,NULL,NULL,0),(492,6,12,5,'NULL','2009-03-06 00:00:00',NULL,NULL,NULL,NULL,NULL,2,NULL,NULL,0,NULL,0,NULL,1,NULL,NULL,0),(493,76,13,5,'NULL','2008-06-04 00:00:00',NULL,NULL,NULL,NULL,NULL,2,NULL,NULL,0,NULL,0,NULL,1,NULL,NULL,0),(494,48,14,5,'NULL','2008-01-10 00:00:00',NULL,NULL,NULL,NULL,NULL,2,NULL,NULL,0,NULL,0,NULL,1,NULL,NULL,0),(495,95,15,5,'NULL','2008-07-04 00:00:00',NULL,NULL,NULL,NULL,NULL,2,NULL,NULL,0,NULL,0,NULL,1,NULL,NULL,0),(496,33,16,5,'NULL','2009-01-21 00:00:00',NULL,NULL,NULL,NULL,NULL,2,NULL,NULL,0,NULL,0,NULL,1,NULL,NULL,0),(497,80,17,5,'NULL','2008-01-10 00:00:00',NULL,NULL,NULL,NULL,NULL,2,NULL,NULL,0,NULL,0,NULL,1,NULL,NULL,0),(498,47,18,5,'NULL','2009-03-05 00:00:00',NULL,NULL,NULL,NULL,NULL,2,NULL,NULL,0,NULL,0,NULL,1,NULL,NULL,0),(499,74,19,5,'NULL','2008-10-21 00:00:00',NULL,NULL,NULL,NULL,NULL,2,NULL,NULL,0,NULL,0,NULL,1,NULL,NULL,0),(500,99,20,5,'NULL','2009-01-10 00:00:00',NULL,NULL,NULL,NULL,NULL,2,NULL,NULL,0,NULL,0,NULL,1,NULL,NULL,0),(501,28,21,5,'NULL','2008-03-25 00:00:00',NULL,NULL,NULL,NULL,NULL,2,NULL,NULL,0,NULL,0,NULL,1,NULL,NULL,0),(502,79,22,5,'NULL','2009-10-21 00:00:00',NULL,NULL,NULL,NULL,NULL,2,NULL,NULL,0,NULL,0,NULL,1,NULL,NULL,0),(503,84,23,5,'NULL','2008-01-10 00:00:00',NULL,NULL,NULL,NULL,NULL,2,NULL,NULL,0,NULL,0,NULL,1,NULL,NULL,0),(504,82,24,5,'NULL','2008-03-11 00:00:00',NULL,NULL,NULL,NULL,NULL,2,NULL,NULL,0,NULL,0,NULL,1,NULL,NULL,0),(505,85,25,5,'NULL','2008-04-05 00:00:00',NULL,NULL,NULL,NULL,NULL,2,NULL,NULL,0,NULL,0,NULL,1,NULL,NULL,0),(506,8,26,5,'NULL','2009-01-21 00:00:00',NULL,NULL,NULL,NULL,NULL,2,NULL,NULL,0,NULL,0,NULL,1,NULL,NULL,0),(507,22,27,5,'NULL','2008-05-07 00:00:00',NULL,NULL,NULL,NULL,NULL,2,NULL,NULL,0,NULL,0,NULL,1,NULL,NULL,0),(508,57,28,5,'NULL','2009-12-12 00:00:00',NULL,NULL,NULL,NULL,NULL,2,NULL,NULL,0,NULL,0,NULL,1,NULL,NULL,0),(509,86,29,5,'NULL','2009-12-13 00:00:00',NULL,NULL,NULL,NULL,NULL,2,NULL,NULL,0,NULL,0,NULL,1,NULL,NULL,0),(510,11,30,5,'NULL','2009-12-14 00:00:00',NULL,NULL,NULL,NULL,NULL,2,NULL,NULL,0,NULL,0,NULL,1,NULL,NULL,0),(511,17,31,5,'NULL','2009-12-15 00:00:00',NULL,NULL,NULL,NULL,NULL,2,NULL,NULL,0,NULL,0,NULL,1,NULL,NULL,0),(512,3,32,5,'NULL','2009-07-21 00:00:00',NULL,NULL,NULL,NULL,NULL,2,NULL,NULL,0,NULL,0,NULL,1,NULL,NULL,0),(513,27,33,5,'NULL','2009-03-07 00:00:00',NULL,NULL,NULL,NULL,NULL,2,NULL,NULL,0,NULL,0,NULL,1,NULL,NULL,0),(514,13,34,5,'NULL','2009-12-15 00:00:00',NULL,NULL,NULL,NULL,NULL,2,NULL,NULL,0,NULL,0,NULL,1,NULL,NULL,0),(515,32,35,5,'NULL','2009-12-13 00:00:00',NULL,NULL,NULL,NULL,NULL,2,NULL,NULL,0,NULL,0,NULL,1,NULL,NULL,0),(516,89,36,5,'NULL','2009-01-10 00:00:00',NULL,NULL,NULL,NULL,NULL,2,NULL,NULL,0,NULL,0,NULL,1,NULL,NULL,0),(517,5,37,5,'NULL','2009-03-06 00:00:00',NULL,NULL,NULL,NULL,NULL,2,NULL,NULL,0,NULL,0,NULL,1,NULL,NULL,0),(518,40,38,5,'NULL','2009-12-13 00:00:00',NULL,NULL,NULL,NULL,NULL,2,NULL,NULL,0,NULL,0,NULL,1,NULL,NULL,0),(519,70,39,5,'NULL','2008-01-10 00:00:00',NULL,NULL,NULL,NULL,NULL,2,NULL,NULL,0,NULL,0,NULL,1,NULL,NULL,0),(520,63,40,5,'NULL','2009-12-14 00:00:00',NULL,NULL,NULL,NULL,NULL,2,NULL,NULL,0,NULL,0,NULL,1,NULL,NULL,0),(521,24,41,5,'NULL','2009-01-21 00:00:00',NULL,NULL,NULL,NULL,NULL,2,NULL,NULL,0,NULL,0,NULL,1,NULL,NULL,0),(522,98,42,5,'NULL','2009-12-15 00:00:00',NULL,NULL,NULL,NULL,NULL,2,NULL,NULL,0,NULL,0,NULL,1,NULL,NULL,0),(523,60,43,5,'NULL','2009-03-05 00:00:00',NULL,NULL,NULL,NULL,NULL,2,NULL,NULL,0,NULL,0,NULL,1,NULL,NULL,0),(524,36,44,5,'NULL','2009-12-13 00:00:00',NULL,NULL,NULL,NULL,NULL,2,NULL,NULL,0,NULL,0,NULL,1,NULL,NULL,0),(525,94,45,5,'NULL','2009-01-10 00:00:00',NULL,NULL,NULL,NULL,NULL,2,NULL,NULL,0,NULL,0,NULL,1,NULL,NULL,0),(526,45,46,5,'NULL','2009-12-13 00:00:00',NULL,NULL,NULL,NULL,NULL,2,NULL,NULL,0,NULL,0,NULL,1,NULL,NULL,0),(527,43,47,5,'NULL','2009-10-21 00:00:00',NULL,NULL,NULL,NULL,NULL,2,NULL,NULL,0,NULL,0,NULL,1,NULL,NULL,0),(528,46,48,5,'NULL','2009-12-10 00:00:00',NULL,NULL,NULL,NULL,NULL,2,NULL,NULL,0,NULL,0,NULL,1,NULL,NULL,0),(529,62,49,5,'NULL','2009-03-11 00:00:00',NULL,NULL,NULL,NULL,NULL,2,NULL,NULL,0,NULL,0,NULL,1,NULL,NULL,0),(530,50,50,5,'NULL','2009-04-05 00:00:00',NULL,NULL,NULL,NULL,NULL,2,NULL,NULL,0,NULL,0,NULL,1,NULL,NULL,0),(531,2,1,6,'$ 125.00-Apr 2007 Mailer 1','2010-04-11 00:00:00',NULL,NULL,NULL,NULL,NULL,2,NULL,NULL,0,NULL,0,NULL,1,NULL,NULL,0),(532,4,2,6,'$ 50.00-Online: Save the Penguins','2010-03-21 00:00:00',NULL,NULL,NULL,NULL,NULL,2,NULL,NULL,0,NULL,0,NULL,1,NULL,NULL,0),(533,6,3,6,'$ 25.00-Apr 2007 Mailer 1','2010-04-29 00:00:00',NULL,NULL,NULL,NULL,NULL,2,NULL,NULL,0,NULL,0,NULL,1,NULL,NULL,0),(534,8,4,6,'$ 50.00-Apr 2007 Mailer 1','2010-04-11 00:00:00',NULL,NULL,NULL,NULL,NULL,2,NULL,NULL,0,NULL,0,NULL,1,NULL,NULL,0),(535,16,5,6,'$ 500.00-Apr 2007 Mailer 1','2010-04-15 00:00:00',NULL,NULL,NULL,NULL,NULL,2,NULL,NULL,0,NULL,0,NULL,1,NULL,NULL,0),(536,19,6,6,'$ 175.00-Apr 2007 Mailer 1','2010-04-11 00:00:00',NULL,NULL,NULL,NULL,NULL,2,NULL,NULL,0,NULL,0,NULL,1,NULL,NULL,0),(537,82,7,6,'$ 50.00-Online: Save the Penguins','2010-03-27 00:00:00',NULL,NULL,NULL,NULL,NULL,2,NULL,NULL,0,NULL,0,NULL,1,NULL,NULL,0),(538,92,8,6,'$ 10.00-Online: Save the Penguins','2010-03-08 00:00:00',NULL,NULL,NULL,NULL,NULL,2,NULL,NULL,0,NULL,0,NULL,1,NULL,NULL,0),(539,34,9,6,'$ 250.00-Online: Save the Penguins','2010-04-22 00:00:00',NULL,NULL,NULL,NULL,NULL,2,NULL,NULL,0,NULL,0,NULL,1,NULL,NULL,0),(540,71,10,6,NULL,'2009-07-01 11:53:50',NULL,NULL,NULL,NULL,NULL,2,NULL,NULL,0,NULL,0,NULL,1,NULL,NULL,0),(541,43,11,6,NULL,'2009-07-01 12:55:41',NULL,NULL,NULL,NULL,NULL,2,NULL,NULL,0,NULL,0,NULL,1,NULL,NULL,0),(542,32,12,6,NULL,'2009-10-01 11:53:50',NULL,NULL,NULL,NULL,NULL,2,NULL,NULL,0,NULL,0,NULL,1,NULL,NULL,0),(543,32,13,6,NULL,'2009-12-01 12:55:41',NULL,NULL,NULL,NULL,NULL,2,NULL,NULL,0,NULL,0,NULL,1,NULL,NULL,0);
/*!40000 ALTER TABLE `civicrm_activity` ENABLE KEYS */;
UNLOCK TABLES;

--
-- Dumping data for table `civicrm_activity_assignment`
--

LOCK TABLES `civicrm_activity_assignment` WRITE;
/*!40000 ALTER TABLE `civicrm_activity_assignment` DISABLE KEYS */;
INSERT INTO `civicrm_activity_assignment` (`id`, `activity_id`, `assignee_contact_id`) VALUES (14,57,3),(37,147,3),(71,299,3),(41,157,4),(57,224,5),(26,111,6),(69,284,7),(73,310,7),(33,132,8),(32,128,9),(43,161,9),(98,421,9),(100,432,9),(44,165,12),(23,97,13),(70,298,13),(91,381,13),(103,446,13),(84,357,15),(49,182,16),(6,27,20),(9,34,20),(59,237,21),(54,212,22),(55,222,22),(53,206,23),(72,305,23),(67,277,25),(83,352,25),(38,149,26),(81,339,26),(19,71,27),(34,135,27),(78,324,27),(82,342,27),(88,373,27),(3,20,30),(25,109,31),(35,137,31),(76,321,31),(40,154,32),(97,417,32),(42,160,33),(75,316,33),(4,22,34),(12,46,35),(16,61,36),(22,92,36),(51,196,40),(74,311,40),(18,68,42),(24,101,44),(79,325,44),(60,238,46),(7,28,47),(47,176,47),(65,271,47),(1,15,49),(31,127,50),(94,408,50),(45,168,52),(66,276,54),(96,413,54),(17,63,59),(28,118,59),(36,142,60),(87,371,60),(68,279,61),(77,322,61),(93,388,62),(63,256,63),(99,431,63),(13,51,71),(50,194,72),(64,259,72),(101,439,72),(5,26,73),(39,151,73),(52,203,73),(2,19,76),(30,126,78),(11,42,80),(29,124,81),(8,33,82),(10,35,82),(20,79,82),(62,248,84),(80,326,85),(56,223,86),(61,247,86),(102,444,87),(15,59,88),(85,363,89),(46,172,90),(86,364,90),(95,411,90),(48,181,93),(21,80,94),(89,377,97),(90,380,97),(92,386,97),(58,225,98),(27,113,99);
/*!40000 ALTER TABLE `civicrm_activity_assignment` ENABLE KEYS */;
UNLOCK TABLES;

--
-- Dumping data for table `civicrm_activity_target`
--

LOCK TABLES `civicrm_activity_target` WRITE;
/*!40000 ALTER TABLE `civicrm_activity_target` DISABLE KEYS */;
INSERT INTO `civicrm_activity_target` (`id`, `activity_id`, `target_contact_id`) VALUES (40,156,1),(42,167,1),(99,387,2),(100,389,2),(105,407,2),(76,327,6),(53,208,8),(21,90,9),(35,143,10),(58,233,10),(43,170,11),(93,368,14),(64,261,15),(32,122,16),(83,338,16),(71,302,18),(104,406,18),(75,323,19),(111,436,20),(25,98,22),(12,48,23),(31,114,24),(26,99,25),(49,195,25),(28,106,26),(17,64,28),(19,73,28),(54,218,28),(110,434,28),(3,7,29),(90,351,29),(50,198,30),(89,346,30),(102,394,30),(15,55,31),(8,38,32),(5,9,37),(33,123,37),(7,31,38),(52,201,38),(85,341,39),(94,370,40),(13,50,41),(59,235,42),(98,385,43),(109,433,43),(41,158,44),(69,289,44),(107,418,44),(66,274,45),(65,264,46),(47,192,47),(80,331,48),(97,384,48),(106,415,50),(92,361,51),(74,319,52),(36,146,53),(86,343,55),(11,45,56),(63,245,56),(39,155,57),(55,219,57),(10,43,60),(22,93,61),(72,313,61),(18,72,62),(78,329,62),(46,190,64),(20,83,65),(56,226,65),(57,230,65),(73,317,66),(70,292,67),(51,200,68),(108,419,68),(9,40,69),(77,328,69),(81,336,69),(48,193,72),(95,376,73),(30,110,74),(88,345,74),(1,1,76),(60,236,76),(62,244,76),(84,340,77),(96,379,77),(68,287,78),(44,174,79),(6,17,80),(91,359,80),(67,280,81),(82,337,81),(113,447,81),(34,134,82),(87,344,82),(23,94,83),(37,150,83),(79,330,84),(112,438,85),(38,153,86),(114,448,86),(24,95,89),(14,53,90),(2,5,91),(4,8,91),(61,242,93),(27,105,94),(29,107,94),(101,391,94),(103,395,95),(16,62,98),(45,183,99);
/*!40000 ALTER TABLE `civicrm_activity_target` ENABLE KEYS */;
UNLOCK TABLES;

--
-- Dumping data for table `civicrm_address`
--

LOCK TABLES `civicrm_address` WRITE;
/*!40000 ALTER TABLE `civicrm_address` DISABLE KEYS */;
INSERT INTO `civicrm_address` (`id`, `contact_id`, `location_type_id`, `is_primary`, `is_billing`, `street_address`, `street_number`, `street_number_suffix`, `street_number_predirectional`, `street_name`, `street_type`, `street_number_postdirectional`, `street_unit`, `supplemental_address_1`, `supplemental_address_2`, `supplemental_address_3`, `city`, `county_id`, `state_province_id`, `postal_code_suffix`, `postal_code`, `usps_adc`, `country_id`, `geo_code_1`, `geo_code_2`, `timezone`, `name`, `master_id`) VALUES (1,NULL,1,1,1,'15S El Camino Way E',14,'S',NULL,'El Camino','Way',NULL,NULL,NULL,NULL,NULL,'Collinsville',NULL,1006,NULL,'6022',NULL,1228,41.8328,-72.9253,NULL,NULL,NULL),(2,51,1,1,0,'185H Woodbridge Pl N',185,'H','W','Woodbridge','Pl','N',NULL,'Donor Relations',NULL,NULL,'Memphis',1,1031,NULL,'13112',NULL,1228,43.105771,-76.41482,NULL,NULL,NULL),(3,89,1,1,0,'443H Woodbridge Ave SW',443,'H','E','Woodbridge','Ave','SW',NULL,'Cuffe Parade',NULL,NULL,'Wasco',1,1036,NULL,'97065',NULL,1228,45.585405,-120.69234,NULL,NULL,NULL),(4,77,1,1,0,'878T El Camino Rd NE',878,'T','NW','El Camino','Rd','NE',NULL,'Disbursements',NULL,NULL,'Rowland',1,1032,NULL,'28383',NULL,1228,34.571076,-79.27404,NULL,NULL,NULL),(5,92,1,1,0,'567K El Camino Pl NE',567,'K','E','El Camino','Pl','NE',NULL,'Subscriptions Dept',NULL,NULL,'Roanoke',1,1045,NULL,'24035',NULL,1228,37.274175,-79.95786,NULL,NULL,NULL),(6,96,1,1,0,'817S Lincoln Ln E',817,'S','SW','Lincoln','Ln','E',NULL,'Attn: Development',NULL,NULL,'Cowarts',1,1000,NULL,'36321',NULL,1228,31.202473,-85.301373,NULL,NULL,NULL),(7,84,1,1,0,'603I Woodbridge Ln SE',603,'I','E','Woodbridge','Ln','SE',NULL,'Urgent',NULL,NULL,'New Castle',1,1045,NULL,'24127',NULL,1228,37.505033,-80.17302,NULL,NULL,NULL),(8,71,1,1,0,'317F Main Blvd W',317,'F','W','Main','Blvd','W',NULL,'Donor Relations',NULL,NULL,'Sheldon',1,1039,NULL,'29941',NULL,1228,32.586005,-80.82739,NULL,NULL,NULL),(9,86,1,1,0,'869B Lincoln Ave SW',869,'B','NW','Lincoln','Ave','SW',NULL,'Donor Relations',NULL,NULL,'Monroe City',1,1013,NULL,'47557',NULL,1228,38.588354,-87.34174,NULL,NULL,NULL),(10,69,1,1,0,'933N Maple Way NW',933,'N','SE','Maple','Way','NW',NULL,'Churchgate',NULL,NULL,'Baltimore',1,1019,NULL,'21280',NULL,1228,39.284707,-76.620489,NULL,NULL,NULL),(11,95,1,1,0,'486E Second Ave NW',486,'E','W','Second','Ave','NW',NULL,'Attn: Development',NULL,NULL,'Scarville',1,1014,NULL,'50473',NULL,1228,43.46592,-93.66671,NULL,NULL,NULL),(12,82,1,1,0,'771G Jackson Way NW',771,'G','SW','Jackson','Way','NW',NULL,'Subscriptions Dept',NULL,NULL,'Topping',1,1045,NULL,'23169',NULL,1228,37.599217,-76.45876,NULL,NULL,NULL),(13,99,1,1,0,'87E States Way SW',87,'E','SE','States','Way','SW',NULL,'Urgent',NULL,NULL,'Fairfield',1,1046,NULL,'99012',NULL,1228,47.383651,-117.18568,NULL,NULL,NULL),(14,66,1,1,0,'680P Martin Luther King Rd SE',680,'P','E','Martin Luther King','Rd','SE',NULL,'Disbursements',NULL,NULL,'Midway',1,1008,NULL,'32343',NULL,1228,30.494878,-84.46259,NULL,NULL,NULL),(15,67,1,1,0,'435O Woodbridge Ave NE',435,'O','NW','Woodbridge','Ave','NE',NULL,'Subscriptions Dept',NULL,NULL,'Sinks Grove',1,1047,NULL,'24976',NULL,1228,37.667594,-80.54184,NULL,NULL,NULL),(16,23,1,1,0,'243Y Northpoint Ave W',243,'Y','N','Northpoint','Ave','W',NULL,'Payables Dept.',NULL,NULL,'Fincastle',1,1045,NULL,'24090',NULL,1228,37.512912,-79.87046,NULL,NULL,NULL),(17,57,1,1,0,'410W Maple Way SE',410,'W','E','Maple','Way','SE',NULL,'Churchgate',NULL,NULL,'Maine',1,1031,NULL,'13802',NULL,1228,42.255624,-76.05009,NULL,NULL,NULL),(18,54,1,1,0,'396E El Camino Way E',396,'E','N','El Camino','Way','E',NULL,'Community Relations',NULL,NULL,'Oneco',1,1008,NULL,'34264',NULL,1228,27.427213,-82.438689,NULL,NULL,NULL),(19,81,1,1,0,'546Q Beech Pl NE',546,'Q','NW','Beech','Pl','NE',NULL,'Subscriptions Dept',NULL,NULL,'Norwalk',1,1006,NULL,'06860',NULL,1228,41.308873,-73.363661,NULL,NULL,NULL),(20,37,1,1,0,'216F Main Path SE',216,'F','SE','Main','Path','SE',NULL,'Disbursements',NULL,NULL,'Fargo',1,1033,NULL,'58121',NULL,1228,46.934596,-97.229718,NULL,NULL,NULL),(21,18,1,1,0,'11B College Pl SW',11,'B','SW','College','Pl','SW',NULL,'Community Relations',NULL,NULL,'Marietta',1,1009,NULL,'30006',NULL,1228,33.912473,-84.557181,NULL,NULL,NULL),(22,61,1,1,0,'630W Caulder Ave W',630,'W','S','Caulder','Ave','W',NULL,'Cuffe Parade',NULL,NULL,'Frackville',1,1037,NULL,'17931',NULL,1228,40.782361,-76.23232,NULL,NULL,NULL),(23,80,1,1,0,'777Q Bay Path SE',777,'Q','NE','Bay','Path','SE',NULL,'Attn: Development',NULL,NULL,'Cleveland',1,1034,NULL,'44181',NULL,1228,41.685744,-81.672797,NULL,NULL,NULL),(24,44,1,1,0,'888Q Jackson Ave E',888,'Q','W','Jackson','Ave','E',NULL,'Attn: Accounting',NULL,NULL,'Saint Louis',1,1024,NULL,'63163',NULL,1228,38.6531,-90.243462,NULL,NULL,NULL),(25,20,1,1,0,'918X Martin Luther King Rd S',918,'X','SE','Martin Luther King','Rd','S',NULL,'Subscriptions Dept',NULL,NULL,'Danville',1,1047,NULL,'25053',NULL,1228,38.05738,-81.86082,NULL,NULL,NULL),(26,76,1,1,0,'264C States Way SW',264,'C','SW','States','Way','SW',NULL,'Attn: Accounting',NULL,NULL,'Rocky Point',1,1032,NULL,'28457',NULL,1228,34.449782,-77.88697,NULL,NULL,NULL),(27,28,1,1,0,'655N Beech Way NE',655,'N','NE','Beech','Way','NE',NULL,'Disbursements',NULL,NULL,'Hazel Hurst',1,1037,NULL,'16733',NULL,1228,41.713565,-78.56703,NULL,NULL,NULL),(28,38,1,1,0,'283O States Way NW',283,'O','N','States','Way','NW',NULL,'Attn: Development',NULL,NULL,'Syracuse',1,1031,NULL,'13221',NULL,1228,43.02143,-76.197701,NULL,NULL,NULL),(29,97,1,1,0,'775J Maple Way SW',775,'J','NW','Maple','Way','SW',NULL,'Mailstop 101',NULL,NULL,'Golden',1,1012,NULL,'62339',NULL,1228,40.112726,-91.02632,NULL,NULL,NULL),(30,41,1,1,0,'156I Cadell Path SW',156,'I','W','Cadell','Path','SW',NULL,'Donor Relations',NULL,NULL,'Colstrip',1,1025,NULL,'59323',NULL,1228,45.915952,-106.65505,NULL,NULL,NULL),(31,62,1,1,0,'237D Van Ness Dr W',237,'D','N','Van Ness','Dr','W',NULL,'Community Relations',NULL,NULL,'Falcon',1,1032,NULL,'28342',NULL,1228,35.191142,-78.6514,NULL,NULL,NULL),(32,60,3,1,0,'513P Maple Way SE',513,'P','NW','Maple','Way','SE',NULL,'Attn: Accounting',NULL,NULL,'Smyrna',1,1021,NULL,'48887',NULL,1228,42.944929,-85.074665,NULL,NULL,NULL),(33,8,3,1,0,'308S Green Pl NW',308,'S','SE','Green','Pl','NW',NULL,'Receiving',NULL,NULL,'Myrtle',1,1023,NULL,'38650',NULL,1228,34.536153,-89.13829,NULL,NULL,NULL),(34,90,3,1,0,'745X Beech Path SE',745,'X','SW','Beech','Path','SE',NULL,'Cuffe Parade',NULL,NULL,'Daly City',1,1004,NULL,'94017',NULL,1228,37.381144,-122.334825,NULL,NULL,NULL),(35,85,3,1,0,'408I Woodbridge Pl SE',408,'I','S','Woodbridge','Pl','SE',NULL,'Receiving',NULL,NULL,'Joanna',1,1039,NULL,'29351',NULL,1228,34.415818,-81.8106,NULL,NULL,NULL),(36,87,3,1,0,'289T Maple Rd SW',289,'T','W','Maple','Rd','SW',NULL,'Donor Relations',NULL,NULL,'Belfast',1,1018,NULL,'04915',NULL,1228,44.445295,-69.02257,NULL,NULL,NULL),(37,79,3,1,0,'11A Maple Blvd N',11,'A','NW','Maple','Blvd','N',NULL,'Editorial Dept',NULL,NULL,'Pittsburgh',1,1037,NULL,'15274',NULL,1228,40.434436,-80.024817,NULL,NULL,NULL),(38,26,3,1,0,'705M Green Path S',705,'M','SW','Green','Path','S',NULL,'Mailstop 101',NULL,NULL,'Glenburn',1,1033,NULL,'58740',NULL,1228,48.485288,-101.22156,NULL,NULL,NULL),(39,14,3,1,0,'660B Green Pl N',660,'B','S','Green','Pl','N',NULL,'C/o PO Plus',NULL,NULL,'Tujunga',1,1004,NULL,'91042',NULL,1228,34.256952,-118.28453,NULL,NULL,NULL),(40,75,3,1,0,'487E Northpoint Pl S',487,'E','NE','Northpoint','Pl','S',NULL,'Attn: Accounting',NULL,NULL,'Fulton',1,1013,NULL,'46931',NULL,1228,40.947157,-86.26393,NULL,NULL,NULL),(41,30,3,1,0,'762M Northpoint Blvd S',762,'M','W','Northpoint','Blvd','S',NULL,'Attn: Development',NULL,NULL,'Albuquerque',1,1030,NULL,'87195',NULL,1228,35.044339,-106.672872,NULL,NULL,NULL),(42,34,1,1,0,'166I Northpoint Ave S',166,'I','NE','Northpoint','Ave','S',NULL,'Community Relations',NULL,NULL,'Kyburz',1,1004,NULL,'95720',NULL,1228,38.771209,-120.26765,NULL,NULL,NULL),(43,64,1,1,0,'825W Main Rd NE',825,'W','NW','Main','Rd','NE',NULL,'Urgent',NULL,NULL,'Seneca Rocks',1,1047,NULL,'26884',NULL,1228,38.849407,-79.37151,NULL,NULL,NULL),(44,53,1,1,0,'776F Bay Pl W',776,'F','S','Bay','Pl','W',NULL,'Disbursements',NULL,NULL,'Calumet',1,1037,NULL,'15621',NULL,1228,40.360223,-79.439801,NULL,NULL,NULL),(45,49,1,1,0,'632V Maple Dr S',632,'V','S','Maple','Dr','S',NULL,'Mailstop 101',NULL,NULL,'Winter Park',1,1008,NULL,'32789',NULL,1228,28.598677,-81.35594,NULL,NULL,NULL),(46,46,1,1,0,'512M Caulder Blvd N',512,'M','SE','Caulder','Blvd','N',NULL,'C/o PO Plus',NULL,NULL,'Mountain Home',1,1041,NULL,'37684',NULL,1228,36.309201,-82.37338,NULL,NULL,NULL),(47,2,1,1,0,'746W Woodbridge Way NE',746,'W','NW','Woodbridge','Way','NE',NULL,'Mailstop 101',NULL,NULL,'Reynolds',1,1026,NULL,'68429',NULL,1228,40.059775,-97.380646,NULL,NULL,NULL),(48,100,1,1,0,'197N Cadell Way SE',197,'N','S','Cadell','Way','SE',NULL,'Receiving',NULL,NULL,'Cuyahoga Falls',1,1034,NULL,'44223',NULL,1228,41.1486,-81.51241,NULL,NULL,NULL),(49,7,1,1,0,'845R Caulder Dr N',845,'R','NE','Caulder','Dr','N',NULL,'Churchgate',NULL,NULL,'Nampa',1,1011,NULL,'83651',NULL,1228,43.583454,-116.58697,NULL,NULL,NULL),(50,59,1,1,0,'752U Van Ness Way N',752,'U','N','Van Ness','Way','N',NULL,'Attn: Accounting',NULL,NULL,'Maxwelton',1,1047,NULL,'24957',NULL,1228,37.869998,-80.41067,NULL,NULL,NULL),(51,91,1,1,0,'430P Northpoint Blvd S',430,'P','E','Northpoint','Blvd','S',NULL,'C/o OPDC',NULL,NULL,'Jersey City',1,1029,NULL,'07399',NULL,1228,40.73235,-74.075391,NULL,NULL,NULL),(52,101,1,1,0,'792W Martin Luther King Path E',792,'W','S','Martin Luther King','Path','E',NULL,'Cuffe Parade',NULL,NULL,'Logan',1,1047,NULL,'25601',NULL,1228,37.833826,-82.00011,NULL,NULL,NULL),(53,31,1,1,0,'698W Woodbridge Ave NW',698,'W','W','Woodbridge','Ave','NW',NULL,'Mailstop 101',NULL,NULL,'Elwood',1,1013,NULL,'46036',NULL,1228,40.279375,-85.83761,NULL,NULL,NULL),(54,29,1,1,0,'551F Cadell Pl N',551,'F','S','Cadell','Pl','N',NULL,'Cuffe Parade',NULL,NULL,'Wayne',1,1034,NULL,'43741',NULL,1228,39.884291,-81.106797,NULL,NULL,NULL),(55,11,1,1,0,'357L Jackson Pl NE',357,'L','S','Jackson','Pl','NE',NULL,'Donor Relations',NULL,NULL,'Lunenburg',1,1045,NULL,'23952',NULL,1228,36.930088,-78.29215,NULL,NULL,NULL),(56,56,1,1,0,'476Y Bay Dr W',476,'Y','E','Bay','Dr','W',NULL,'Donor Relations',NULL,NULL,'Harleton',1,1042,NULL,'75651',NULL,1228,32.6941,-94.54519,NULL,NULL,NULL),(57,42,1,1,0,'529Z Van Ness Way NE',529,'Z','W','Van Ness','Way','NE',NULL,'Payables Dept.',NULL,NULL,'Crawford',1,1047,NULL,'26343',NULL,1228,38.85389,-80.40589,NULL,NULL,NULL),(58,63,1,1,0,'6U Van Ness Blvd SW',6,'U','SE','Van Ness','Blvd','SW',NULL,'Urgent',NULL,NULL,'Russellville',1,1013,NULL,'46175',NULL,1228,39.837161,-86.98612,NULL,NULL,NULL),(59,35,1,1,0,'513B Main Blvd W',513,'B','NE','Main','Blvd','W',NULL,'Community Relations',NULL,NULL,'Center Harbor',1,1028,NULL,'03226',NULL,1228,43.721094,-71.49652,NULL,NULL,NULL),(60,4,1,1,0,'529Q Lincoln Dr NW',529,'Q','W','Lincoln','Dr','NW',NULL,'Receiving',NULL,NULL,'Rush Hill',1,1024,NULL,'65280',NULL,1228,39.213975,-91.73545,NULL,NULL,NULL),(61,74,1,1,0,'328P Second Blvd S',328,'P','SW','Second','Blvd','S',NULL,'Attn: Accounting',NULL,NULL,'McKenzie',1,1041,NULL,'38201',NULL,1228,36.133065,-88.52246,NULL,NULL,NULL),(62,21,1,1,0,'832D Main Rd E',832,'D','W','Main','Rd','E',NULL,'Editorial Dept',NULL,NULL,'Corpus Christi',1,1042,NULL,'78461',NULL,1228,27.777,-97.463213,NULL,NULL,NULL),(63,40,1,1,0,'773F Van Ness Ave SW',773,'F','N','Van Ness','Ave','SW',NULL,'C/o OPDC',NULL,NULL,'Brusly',1,1017,NULL,'70719',NULL,1228,30.384402,-91.25549,NULL,NULL,NULL),(64,55,1,1,0,'813O Maple Pl S',813,'O','SE','Maple','Pl','S',NULL,'Churchgate',NULL,NULL,'Sulphur Springs',1,1042,NULL,'75483',NULL,1228,33.168606,-95.585464,NULL,NULL,NULL),(65,36,1,1,0,'685K Maple Way SW',685,'K','N','Maple','Way','SW',NULL,'Subscriptions Dept',NULL,NULL,'Hallwood',1,1045,NULL,'23359',NULL,1228,37.876357,-75.59686,NULL,NULL,NULL),(66,78,1,1,0,'548Z Second Ln NE',548,'Z','S','Second','Ln','NE',NULL,'Attn: Accounting',NULL,NULL,'Tempe',1,1002,NULL,'85280',NULL,1228,33.401395,-111.931298,NULL,NULL,NULL),(67,52,1,1,0,'830M Cadell Rd W',830,'M','S','Cadell','Rd','W',NULL,'Mailstop 101',NULL,NULL,'Hana',1,1010,NULL,'96713',NULL,1228,20.739217,-156.03893,NULL,NULL,NULL),(68,17,1,1,0,'491M Lincoln Path W',491,'M','W','Lincoln','Path','W',NULL,'Payables Dept.',NULL,NULL,'Lansing',1,1021,NULL,'48901',NULL,1228,42.599184,-84.371973,NULL,NULL,NULL),(69,43,1,1,0,'570F Jackson Way E',570,'F','N','Jackson','Way','E',NULL,'Community Relations',NULL,NULL,'Byesville',1,1034,NULL,'43723',NULL,1228,39.968985,-81.54108,NULL,NULL,NULL),(70,33,1,1,0,'542E Beech Ln NE',542,'E','W','Beech','Ln','NE',NULL,'Payables Dept.',NULL,NULL,'Eagle Springs',1,1032,NULL,'27242',NULL,1228,35.307299,-79.65327,NULL,NULL,NULL),(71,58,1,1,0,'61C Pine Ln W',61,'C','NW','Pine','Ln','W',NULL,'Receiving',NULL,NULL,'Sprott',1,1000,NULL,'36779',NULL,1228,32.701812,-87.17423,NULL,NULL,NULL),(72,65,1,1,0,'641B Second Pl E',641,'B','N','Second','Pl','E',NULL,'Payables Dept.',NULL,NULL,'Washington',1,1050,NULL,'20277',NULL,1228,38.893311,-77.014647,NULL,NULL,NULL),(73,19,1,1,0,'848X Green St N',848,'X','NW','Green','St','N',NULL,'Attn: Accounting',NULL,NULL,'Bumpus Mills',1,1041,NULL,'37028',NULL,1228,36.633539,-87.86841,NULL,NULL,NULL),(74,16,1,1,0,'462O Bay Ln N',462,'O','NW','Bay','Ln','N',NULL,'Payables Dept.',NULL,NULL,'Fort Lauderdale',1,1008,NULL,'33311',NULL,1228,26.13883,-80.16865,NULL,NULL,NULL),(75,73,1,1,0,'570K Martin Luther King St N',570,'K','SW','Martin Luther King','St','N',NULL,'Receiving',NULL,NULL,'La Mirada',1,1004,NULL,'90638',NULL,1228,33.90213,-118.00966,NULL,NULL,NULL),(76,9,1,1,0,'418H Maple Way S',418,'H','S','Maple','Way','S',NULL,'Churchgate',NULL,NULL,'Newnan',1,1009,NULL,'30265',NULL,1228,33.400875,-84.71206,NULL,NULL,NULL),(77,68,1,1,0,'34R Cadell Pl W',34,'R','SE','Cadell','Pl','W',NULL,'Attn: Accounting',NULL,NULL,'Rehrersburg',1,1037,NULL,'19550',NULL,1228,40.456862,-76.24373,NULL,NULL,NULL),(78,47,1,1,0,'632T Jackson Ave E',632,'T','SE','Jackson','Ave','E',NULL,'Urgent',NULL,NULL,'Portsmouth',1,1045,NULL,'23708',NULL,1228,36.846562,-76.30803,NULL,NULL,NULL),(79,24,1,1,0,'885X Lincoln Pl W',885,'X','NW','Lincoln','Pl','W',NULL,'Mailstop 101',NULL,NULL,'Orangeburg',1,1039,NULL,'29117',NULL,1228,33.442019,-80.797486,NULL,NULL,NULL),(80,50,1,1,0,'455S Bay Way NE',455,'S','NW','Bay','Way','NE',NULL,'Subscriptions Dept',NULL,NULL,'Lawrenceville',1,1009,NULL,'30045',NULL,1228,33.949054,-83.98565,NULL,NULL,NULL),(81,22,1,1,0,'254Q Woodbridge Ln SE',254,'Q','NW','Woodbridge','Ln','SE',NULL,'Attn: Development',NULL,NULL,'McConnelsville',1,1034,NULL,'43756',NULL,1228,39.675911,-81.79548,NULL,NULL,NULL),(82,13,1,1,0,'888U Van Ness Dr S',888,'U','S','Van Ness','Dr','S',NULL,'Attn: Accounting',NULL,NULL,'Spring Lake',1,1029,NULL,'07762',NULL,1228,40.153024,-74.03372,NULL,NULL,NULL),(83,3,1,1,0,'803C Main Dr NE',803,'C','E','Main','Dr','NE',NULL,'Attn: Development',NULL,NULL,'Jonesville',1,1013,NULL,'47247',NULL,1228,39.0601,-85.88879,NULL,NULL,NULL),(84,5,1,1,0,'499A Cadell Ln NW',499,'A','N','Cadell','Ln','NW',NULL,'Churchgate',NULL,NULL,'Moca',1,1056,NULL,'00676',NULL,1228,18.37956,-67.08424,NULL,NULL,NULL),(85,48,1,1,0,'29Z Martin Luther King Dr W',29,'Z','NW','Martin Luther King','Dr','W',NULL,'Mailstop 101',NULL,NULL,'Morton',1,1012,NULL,'61550',NULL,1228,40.613788,-89.46031,NULL,NULL,NULL),(86,10,1,1,0,'700W Green Blvd SW',700,'W','E','Green','Blvd','SW',NULL,'Urgent',NULL,NULL,'Enola',1,1003,NULL,'72047',NULL,1228,35.220931,-92.21721,NULL,NULL,NULL),(87,NULL,1,1,1,'14S El Camino Way E',14,'S',NULL,'El Camino','Way',NULL,NULL,NULL,NULL,NULL,'Collinsville',NULL,1006,NULL,'6022',NULL,1228,41.8328,-72.9253,NULL,NULL,NULL),(88,NULL,1,1,1,'11B Woodbridge Path SW',11,'B',NULL,'Woodbridge','Path',NULL,NULL,NULL,NULL,NULL,'Dayton',NULL,1034,NULL,'45417',NULL,1228,39.7531,-84.2471,NULL,NULL,NULL),(89,NULL,1,1,1,'581O Lincoln Dr SW',581,'O',NULL,'Lincoln','Dr',NULL,NULL,NULL,NULL,NULL,'Santa Fe',NULL,1030,NULL,'87594',NULL,1228,35.5212,-105.982,NULL,NULL,NULL);
/*!40000 ALTER TABLE `civicrm_address` ENABLE KEYS */;
UNLOCK TABLES;

--
-- Dumping data for table `civicrm_address_format`
--

LOCK TABLES `civicrm_address_format` WRITE;
/*!40000 ALTER TABLE `civicrm_address_format` DISABLE KEYS */;
/*!40000 ALTER TABLE `civicrm_address_format` ENABLE KEYS */;
UNLOCK TABLES;

--
-- Dumping data for table `civicrm_batch`
--

LOCK TABLES `civicrm_batch` WRITE;
/*!40000 ALTER TABLE `civicrm_batch` DISABLE KEYS */;
/*!40000 ALTER TABLE `civicrm_batch` ENABLE KEYS */;
UNLOCK TABLES;

--
-- Dumping data for table `civicrm_cache`
--

LOCK TABLES `civicrm_cache` WRITE;
/*!40000 ALTER TABLE `civicrm_cache` DISABLE KEYS */;
/*!40000 ALTER TABLE `civicrm_cache` ENABLE KEYS */;
UNLOCK TABLES;

--
-- Dumping data for table `civicrm_campaign`
--

LOCK TABLES `civicrm_campaign` WRITE;
/*!40000 ALTER TABLE `civicrm_campaign` DISABLE KEYS */;
/*!40000 ALTER TABLE `civicrm_campaign` ENABLE KEYS */;
UNLOCK TABLES;

--
-- Dumping data for table `civicrm_campaign_group`
--

LOCK TABLES `civicrm_campaign_group` WRITE;
/*!40000 ALTER TABLE `civicrm_campaign_group` DISABLE KEYS */;
/*!40000 ALTER TABLE `civicrm_campaign_group` ENABLE KEYS */;
UNLOCK TABLES;

--
-- Dumping data for table `civicrm_case`
--

LOCK TABLES `civicrm_case` WRITE;
/*!40000 ALTER TABLE `civicrm_case` DISABLE KEYS */;
/*!40000 ALTER TABLE `civicrm_case` ENABLE KEYS */;
UNLOCK TABLES;

--
-- Dumping data for table `civicrm_case_activity`
--

LOCK TABLES `civicrm_case_activity` WRITE;
/*!40000 ALTER TABLE `civicrm_case_activity` DISABLE KEYS */;
/*!40000 ALTER TABLE `civicrm_case_activity` ENABLE KEYS */;
UNLOCK TABLES;

--
-- Dumping data for table `civicrm_case_contact`
--

LOCK TABLES `civicrm_case_contact` WRITE;
/*!40000 ALTER TABLE `civicrm_case_contact` DISABLE KEYS */;
/*!40000 ALTER TABLE `civicrm_case_contact` ENABLE KEYS */;
UNLOCK TABLES;

--
-- Dumping data for table `civicrm_component`
--

LOCK TABLES `civicrm_component` WRITE;
/*!40000 ALTER TABLE `civicrm_component` DISABLE KEYS */;
INSERT INTO `civicrm_component` (`id`, `name`, `namespace`) VALUES (1,'CiviEvent','CRM_Event'),(2,'CiviContribute','CRM_Contribute'),(3,'CiviMember','CRM_Member'),(4,'CiviMail','CRM_Mailing'),(5,'CiviGrant','CRM_Grant'),(6,'CiviPledge','CRM_Pledge'),(7,'CiviCase','CRM_Case'),(8,'CiviReport','CRM_Report'),(9,'CiviCampaign','CRM_Campaign');
/*!40000 ALTER TABLE `civicrm_component` ENABLE KEYS */;
UNLOCK TABLES;

--
-- Dumping data for table `civicrm_contact`
--

LOCK TABLES `civicrm_contact` WRITE;
/*!40000 ALTER TABLE `civicrm_contact` DISABLE KEYS */;
INSERT INTO `civicrm_contact` (`id`, `contact_type`, `contact_sub_type`, `do_not_email`, `do_not_phone`, `do_not_mail`, `do_not_sms`, `do_not_trade`, `is_opt_out`, `legal_identifier`, `external_identifier`, `sort_name`, `display_name`, `nick_name`, `legal_name`, `image_URL`, `preferred_communication_method`, `preferred_language`, `preferred_mail_format`, `hash`, `api_key`, `source`, `first_name`, `middle_name`, `last_name`, `prefix_id`, `suffix_id`, `email_greeting_id`, `email_greeting_custom`, `email_greeting_display`, `postal_greeting_id`, `postal_greeting_custom`, `postal_greeting_display`, `addressee_id`, `addressee_custom`, `addressee_display`, `job_title`, `gender_id`, `birth_date`, `is_deceased`, `deceased_date`, `household_name`, `primary_contact_id`, `organization_name`, `sic_code`, `user_unique_id`, `employer_id`, `is_deleted`) VALUES (1,'Organization',NULL,0,0,0,0,0,0,NULL,NULL,'Inner City Arts','Inner City Arts',NULL,NULL,NULL,'4',NULL,'Both','1902067651',NULL,NULL,NULL,NULL,NULL,NULL,NULL,NULL,NULL,NULL,NULL,NULL,NULL,NULL,NULL,NULL,NULL,NULL,NULL,0,NULL,NULL,NULL,'Inner City Arts',NULL,NULL,NULL,0),(2,'Individual',NULL,1,1,0,0,1,0,NULL,NULL,'Jones, Michael','Ms Michael U Jones Sr',NULL,NULL,NULL,'1',NULL,'Both','875001868',NULL,NULL,'Michael','U','Jones',2,2,1,NULL,'Dear Michael',1,NULL,'Dear Michael',1,NULL,'Ms Michael U Jones Sr',NULL,2,'1975-01-16',1,NULL,NULL,NULL,NULL,NULL,NULL,NULL,0),(3,'Individual',NULL,1,0,0,0,1,0,NULL,NULL,'Reynolds, John','Mr John V Reynolds Sr',NULL,NULL,NULL,'4',NULL,'Both','-1384504410',NULL,NULL,'John','V','Reynolds',3,2,1,NULL,'Dear John',1,NULL,'Dear John',1,NULL,'Mr John V Reynolds Sr',NULL,2,'2006-12-24',1,NULL,NULL,NULL,NULL,NULL,NULL,NULL,0),(4,'Individual',NULL,0,1,0,0,1,0,NULL,NULL,'Yadav, Brzczysaw','Mrs Brzczysaw Z Yadav Jr',NULL,NULL,NULL,'4',NULL,'Both','-2123154528',NULL,NULL,'Brzczysaw','Z','Yadav',1,1,1,NULL,'Dear Brzczysaw',1,NULL,'Dear Brzczysaw',1,NULL,'Mrs Brzczysaw Z Yadav Jr',NULL,2,'2006-04-03',1,NULL,NULL,NULL,NULL,NULL,NULL,NULL,0),(5,'Individual',NULL,1,0,0,0,0,0,NULL,NULL,'chowski, Rebecca','Mrs Rebecca W chowski Sr',NULL,NULL,NULL,'5',NULL,'Both','1272202154',NULL,NULL,'Rebecca','W','chowski',1,2,1,NULL,'Dear Rebecca',1,NULL,'Dear Rebecca',1,NULL,'Mrs Rebecca W chowski Sr',NULL,1,'1971-09-21',0,NULL,NULL,NULL,NULL,NULL,NULL,NULL,0),(6,'Individual',NULL,0,0,0,0,1,0,NULL,NULL,'Samuels, Raymond','Mrs Raymond F Samuels Jr',NULL,NULL,NULL,'1',NULL,'Both','-1196995132',NULL,NULL,'Raymond','F','Samuels',1,1,1,NULL,'Dear Raymond',1,NULL,'Dear Raymond',1,NULL,'Mrs Raymond F Samuels Jr',NULL,2,'1996-10-02',1,NULL,NULL,NULL,NULL,NULL,NULL,NULL,0),(7,'Individual',NULL,1,0,0,0,1,0,NULL,NULL,'Yadav, Michael','Mrs Michael F Yadav Jr',NULL,NULL,NULL,'4',NULL,'Both','1758805420',NULL,NULL,'Michael','F','Yadav',1,1,1,NULL,'Dear Michael',1,NULL,'Dear Michael',1,NULL,'Mrs Michael F Yadav Jr',NULL,2,'1971-04-29',0,NULL,NULL,NULL,NULL,NULL,NULL,NULL,0),(8,'Organization',NULL,0,1,0,0,1,0,NULL,NULL,'Compasspoint  ','Compasspoint  ',NULL,NULL,NULL,'3',NULL,'Both','-1531408',NULL,NULL,NULL,NULL,NULL,NULL,NULL,NULL,NULL,NULL,NULL,NULL,NULL,3,NULL,'Compasspoint  ',NULL,NULL,NULL,0,NULL,NULL,NULL,'Compasspoint  ',NULL,NULL,NULL,0),(9,'Individual',NULL,0,0,0,0,1,0,NULL,NULL,'Parker, Bruce','Mrs Bruce W Parker Sr',NULL,NULL,NULL,'4',NULL,'Both','256320975',NULL,NULL,'Bruce','W','Parker',1,2,1,NULL,'Dear Bruce',1,NULL,'Dear Bruce',1,NULL,'Mrs Bruce W Parker Sr',NULL,1,'1997-12-22',0,NULL,NULL,NULL,NULL,NULL,NULL,NULL,0),(10,'Individual',NULL,0,0,0,0,0,0,NULL,NULL,'Zope, Bruce','Dr Bruce O Zope Jr',NULL,NULL,NULL,'3',NULL,'Both','1951675475',NULL,NULL,'Bruce','O','Zope',4,1,1,NULL,'Dear Bruce',1,NULL,'Dear Bruce',1,NULL,'Dr Bruce O Zope Jr',NULL,2,'1973-07-10',1,NULL,NULL,NULL,NULL,NULL,NULL,NULL,0),(11,'Individual',NULL,0,0,0,0,0,0,NULL,NULL,'Jameson, Melinda','Ms Melinda S Jameson Jr',NULL,NULL,NULL,'3',NULL,'Both','961128637',NULL,NULL,'Melinda','S','Jameson',2,1,1,NULL,'Dear Melinda',1,NULL,'Dear Melinda',1,NULL,'Ms Melinda S Jameson Jr',NULL,2,'2001-08-17',0,NULL,NULL,NULL,NULL,NULL,NULL,NULL,0),(12,'Individual',NULL,1,1,0,0,1,0,NULL,NULL,'Smith, Bill','Dr Bill N Smith Sr',NULL,NULL,NULL,'3',NULL,'Both','-2068206442',NULL,NULL,'Bill','N','Smith',4,2,1,NULL,'Dear Bill',1,NULL,'Dear Bill',1,NULL,'Dr Bill N Smith Sr',NULL,2,'1978-02-03',0,NULL,NULL,NULL,NULL,NULL,NULL,NULL,0),(13,'Individual',NULL,0,1,0,0,0,0,NULL,NULL,'Smith, Jake','Mr Jake U Smith Jr',NULL,NULL,NULL,'4',NULL,'Both','2038692770',NULL,NULL,'Jake','U','Smith',3,1,1,NULL,'Dear Jake',1,NULL,'Dear Jake',1,NULL,'Mr Jake U Smith Jr',NULL,2,'1971-12-08',1,NULL,NULL,NULL,NULL,NULL,NULL,NULL,0),(14,'Organization',NULL,0,1,0,0,1,0,NULL,NULL,'Cisco Systems  ','Cisco Systems  ',NULL,NULL,NULL,'1',NULL,'Both','795728639',NULL,NULL,NULL,NULL,NULL,NULL,NULL,NULL,NULL,NULL,NULL,NULL,NULL,3,NULL,'Cisco Systems  ',NULL,NULL,NULL,0,NULL,NULL,NULL,'Cisco Systems  ',NULL,NULL,NULL,0),(15,'Individual',NULL,1,1,0,0,0,0,NULL,NULL,'Roberts, Charles','Dr Charles V Roberts Jr',NULL,NULL,NULL,'4',NULL,'Both','-1447606116',NULL,NULL,'Charles','V','Roberts',4,1,1,NULL,'Dear Charles',1,NULL,'Dear Charles',1,NULL,'Dr Charles V Roberts Jr',NULL,1,'1970-08-27',0,NULL,NULL,NULL,NULL,NULL,NULL,NULL,0),(16,'Individual',NULL,1,0,0,0,1,0,NULL,NULL,'Roberts, Bernard','Ms Bernard M Roberts Jr',NULL,NULL,NULL,'3',NULL,'Both','5883777',NULL,NULL,'Bernard','M','Roberts',2,1,1,NULL,'Dear Bernard',1,NULL,'Dear Bernard',1,NULL,'Ms Bernard M Roberts Jr',NULL,2,'2006-04-08',1,NULL,NULL,NULL,NULL,NULL,NULL,NULL,0),(17,'Individual',NULL,1,1,0,0,0,0,NULL,NULL,'Adams, Greg','Ms Greg Y Adams Sr',NULL,NULL,NULL,'5',NULL,'Both','1384014872',NULL,NULL,'Greg','Y','Adams',2,2,1,NULL,'Dear Greg',1,NULL,'Dear Greg',1,NULL,'Ms Greg Y Adams Sr',NULL,1,'2009-11-24',1,NULL,NULL,NULL,NULL,NULL,NULL,NULL,0),(18,'Household',NULL,0,0,0,0,0,0,NULL,NULL,'Monica Samuels\'s home','Monica Samuels\'s home','Samuels\'s home',NULL,NULL,'3',NULL,'Both','-1724177016',NULL,NULL,NULL,NULL,NULL,NULL,NULL,5,NULL,'Dear Monica Samuels\'s home',5,NULL,'Dear Monica Samuels\'s home',2,NULL,'Monica Samuels\'s home',NULL,NULL,NULL,0,NULL,'Monica Samuels\'s home',63,NULL,NULL,NULL,NULL,0),(19,'Individual',NULL,1,0,0,0,0,0,NULL,NULL,'Patel, Bernard','Mr Bernard W Patel Jr',NULL,NULL,NULL,'1',NULL,'Both','-1191767957',NULL,NULL,'Bernard','W','Patel',3,1,1,NULL,'Dear Bernard',1,NULL,'Dear Bernard',1,NULL,'Mr Bernard W Patel Jr',NULL,2,'1991-02-17',0,NULL,NULL,NULL,NULL,NULL,NULL,NULL,0),(20,'Household',NULL,1,1,0,0,1,0,NULL,NULL,'Bernard Roberts\'s home','Bernard Roberts\'s home','Roberts\'s home',NULL,NULL,'3',NULL,'Both','-457451742',NULL,NULL,NULL,NULL,NULL,NULL,NULL,5,NULL,'Dear Bernard Roberts\'s home',5,NULL,'Dear Bernard Roberts\'s home',2,NULL,'Bernard Roberts\'s home',NULL,NULL,NULL,0,NULL,'Bernard Roberts\'s home',16,NULL,NULL,NULL,NULL,0),(21,'Individual',NULL,0,1,0,0,1,0,NULL,NULL,'Jones, Rebecca','Mr Rebecca U Jones Jr',NULL,NULL,NULL,'3',NULL,'Both','907455080',NULL,NULL,'Rebecca','U','Jones',3,1,1,NULL,'Dear Rebecca',1,NULL,'Dear Rebecca',1,NULL,'Mr Rebecca U Jones Jr',NULL,2,'1997-09-01',0,NULL,NULL,NULL,NULL,NULL,NULL,NULL,0),(22,'Individual',NULL,1,1,0,0,1,0,NULL,NULL,'Grant, Amar','Ms Amar S Grant Sr',NULL,NULL,NULL,'3',NULL,'Both','-520880921',NULL,NULL,'Amar','S','Grant',2,2,1,NULL,'Dear Amar',1,NULL,'Dear Amar',1,NULL,'Ms Amar S Grant Sr',NULL,2,'1992-10-08',0,NULL,NULL,NULL,NULL,NULL,NULL,NULL,0),(23,'Individual',NULL,0,1,0,0,1,0,NULL,NULL,'Jameson, Monica','Mr Monica K Jameson Sr',NULL,NULL,NULL,'1',NULL,'Both','1611421004',NULL,NULL,'Monica','K','Jameson',3,2,1,NULL,'Dear Monica',1,NULL,'Dear Monica',1,NULL,'Mr Monica K Jameson Sr',NULL,2,'1982-12-26',1,NULL,NULL,NULL,NULL,NULL,NULL,NULL,0),(24,'Individual',NULL,1,0,0,0,1,0,NULL,NULL,'Grant, Anne','Dr Anne J Grant Jr',NULL,NULL,NULL,'4',NULL,'Both','-419505226',NULL,NULL,'Anne','J','Grant',4,1,1,NULL,'Dear Anne',1,NULL,'Dear Anne',1,NULL,'Dr Anne J Grant Jr',NULL,1,'1988-09-29',0,NULL,NULL,NULL,NULL,NULL,NULL,NULL,0),(25,'Individual',NULL,0,0,0,0,1,0,NULL,NULL,'Parker, Richard','Dr Richard F Parker Jr',NULL,NULL,NULL,'1',NULL,'Both','537829154',NULL,NULL,'Richard','F','Parker',4,1,1,NULL,'Dear Richard',1,NULL,'Dear Richard',1,NULL,'Dr Richard F Parker Jr',NULL,2,'1989-01-13',1,NULL,NULL,NULL,NULL,NULL,NULL,NULL,0),(26,'Organization',NULL,1,1,0,0,0,0,NULL,NULL,'Inner City  ','Inner City  ',NULL,NULL,NULL,'3',NULL,'Both','550937833',NULL,NULL,NULL,NULL,NULL,NULL,NULL,NULL,NULL,NULL,NULL,NULL,NULL,3,NULL,'Inner City  ',NULL,NULL,NULL,0,NULL,NULL,NULL,'Inner City  ',NULL,NULL,NULL,0),(27,'Individual',NULL,0,1,0,0,1,0,NULL,NULL,'Yadav, Bruce','Dr Bruce E Yadav Sr',NULL,NULL,NULL,'5',NULL,'Both','2146464792',NULL,NULL,'Bruce','E','Yadav',4,2,1,NULL,'Dear Bruce',1,NULL,'Dear Bruce',1,NULL,'Dr Bruce E Yadav Sr',NULL,1,'1977-10-08',0,NULL,NULL,NULL,NULL,NULL,NULL,NULL,0),(28,'Household',NULL,0,1,0,0,0,0,NULL,NULL,'Jake Smith\'s home','Jake Smith\'s home','Smith\'s home',NULL,NULL,'2',NULL,'Both','1401933745',NULL,NULL,NULL,NULL,NULL,NULL,NULL,5,NULL,'Dear Jake Smith\'s home',5,NULL,'Dear Jake Smith\'s home',2,NULL,'Jake Smith\'s home',NULL,NULL,NULL,0,NULL,'Jake Smith\'s home',13,NULL,NULL,NULL,NULL,0),(29,'Individual',NULL,0,0,0,0,0,0,NULL,NULL,'Zope, Sheila','Ms Sheila D Zope Jr',NULL,NULL,NULL,'1',NULL,'Both','1949818148',NULL,NULL,'Sheila','D','Zope',2,1,1,NULL,'Dear Sheila',1,NULL,'Dear Sheila',1,NULL,'Ms Sheila D Zope Jr',NULL,2,'2006-04-03',1,NULL,NULL,NULL,NULL,NULL,NULL,NULL,0),(30,'Organization',NULL,1,0,0,0,1,0,NULL,NULL,'Conservation Corp  ','Conservation Corp  ',NULL,NULL,NULL,'4',NULL,'Both','1902067651',NULL,NULL,NULL,NULL,NULL,NULL,NULL,NULL,NULL,NULL,NULL,NULL,NULL,3,NULL,'Conservation Corp  ',NULL,NULL,NULL,0,NULL,NULL,NULL,'Conservation Corp  ',NULL,NULL,NULL,0),(31,'Individual',NULL,0,1,0,0,0,0,NULL,NULL,'Jameson, Richard','Dr Richard L Jameson Jr',NULL,NULL,NULL,'4',NULL,'Both','-2107674064',NULL,NULL,'Richard','L','Jameson',4,1,1,NULL,'Dear Richard',1,NULL,'Dear Richard',1,NULL,'Dr Richard L Jameson Jr',NULL,2,'2010-06-27',1,NULL,NULL,NULL,NULL,NULL,NULL,NULL,0),(32,'Individual',NULL,1,1,0,0,0,0,NULL,NULL,'Jones, Franklin','Mr Franklin J Jones Jr',NULL,NULL,NULL,'4',NULL,'Both','-1767217178',NULL,NULL,'Franklin','J','Jones',3,1,1,NULL,'Dear Franklin',1,NULL,'Dear Franklin',1,NULL,'Mr Franklin J Jones Jr',NULL,2,'1993-06-08',0,NULL,NULL,NULL,NULL,NULL,NULL,NULL,0),(33,'Individual',NULL,1,0,0,0,1,0,NULL,NULL,'Parker, Michelle','Dr Michelle I Parker Jr',NULL,NULL,NULL,'1',NULL,'Both','-838695549',NULL,NULL,'Michelle','I','Parker',4,1,1,NULL,'Dear Michelle',1,NULL,'Dear Michelle',1,NULL,'Dr Michelle I Parker Jr',NULL,1,'2002-06-20',0,NULL,NULL,NULL,NULL,NULL,NULL,NULL,0),(34,'Individual',NULL,1,0,0,0,0,0,NULL,NULL,'Samuels, Greg','Mr Greg L Samuels Jr',NULL,NULL,NULL,'4',NULL,'Both','-459911430',NULL,NULL,'Greg','L','Samuels',3,1,1,NULL,'Dear Greg',1,NULL,'Dear Greg',1,NULL,'Mr Greg L Samuels Jr',NULL,2,'1985-11-19',1,NULL,NULL,NULL,NULL,NULL,NULL,NULL,0),(35,'Individual',NULL,0,0,0,0,0,0,NULL,NULL,'Adams, Chris','Mrs Chris B Adams Sr',NULL,NULL,NULL,'4',NULL,'Both','1174315129',NULL,NULL,'Chris','B','Adams',1,2,1,NULL,'Dear Chris',1,NULL,'Dear Chris',1,NULL,'Mrs Chris B Adams Sr',NULL,1,'2008-05-06',1,NULL,NULL,NULL,NULL,NULL,NULL,NULL,0),(36,'Individual',NULL,0,1,0,0,1,0,NULL,NULL,'chowski, Greg','Dr Greg M chowski Sr',NULL,NULL,NULL,'2',NULL,'Both','450160442',NULL,NULL,'Greg','M','chowski',4,2,1,NULL,'Dear Greg',1,NULL,'Dear Greg',1,NULL,'Dr Greg M chowski Sr',NULL,2,'1978-03-19',0,NULL,NULL,NULL,NULL,NULL,NULL,NULL,0),(37,'Household',NULL,1,1,0,0,0,0,NULL,NULL,'Sheila Zope\'s home','Sheila Zope\'s home','Zope\'s home',NULL,NULL,'3',NULL,'Both','1388630303',NULL,NULL,NULL,NULL,NULL,NULL,NULL,5,NULL,'Dear Sheila Zope\'s home',5,NULL,'Dear Sheila Zope\'s home',2,NULL,'Sheila Zope\'s home',NULL,NULL,NULL,0,NULL,'Sheila Zope\'s home',29,NULL,NULL,NULL,NULL,0),(38,'Household',NULL,0,0,0,0,0,0,NULL,NULL,'Bruce Zope\'s home','Bruce Zope\'s home','Zope\'s home',NULL,NULL,'3',NULL,'Both','309583222',NULL,NULL,NULL,NULL,NULL,NULL,NULL,5,NULL,'Dear Bruce Zope\'s home',5,NULL,'Dear Bruce Zope\'s home',2,NULL,'Bruce Zope\'s home',NULL,NULL,NULL,0,NULL,'Bruce Zope\'s home',10,NULL,NULL,NULL,NULL,0),(39,'Individual',NULL,0,1,0,0,0,0,NULL,NULL,'Smith, Bruce','Ms Bruce N Smith Sr',NULL,NULL,NULL,'1',NULL,'Both','-448421591',NULL,NULL,'Bruce','N','Smith',2,2,1,NULL,'Dear Bruce',1,NULL,'Dear Bruce',1,NULL,'Ms Bruce N Smith Sr',NULL,2,'1985-10-21',0,NULL,NULL,NULL,NULL,NULL,NULL,NULL,0),(40,'Individual',NULL,0,1,0,0,1,0,NULL,NULL,'Smith, Franklin','Mr Franklin E Smith Jr',NULL,NULL,NULL,'4',NULL,'Both','583913263',NULL,NULL,'Franklin','E','Smith',3,1,1,NULL,'Dear Franklin',1,NULL,'Dear Franklin',1,NULL,'Mr Franklin E Smith Jr',NULL,2,'1974-03-20',0,NULL,NULL,NULL,NULL,NULL,NULL,NULL,0),(41,'Household',NULL,0,0,0,0,1,0,NULL,NULL,'Jane Smith\'s home','Jane Smith\'s home','Smith\'s home',NULL,NULL,'2',NULL,'Both','1611166010',NULL,NULL,NULL,NULL,NULL,NULL,NULL,5,NULL,'Dear Jane Smith\'s home',5,NULL,'Dear Jane Smith\'s home',2,NULL,'Jane Smith\'s home',NULL,NULL,NULL,0,NULL,'Jane Smith\'s home',70,NULL,NULL,NULL,NULL,0),(42,'Individual',NULL,0,1,0,0,1,0,NULL,NULL,'Yadav, Tony','Ms Tony X Yadav Sr',NULL,NULL,NULL,'3',NULL,'Both','-1597253233',NULL,NULL,'Tony','X','Yadav',2,2,1,NULL,'Dear Tony',1,NULL,'Dear Tony',1,NULL,'Ms Tony X Yadav Sr',NULL,2,'1986-08-20',1,NULL,NULL,NULL,NULL,NULL,NULL,NULL,0),(43,'Individual',NULL,1,1,0,0,0,0,NULL,NULL,'Jameson, Andrew','Ms Andrew A Jameson Sr',NULL,NULL,NULL,'5',NULL,'Both','-135396699',NULL,NULL,'Andrew','A','Jameson',2,2,1,NULL,'Dear Andrew',1,NULL,'Dear Andrew',1,NULL,'Ms Andrew A Jameson Sr',NULL,2,'1993-04-10',0,NULL,NULL,NULL,NULL,NULL,NULL,NULL,0),(44,'Household',NULL,0,0,0,0,1,0,NULL,NULL,'Michelle Parker\'s home','Michelle Parker\'s home','Parker\'s home',NULL,NULL,'1',NULL,'Both','-1223424689',NULL,NULL,NULL,NULL,NULL,NULL,NULL,5,NULL,'Dear Michelle Parker\'s home',5,NULL,'Dear Michelle Parker\'s home',2,NULL,'Michelle Parker\'s home',NULL,NULL,NULL,0,NULL,'Michelle Parker\'s home',33,NULL,NULL,NULL,NULL,0),(45,'Individual',NULL,0,1,0,0,0,0,NULL,NULL,'chowski, Kenneth','Ms Kenneth O chowski Jr',NULL,NULL,NULL,'2',NULL,'Both','-743329737',NULL,NULL,'Kenneth','O','chowski',2,1,1,NULL,'Dear Kenneth',1,NULL,'Dear Kenneth',1,NULL,'Ms Kenneth O chowski Jr',NULL,2,'1999-07-02',0,NULL,NULL,NULL,NULL,NULL,NULL,NULL,0),(46,'Individual',NULL,0,1,0,0,1,0,NULL,NULL,'Jameson, Brzczysaw','Mr Brzczysaw O Jameson Jr',NULL,NULL,NULL,'5',NULL,'Both','-1056758637',NULL,NULL,'Brzczysaw','O','Jameson',3,1,1,NULL,'Dear Brzczysaw',1,NULL,'Dear Brzczysaw',1,NULL,'Mr Brzczysaw O Jameson Jr',NULL,1,'1984-01-13',0,NULL,NULL,NULL,NULL,NULL,NULL,NULL,0),(47,'Individual',NULL,0,1,0,0,0,0,NULL,NULL,'Smith, Sandy','Ms Sandy B Smith Jr',NULL,NULL,NULL,'5',NULL,'Both','-1319476877',NULL,NULL,'Sandy','B','Smith',2,1,1,NULL,'Dear Sandy',1,NULL,'Dear Sandy',1,NULL,'Ms Sandy B Smith Jr',NULL,1,'1979-03-18',0,NULL,NULL,NULL,NULL,NULL,NULL,NULL,0),(48,'Individual',NULL,0,0,0,0,1,0,NULL,NULL,'Jones, Dan','Dr Dan G Jones Jr',NULL,NULL,NULL,'2',NULL,'Both','2112700752',NULL,NULL,'Dan','G','Jones',4,1,1,NULL,'Dear Dan',1,NULL,'Dear Dan',1,NULL,'Dr Dan G Jones Jr',NULL,2,'1979-08-04',1,NULL,NULL,NULL,NULL,NULL,NULL,NULL,0),(49,'Individual',NULL,0,0,0,0,0,0,NULL,NULL,'Adams, Brzczysaw','Mrs Brzczysaw E Adams Sr',NULL,NULL,NULL,'4',NULL,'Both','-916512979',NULL,NULL,'Brzczysaw','E','Adams',1,2,1,NULL,'Dear Brzczysaw',1,NULL,'Dear Brzczysaw',1,NULL,'Mrs Brzczysaw E Adams Sr',NULL,1,'1991-03-27',0,NULL,NULL,NULL,NULL,NULL,NULL,NULL,0),(50,'Individual',NULL,1,1,0,0,1,0,NULL,NULL,'Yadav, Michael','Ms Michael R Yadav Jr',NULL,NULL,NULL,'4',NULL,'Both','1758805420',NULL,NULL,'Michael','R','Yadav',2,1,1,NULL,'Dear Michael',1,NULL,'Dear Michael',1,NULL,'Ms Michael R Yadav Jr',NULL,1,'2008-09-26',1,NULL,NULL,NULL,NULL,NULL,NULL,NULL,0),(51,'Individual',NULL,1,0,0,0,1,0,NULL,NULL,'chowski, Brzczysaw','Dr Brzczysaw S chowski Sr',NULL,NULL,NULL,'3',NULL,'Both','-1204014320',NULL,NULL,'Brzczysaw','S','chowski',4,2,1,NULL,'Dear Brzczysaw',1,NULL,'Dear Brzczysaw',1,NULL,'Dr Brzczysaw S chowski Sr',NULL,1,'2002-05-03',1,NULL,NULL,NULL,NULL,NULL,NULL,NULL,0),(52,'Individual',NULL,1,0,0,0,0,0,NULL,NULL,'Smith, Raymond','Mrs Raymond I Smith Jr',NULL,NULL,NULL,'4',NULL,'Both','-540284072',NULL,NULL,'Raymond','I','Smith',1,1,1,NULL,'Dear Raymond',1,NULL,'Dear Raymond',1,NULL,'Mrs Raymond I Smith Jr',NULL,1,'2008-11-11',0,NULL,NULL,NULL,NULL,NULL,NULL,NULL,0),(53,'Individual',NULL,0,0,0,0,0,0,NULL,NULL,'Smith, Milan','Ms Milan J Smith Sr',NULL,NULL,NULL,'3',NULL,'Both','1444857235',NULL,NULL,'Milan','J','Smith',2,2,1,NULL,'Dear Milan',1,NULL,'Dear Milan',1,NULL,'Ms Milan J Smith Sr',NULL,1,'2005-02-08',1,NULL,NULL,NULL,NULL,NULL,NULL,NULL,0),(54,'Household',NULL,0,1,0,0,1,0,NULL,NULL,'Brzczysaw Jameson\'s home','Brzczysaw Jameson\'s home','Jameson\'s home',NULL,NULL,'3',NULL,'Both','668422066',NULL,NULL,NULL,NULL,NULL,NULL,NULL,5,NULL,'Dear Brzczysaw Jameson\'s home',5,NULL,'Dear Brzczysaw Jameson\'s home',2,NULL,'Brzczysaw Jameson\'s home',NULL,NULL,NULL,0,NULL,'Brzczysaw Jameson\'s home',46,NULL,NULL,NULL,NULL,0),(55,'Individual',NULL,0,0,0,0,0,0,NULL,NULL,'Samuels, Walter','Mr Walter W Samuels Sr',NULL,NULL,NULL,'3',NULL,'Both','-544104111',NULL,NULL,'Walter','W','Samuels',3,2,1,NULL,'Dear Walter',1,NULL,'Dear Walter',1,NULL,'Mr Walter W Samuels Sr',NULL,2,'1970-08-23',0,NULL,NULL,NULL,NULL,NULL,NULL,NULL,0),(56,'Individual',NULL,0,1,0,0,1,0,NULL,NULL,'Adams, Sandy','Ms Sandy K Adams Jr',NULL,NULL,NULL,'1',NULL,'Both','408007990',NULL,NULL,'Sandy','K','Adams',2,1,1,NULL,'Dear Sandy',1,NULL,'Dear Sandy',1,NULL,'Ms Sandy K Adams Jr',NULL,2,'1981-04-04',1,NULL,NULL,NULL,NULL,NULL,NULL,NULL,0),(57,'Household',NULL,1,1,0,0,1,0,NULL,NULL,'Greg Samuels\'s home','Greg Samuels\'s home','Samuels\'s home',NULL,NULL,'3',NULL,'Both','-762679135',NULL,NULL,NULL,NULL,NULL,NULL,NULL,5,NULL,'Dear Greg Samuels\'s home',5,NULL,'Dear Greg Samuels\'s home',2,NULL,'Greg Samuels\'s home',NULL,NULL,NULL,0,NULL,'Greg Samuels\'s home',34,NULL,NULL,NULL,NULL,0),(58,'Individual',NULL,0,0,0,0,0,0,NULL,NULL,'Jones, Walter','Mrs Walter V Jones Sr',NULL,NULL,NULL,'2',NULL,'Both','2115428510',NULL,NULL,'Walter','V','Jones',1,2,1,NULL,'Dear Walter',1,NULL,'Dear Walter',1,NULL,'Mrs Walter V Jones Sr',NULL,1,'1970-02-06',1,NULL,NULL,NULL,NULL,NULL,NULL,NULL,0),(59,'Individual',NULL,1,1,0,0,0,0,NULL,NULL,'Grant, Jane','Ms Jane Z Grant Sr',NULL,NULL,NULL,'4',NULL,'Both','983767946',NULL,NULL,'Jane','Z','Grant',2,2,1,NULL,'Dear Jane',1,NULL,'Dear Jane',1,NULL,'Ms Jane Z Grant Sr',NULL,2,'1973-06-03',1,NULL,NULL,NULL,NULL,NULL,NULL,NULL,0),(60,'Organization',NULL,0,0,0,0,1,0,NULL,NULL,'Inner City  ','Inner City  ',NULL,NULL,NULL,'4',NULL,'Both','550937833',NULL,NULL,NULL,NULL,NULL,NULL,NULL,NULL,NULL,NULL,NULL,NULL,NULL,3,NULL,'Inner City  ',NULL,NULL,NULL,0,NULL,NULL,NULL,'Inner City  ',NULL,NULL,NULL,0),(61,'Household',NULL,1,1,0,0,1,0,NULL,NULL,'Rebecca Jones\'s home','Rebecca Jones\'s home','Jones\'s home',NULL,NULL,'1',NULL,'Both','898827553',NULL,NULL,NULL,NULL,NULL,NULL,NULL,5,NULL,'Dear Rebecca Jones\'s home',5,NULL,'Dear Rebecca Jones\'s home',2,NULL,'Rebecca Jones\'s home',NULL,NULL,NULL,0,NULL,'Rebecca Jones\'s home',21,NULL,NULL,NULL,NULL,0),(62,'Household',NULL,1,0,0,0,1,0,NULL,NULL,'Raymond Samuels\'s home','Raymond Samuels\'s home','Samuels\'s home',NULL,NULL,'5',NULL,'Both','1007987496',NULL,NULL,NULL,NULL,NULL,NULL,NULL,5,NULL,'Dear Raymond Samuels\'s home',5,NULL,'Dear Raymond Samuels\'s home',2,NULL,'Raymond Samuels\'s home',NULL,NULL,NULL,0,NULL,'Raymond Samuels\'s home',6,NULL,NULL,NULL,NULL,0),(63,'Individual',NULL,0,1,0,0,1,0,NULL,NULL,'Samuels, Monica','Ms Monica I Samuels Jr',NULL,NULL,NULL,'1',NULL,'Both','-1359011779',NULL,NULL,'Monica','I','Samuels',2,1,1,NULL,'Dear Monica',1,NULL,'Dear Monica',1,NULL,'Ms Monica I Samuels Jr',NULL,1,'1982-01-23',0,NULL,NULL,NULL,NULL,NULL,NULL,NULL,0),(64,'Individual',NULL,0,0,0,0,0,0,NULL,NULL,'Yadav, Monica','Ms Monica A Yadav Jr',NULL,NULL,NULL,'2',NULL,'Both','1314374985',NULL,NULL,'Monica','A','Yadav',2,1,1,NULL,'Dear Monica',1,NULL,'Dear Monica',1,NULL,'Ms Monica A Yadav Jr',NULL,2,'2010-10-31',1,NULL,NULL,NULL,NULL,NULL,NULL,NULL,0),(65,'Individual',NULL,1,1,0,0,0,0,NULL,NULL,'Smith, Jennifer','Mrs Jennifer B Smith Jr',NULL,NULL,NULL,'2',NULL,'Both','963089643',NULL,NULL,'Jennifer','B','Smith',1,1,1,NULL,'Dear Jennifer',1,NULL,'Dear Jennifer',1,NULL,'Mrs Jennifer B Smith Jr',NULL,2,'2001-02-07',1,NULL,NULL,NULL,NULL,NULL,NULL,NULL,0),(66,'Individual',NULL,1,1,0,0,0,0,NULL,NULL,'Jones, Raymond','Dr Raymond W Jones Jr',NULL,NULL,NULL,'2',NULL,'Both','-1277356636',NULL,NULL,'Raymond','W','Jones',4,1,1,NULL,'Dear Raymond',1,NULL,'Dear Raymond',1,NULL,'Dr Raymond W Jones Jr',NULL,2,'1985-02-27',0,NULL,NULL,NULL,NULL,NULL,NULL,NULL,0),(67,'Individual',NULL,0,0,0,0,1,0,NULL,NULL,'Parker, John','Ms John Q Parker Sr',NULL,NULL,NULL,'1',NULL,'Both','404849511',NULL,NULL,'John','Q','Parker',2,2,1,NULL,'Dear John',1,NULL,'Dear John',1,NULL,'Ms John Q Parker Sr',NULL,2,'1997-12-13',1,NULL,NULL,NULL,NULL,NULL,NULL,NULL,0),(68,'Individual',NULL,1,0,0,0,1,0,NULL,NULL,'Roberts, Pat','Mrs Pat H Roberts Sr',NULL,NULL,NULL,'2',NULL,'Both','864731478',NULL,NULL,'Pat','H','Roberts',1,2,1,NULL,'Dear Pat',1,NULL,'Dear Pat',1,NULL,'Mrs Pat H Roberts Sr',NULL,2,'2004-08-08',1,NULL,NULL,NULL,NULL,NULL,NULL,NULL,0),(69,'Individual',NULL,1,1,0,0,0,0,NULL,NULL,'Jones, Michael','Dr Michael Y Jones Jr',NULL,NULL,NULL,'3',NULL,'Both','875001868',NULL,NULL,'Michael','Y','Jones',4,1,1,NULL,'Dear Michael',1,NULL,'Dear Michael',1,NULL,'Dr Michael Y Jones Jr',NULL,2,'2004-02-19',0,NULL,NULL,NULL,NULL,NULL,NULL,NULL,0),(70,'Individual',NULL,1,1,0,0,1,0,NULL,NULL,'Smith, Jane','Ms Jane T Smith Jr',NULL,NULL,NULL,'4',NULL,'Both','83103719',NULL,NULL,'Jane','T','Smith',2,1,1,NULL,'Dear Jane',1,NULL,'Dear Jane',1,NULL,'Ms Jane T Smith Jr',NULL,1,'1993-09-30',0,NULL,NULL,NULL,NULL,NULL,NULL,NULL,0),(71,'Individual',NULL,1,0,0,0,1,0,NULL,NULL,'chowski, Jason','Dr Jason E chowski Sr',NULL,NULL,NULL,'5',NULL,'Both','-732903539',NULL,NULL,'Jason','E','chowski',4,2,1,NULL,'Dear Jason',1,NULL,'Dear Jason',1,NULL,'Dr Jason E chowski Sr',NULL,1,'1981-07-13',0,NULL,NULL,NULL,NULL,NULL,NULL,NULL,0),(72,'Individual',NULL,1,1,0,0,0,0,NULL,NULL,'Reynolds, Purvi','Dr Purvi Y Reynolds Sr',NULL,NULL,NULL,'4',NULL,'Both','1596640424',NULL,NULL,'Purvi','Y','Reynolds',4,2,1,NULL,'Dear Purvi',1,NULL,'Dear Purvi',1,NULL,'Dr Purvi Y Reynolds Sr',NULL,2,'1998-06-22',1,NULL,NULL,NULL,NULL,NULL,NULL,NULL,0),(73,'Individual',NULL,1,1,0,0,0,0,NULL,NULL,'Smith, Purvi','Mr Purvi P Smith Sr',NULL,NULL,NULL,'4',NULL,'Both','1509876168',NULL,NULL,'Purvi','P','Smith',3,2,1,NULL,'Dear Purvi',1,NULL,'Dear Purvi',1,NULL,'Mr Purvi P Smith Sr',NULL,1,'1989-03-14',1,NULL,NULL,NULL,NULL,NULL,NULL,NULL,0),(74,'Individual',NULL,1,0,0,0,0,0,NULL,NULL,'Zope, Alan','Mrs Alan K Zope Jr',NULL,NULL,NULL,'3',NULL,'Both','-1096928324',NULL,NULL,'Alan','K','Zope',1,1,1,NULL,'Dear Alan',1,NULL,'Dear Alan',1,NULL,'Mrs Alan K Zope Jr',NULL,2,'1975-05-08',1,NULL,NULL,NULL,NULL,NULL,NULL,NULL,0),(75,'Organization',NULL,0,1,0,0,0,0,NULL,NULL,'Eastmont Computing Center  ','Eastmont Computing Center  ',NULL,NULL,NULL,'5',NULL,'Both','-765911069',NULL,NULL,NULL,NULL,NULL,NULL,NULL,NULL,NULL,NULL,NULL,NULL,NULL,3,NULL,'Eastmont Computing Center  ',NULL,NULL,NULL,0,NULL,NULL,NULL,'Eastmont Computing Center  ',NULL,NULL,NULL,0),(76,'Household',NULL,1,0,0,0,1,0,NULL,NULL,'Sandy Smith\'s home','Sandy Smith\'s home','Smith\'s home',NULL,NULL,'4',NULL,'Both','-1897975971',NULL,NULL,NULL,NULL,NULL,NULL,NULL,5,NULL,'Dear Sandy Smith\'s home',5,NULL,'Dear Sandy Smith\'s home',2,NULL,'Sandy Smith\'s home',NULL,NULL,NULL,0,NULL,'Sandy Smith\'s home',47,NULL,NULL,NULL,NULL,0),(77,'Individual',NULL,0,0,0,0,1,0,NULL,NULL,'Patel, Rebecca','Mrs Rebecca S Patel Jr',NULL,NULL,NULL,'5',NULL,'Both','1224712151',NULL,NULL,'Rebecca','S','Patel',1,1,1,NULL,'Dear Rebecca',1,NULL,'Dear Rebecca',1,NULL,'Mrs Rebecca S Patel Jr',NULL,1,'1979-12-14',0,NULL,NULL,NULL,NULL,NULL,NULL,NULL,0),(78,'Individual',NULL,0,0,0,0,0,0,NULL,NULL,'Samuels, Chetan','Dr Chetan W Samuels Jr',NULL,NULL,NULL,'3',NULL,'Both','1201886572',NULL,NULL,'Chetan','W','Samuels',4,1,1,NULL,'Dear Chetan',1,NULL,'Dear Chetan',1,NULL,'Dr Chetan W Samuels Jr',NULL,2,'1973-07-18',0,NULL,NULL,NULL,NULL,NULL,NULL,NULL,0),(79,'Organization',NULL,1,0,0,0,0,0,NULL,NULL,'Magic Bus  ','Magic Bus  ',NULL,NULL,NULL,'4',NULL,'Both','-2069559523',NULL,NULL,NULL,NULL,NULL,NULL,NULL,NULL,NULL,NULL,NULL,NULL,NULL,3,NULL,'Magic Bus  ',NULL,NULL,NULL,0,NULL,NULL,NULL,'Magic Bus  ',NULL,NULL,NULL,0),(80,'Household',NULL,0,1,0,0,1,0,NULL,NULL,'Chetan Samuels\'s home','Chetan Samuels\'s home','Samuels\'s home',NULL,NULL,'4',NULL,'Both','-2036764535',NULL,NULL,NULL,NULL,NULL,NULL,NULL,5,NULL,'Dear Chetan Samuels\'s home',5,NULL,'Dear Chetan Samuels\'s home',2,NULL,'Chetan Samuels\'s home',NULL,NULL,NULL,0,NULL,'Chetan Samuels\'s home',78,NULL,NULL,NULL,NULL,0),(81,'Household',NULL,1,1,0,0,0,0,NULL,NULL,'Jane Grant\'s home','Jane Grant\'s home','Grant\'s home',NULL,NULL,'5',NULL,'Both','1395997643',NULL,NULL,NULL,NULL,NULL,NULL,NULL,5,NULL,'Dear Jane Grant\'s home',5,NULL,'Dear Jane Grant\'s home',2,NULL,'Jane Grant\'s home',NULL,NULL,NULL,0,NULL,'Jane Grant\'s home',59,NULL,NULL,NULL,NULL,0),(82,'Individual',NULL,0,0,0,0,0,0,NULL,NULL,'Smith, Melinda','Ms Melinda W Smith Sr',NULL,NULL,NULL,'5',NULL,'Both','2045361406',NULL,NULL,'Melinda','W','Smith',2,2,1,NULL,'Dear Melinda',1,NULL,'Dear Melinda',1,NULL,'Ms Melinda W Smith Sr',NULL,2,'1986-08-18',0,NULL,NULL,NULL,NULL,NULL,NULL,NULL,0),(83,'Individual',NULL,1,1,0,0,1,0,NULL,NULL,'chowski, Kenneth','Mr Kenneth M chowski Sr',NULL,NULL,NULL,'3',NULL,'Both','-743329737',NULL,NULL,'Kenneth','M','chowski',3,2,1,NULL,'Dear Kenneth',1,NULL,'Dear Kenneth',1,NULL,'Mr Kenneth M chowski Sr',NULL,1,'1989-10-29',1,NULL,NULL,NULL,NULL,NULL,NULL,NULL,0),(84,'Individual',NULL,0,0,0,0,0,0,NULL,NULL,'Zope, Sam','Mr Sam U Zope Sr',NULL,NULL,NULL,'4',NULL,'Both','972265794',NULL,NULL,'Sam','U','Zope',3,2,1,NULL,'Dear Sam',1,NULL,'Dear Sam',1,NULL,'Mr Sam U Zope Sr',NULL,1,'1970-09-06',0,NULL,NULL,NULL,NULL,NULL,NULL,NULL,0),(85,'Organization',NULL,1,1,0,0,1,0,NULL,NULL,'Intel  ','Intel  ',NULL,NULL,NULL,'2',NULL,'Both','-1853032722',NULL,NULL,NULL,NULL,NULL,NULL,NULL,NULL,NULL,NULL,NULL,NULL,NULL,3,NULL,'Intel  ',NULL,NULL,NULL,0,NULL,NULL,NULL,'Intel  ',NULL,NULL,NULL,0),(86,'Individual',NULL,0,1,0,0,0,0,NULL,NULL,'Grant, John','Mrs John B Grant Jr',NULL,NULL,NULL,'4',NULL,'Both','-239777650',NULL,NULL,'John','B','Grant',1,1,1,NULL,'Dear John',1,NULL,'Dear John',1,NULL,'Mrs John B Grant Jr',NULL,1,'1988-12-19',0,NULL,NULL,NULL,NULL,NULL,NULL,NULL,0),(87,'Organization',NULL,1,1,0,0,1,0,NULL,NULL,'Project Open Hand  ','Project Open Hand  ',NULL,NULL,NULL,'3',NULL,'Both','22493331',NULL,NULL,NULL,NULL,NULL,NULL,NULL,NULL,NULL,NULL,NULL,NULL,NULL,3,NULL,'Project Open Hand  ',NULL,NULL,NULL,0,NULL,NULL,NULL,'Project Open Hand  ',NULL,NULL,NULL,0),(88,'Individual',NULL,0,0,0,0,1,0,NULL,NULL,'Jones, Walter','Ms Walter H Jones Jr',NULL,NULL,NULL,'5',NULL,'Both','2115428510',NULL,NULL,'Walter','H','Jones',2,1,1,NULL,'Dear Walter',1,NULL,'Dear Walter',1,NULL,'Ms Walter H Jones Jr',NULL,1,'1995-06-11',1,NULL,NULL,NULL,NULL,NULL,NULL,NULL,0),(89,'Individual',NULL,0,1,0,0,0,0,NULL,NULL,'Smith, Dan','Mr Dan Y Smith Jr',NULL,NULL,NULL,'5',NULL,'Both','719171535',NULL,NULL,'Dan','Y','Smith',3,1,1,NULL,'Dear Dan',1,NULL,'Dear Dan',1,NULL,'Mr Dan Y Smith Jr',NULL,2,'1970-03-24',0,NULL,NULL,NULL,NULL,NULL,NULL,NULL,0),(90,'Organization',NULL,0,0,0,0,1,0,NULL,NULL,'Conservation Corp  ','Conservation Corp  ',NULL,NULL,NULL,'1',NULL,'Both','1902067651',NULL,NULL,NULL,NULL,NULL,NULL,NULL,NULL,NULL,NULL,NULL,NULL,NULL,3,NULL,'Conservation Corp  ',NULL,NULL,NULL,0,NULL,NULL,NULL,'Conservation Corp  ',NULL,NULL,NULL,0),(91,'Individual',NULL,0,1,0,0,1,0,NULL,NULL,'Reynolds, Sandy','Mr Sandy T Reynolds Sr',NULL,NULL,NULL,'5',NULL,'Both','-1215411181',NULL,NULL,'Sandy','T','Reynolds',3,2,1,NULL,'Dear Sandy',1,NULL,'Dear Sandy',1,NULL,'Mr Sandy T Reynolds Sr',NULL,2,'1977-09-27',0,NULL,NULL,NULL,NULL,NULL,NULL,NULL,0),(92,'Individual',NULL,0,1,0,0,1,0,NULL,NULL,'Zope, Raymond','Ms Raymond O Zope Jr',NULL,NULL,NULL,'4',NULL,'Both','-1971417858',NULL,NULL,'Raymond','O','Zope',2,1,1,NULL,'Dear Raymond',1,NULL,'Dear Raymond',1,NULL,'Ms Raymond O Zope Jr',NULL,1,'1975-02-17',0,NULL,NULL,NULL,NULL,NULL,NULL,NULL,0),(93,'Individual',NULL,0,0,0,0,1,0,NULL,NULL,'Jones, Milan','Ms Milan F Jones Jr',NULL,NULL,NULL,'1',NULL,'Both','-411710711',NULL,NULL,'Milan','F','Jones',2,1,1,NULL,'Dear Milan',1,NULL,'Dear Milan',1,NULL,'Ms Milan F Jones Jr',NULL,2,'2000-10-04',0,NULL,NULL,NULL,NULL,NULL,NULL,NULL,0),(94,'Individual',NULL,1,0,0,0,1,0,NULL,NULL,'Jameson, Rebecca','Ms Rebecca S Jameson Sr',NULL,NULL,NULL,'2',NULL,'Both','446709975',NULL,NULL,'Rebecca','S','Jameson',2,2,1,NULL,'Dear Rebecca',1,NULL,'Dear Rebecca',1,NULL,'Ms Rebecca S Jameson Sr',NULL,2,'1978-06-12',0,NULL,NULL,NULL,NULL,NULL,NULL,NULL,0),(95,'Individual',NULL,1,1,0,0,1,0,NULL,NULL,'Parker, Michelle','Dr Michelle S Parker Sr',NULL,NULL,NULL,'5',NULL,'Both','-838695549',NULL,NULL,'Michelle','S','Parker',4,2,1,NULL,'Dear Michelle',1,NULL,'Dear Michelle',1,NULL,'Dr Michelle S Parker Sr',NULL,1,'2005-08-28',1,NULL,NULL,NULL,NULL,NULL,NULL,NULL,0),(96,'Individual',NULL,1,1,0,0,0,0,NULL,NULL,'Jones, Paula','Ms Paula D Jones Sr',NULL,NULL,NULL,'2',NULL,'Both','-1940435978',NULL,NULL,'Paula','D','Jones',2,2,1,NULL,'Dear Paula',1,NULL,'Dear Paula',1,NULL,'Ms Paula D Jones Sr',NULL,2,'2010-12-20',0,NULL,NULL,NULL,NULL,NULL,NULL,NULL,0),(97,'Household',NULL,0,0,0,0,1,0,NULL,NULL,'Kenneth chowski\'s home','Kenneth chowski\'s home','chowski\'s home',NULL,NULL,'4',NULL,'Both','1260967754',NULL,NULL,NULL,NULL,NULL,NULL,NULL,5,NULL,'Dear Kenneth chowski\'s home',5,NULL,'Dear Kenneth chowski\'s home',2,NULL,'Kenneth chowski\'s home',NULL,NULL,NULL,0,NULL,'Kenneth chowski\'s home',83,NULL,NULL,NULL,NULL,0),(98,'Individual',NULL,1,1,0,0,0,0,NULL,NULL,'Samuels, Alice','Mrs Alice L Samuels Jr',NULL,NULL,NULL,'3',NULL,'Both','-525984134',NULL,NULL,'Alice','L','Samuels',1,1,1,NULL,'Dear Alice',1,NULL,'Dear Alice',1,NULL,'Mrs Alice L Samuels Jr',NULL,1,'1973-08-29',1,NULL,NULL,NULL,NULL,NULL,NULL,NULL,0),(99,'Individual',NULL,1,1,0,0,1,0,NULL,NULL,'Grant, Jennifer','Ms Jennifer W Grant Sr',NULL,NULL,NULL,'4',NULL,'Both','-543201631',NULL,NULL,'Jennifer','W','Grant',2,2,1,NULL,'Dear Jennifer',1,NULL,'Dear Jennifer',1,NULL,'Ms Jennifer W Grant Sr',NULL,2,'1979-06-30',1,NULL,NULL,NULL,NULL,NULL,NULL,NULL,0),(100,'Individual',NULL,0,0,0,0,0,0,NULL,NULL,'Roberts, Jane','Mr Jane D Roberts Jr',NULL,NULL,NULL,'5',NULL,'Both','-496481926',NULL,NULL,'Jane','D','Roberts',3,1,1,NULL,'Dear Jane',1,NULL,'Dear Jane',1,NULL,'Mr Jane D Roberts Jr',NULL,2,'1977-03-17',0,NULL,NULL,NULL,NULL,NULL,NULL,NULL,0),(101,'Individual',NULL,0,1,0,0,1,0,NULL,NULL,'Smith, Paula','Mrs Paula O Smith Jr',NULL,NULL,NULL,'2',NULL,'Both','1027360108',NULL,NULL,'Paula','O','Smith',1,1,1,NULL,'Dear Paula',1,NULL,'Dear Paula',1,NULL,'Mrs Paula O Smith Jr',NULL,1,'2011-01-24',0,NULL,NULL,NULL,NULL,NULL,NULL,NULL,0);
/*!40000 ALTER TABLE `civicrm_contact` ENABLE KEYS */;
UNLOCK TABLES;

--
-- Dumping data for table `civicrm_contact_type`
--

LOCK TABLES `civicrm_contact_type` WRITE;
/*!40000 ALTER TABLE `civicrm_contact_type` DISABLE KEYS */;
INSERT INTO `civicrm_contact_type` (`id`, `name`, `label`, `description`, `image_URL`, `parent_id`, `is_active`, `is_reserved`) VALUES (1,'Individual','Individual',NULL,NULL,NULL,1,1),(2,'Household','Household',NULL,NULL,NULL,1,1),(3,'Organization','Organization',NULL,NULL,NULL,1,1),(4,'Student','Student',NULL,NULL,1,1,0),(5,'Parent','Parent',NULL,NULL,1,1,0),(6,'Staff','Staff',NULL,NULL,1,1,0),(7,'Team','Team',NULL,NULL,3,1,0),(8,'Sponsor','Sponsor',NULL,NULL,3,1,0);
/*!40000 ALTER TABLE `civicrm_contact_type` ENABLE KEYS */;
UNLOCK TABLES;

--
-- Dumping data for table `civicrm_contribution`
--

LOCK TABLES `civicrm_contribution` WRITE;
/*!40000 ALTER TABLE `civicrm_contribution` DISABLE KEYS */;
INSERT INTO `civicrm_contribution` (`id`, `contact_id`, `contribution_type_id`, `contribution_page_id`, `payment_instrument_id`, `receive_date`, `non_deductible_amount`, `total_amount`, `fee_amount`, `net_amount`, `trxn_id`, `invoice_id`, `currency`, `cancel_date`, `cancel_reason`, `receipt_date`, `thankyou_date`, `source`, `amount_level`, `contribution_recur_id`, `honor_contact_id`, `is_test`, `is_pay_later`, `contribution_status_id`, `honor_type_id`, `address_id`, `check_number`) VALUES (1,2,1,NULL,4,'2010-04-11 00:00:00','0.00','125.00',NULL,NULL,'check #1041',NULL,'USD',NULL,NULL,NULL,NULL,'Apr 2007 Mailer 1',NULL,NULL,NULL,0,0,1,NULL,NULL,NULL),(2,4,1,NULL,1,'2010-03-21 00:00:00','0.00','50.00',NULL,NULL,'P20901X1',NULL,'USD',NULL,NULL,NULL,NULL,'Online: Save the Penguins',NULL,NULL,NULL,0,0,1,NULL,NULL,NULL),(3,6,1,NULL,4,'2010-04-29 00:00:00','0.00','25.00',NULL,NULL,'check #2095',NULL,'USD',NULL,NULL,NULL,NULL,'Apr 2007 Mailer 1',NULL,NULL,NULL,0,0,1,NULL,NULL,NULL),(4,8,1,NULL,4,'2010-04-11 00:00:00','0.00','50.00',NULL,NULL,'check #10552',NULL,'USD',NULL,NULL,NULL,NULL,'Apr 2007 Mailer 1',NULL,NULL,NULL,0,0,1,NULL,NULL,NULL),(5,16,1,NULL,4,'2010-04-15 00:00:00','0.00','500.00',NULL,NULL,'check #509',NULL,'USD',NULL,NULL,NULL,NULL,'Apr 2007 Mailer 1',NULL,NULL,NULL,0,0,1,NULL,NULL,NULL),(6,19,1,NULL,4,'2010-04-11 00:00:00','0.00','175.00',NULL,NULL,'check #102',NULL,'USD',NULL,NULL,NULL,NULL,'Apr 2007 Mailer 1',NULL,NULL,NULL,0,0,1,NULL,NULL,NULL),(7,82,1,NULL,1,'2010-03-27 00:00:00','0.00','50.00',NULL,NULL,'P20193L2',NULL,'USD',NULL,NULL,NULL,NULL,'Online: Save the Penguins',NULL,NULL,NULL,0,0,1,NULL,NULL,NULL),(8,92,1,NULL,1,'2010-03-08 00:00:00','0.00','10.00',NULL,NULL,'P40232Y3',NULL,'USD',NULL,NULL,NULL,NULL,'Online: Help CiviCRM',NULL,NULL,NULL,0,0,1,NULL,NULL,NULL),(9,34,1,NULL,1,'2010-04-22 00:00:00','0.00','250.00',NULL,NULL,'P20193L6',NULL,'USD',NULL,NULL,NULL,NULL,'Online: Help CiviCRM',NULL,NULL,NULL,0,0,1,NULL,NULL,NULL),(10,71,1,NULL,1,'2009-07-01 11:53:50','0.00','500.00',NULL,NULL,'PL71',NULL,'USD',NULL,NULL,NULL,NULL,NULL,NULL,NULL,NULL,0,0,1,NULL,NULL,NULL),(11,43,1,NULL,1,'2009-07-01 12:55:41','0.00','200.00',NULL,NULL,'PL43II',NULL,'USD',NULL,NULL,NULL,NULL,NULL,NULL,NULL,NULL,0,0,1,NULL,NULL,NULL),(12,32,1,NULL,1,'2009-10-01 11:53:50','0.00','200.00',NULL,NULL,'PL32I',NULL,'USD',NULL,NULL,NULL,NULL,NULL,NULL,NULL,NULL,0,0,1,NULL,NULL,NULL),(13,32,1,NULL,1,'2009-12-01 12:55:41','0.00','200.00',NULL,NULL,'PL32II',NULL,'USD',NULL,NULL,NULL,NULL,NULL,NULL,NULL,NULL,0,0,1,NULL,NULL,NULL);
/*!40000 ALTER TABLE `civicrm_contribution` ENABLE KEYS */;
UNLOCK TABLES;

--
-- Dumping data for table `civicrm_contribution_page`
--

LOCK TABLES `civicrm_contribution_page` WRITE;
/*!40000 ALTER TABLE `civicrm_contribution_page` DISABLE KEYS */;
INSERT INTO `civicrm_contribution_page` (`id`, `title`, `intro_text`, `contribution_type_id`, `payment_processor_id`, `is_credit_card_only`, `is_monetary`, `is_recur`, `recur_frequency_unit`, `is_recur_interval`, `is_pay_later`, `pay_later_text`, `pay_later_receipt`, `is_allow_other_amount`, `default_amount_id`, `min_amount`, `max_amount`, `goal_amount`, `thankyou_title`, `thankyou_text`, `thankyou_footer`, `is_for_organization`, `for_organization`, `is_email_receipt`, `receipt_from_name`, `receipt_from_email`, `cc_receipt`, `bcc_receipt`, `receipt_text`, `is_active`, `footer_text`, `amount_block_is_active`, `honor_block_is_active`, `honor_block_title`, `honor_block_text`, `start_date`, `end_date`, `created_id`, `created_date`, `currency`) VALUES (1,'Help Support CiviCRM!','Do you love CiviCRM? Do you use CiviCRM? Then please support CiviCRM and Contribute NOW by trying out our new online contribution features!',1,NULL,0,1,0,NULL,0,0,NULL,NULL,1,137,'10.00','10000.00','100000.00','Thanks for Your Support!','<p>Thank you for your support. Your contribution will help us build even better tools.</p><p>Please tell your friends and colleagues about CiviCRM!</p>','<p><a href=http://civicrm.org>Back to CiviCRM Home Page</a></p>',0,NULL,1,'CiviCRM Fundraising Dept.','donationFake@civicrm.org','receipt@example.com','bcc@example.com','Your donation is tax deductible under IRS 501(c)(3) regulation. Our tax identification number is: 93-123-4567',1,NULL,1,NULL,NULL,NULL,NULL,NULL,NULL,NULL,'USD'),(2,'Member Signup and Renewal','Members are the life-blood of our organization. If you\'re not already a member - please consider signing up today. You can select the membership level the fits your budget and needs below.',2,NULL,0,1,0,NULL,0,0,NULL,NULL,NULL,NULL,NULL,NULL,NULL,'Thanks for Your Support!','Thanks for supporting our organization with your membership. You can learn more about membership benefits from our members only page.',NULL,0,NULL,1,'Membership Department','memberships@civicrm.org',NULL,NULL,'Thanks for supporting our organization with your membership. You can learn more about membership benefits from our members only page.\r\n\r\nKeep this receipt for your records.',1,NULL,0,NULL,NULL,NULL,NULL,NULL,NULL,NULL,'USD'),(3,'Pledge for CiviCRM!','Do you love CiviCRM? Do you use CiviCRM? Then please support CiviCRM and Pledge NOW by trying out our online contribution features!',1,NULL,0,1,0,NULL,0,0,NULL,NULL,1,NULL,'10.00','10000.00','100000.00','Thanks for Your Support!','<p>Thank you for your support. Your contribution will help us build even better tools like Pledge.</p><p>Please tell your friends and colleagues about CiviPledge!</p>','<p><a href=http://civicrm.org>Back to CiviCRM Home Page</a></p>',0,NULL,1,'CiviCRM Fundraising Dept.','donationFake@civicrm.org','receipt@example.com','bcc@example.com','Your donation is tax deductible under IRS 501(c)(3) regulation. Our tax identification number is: 93-123-4567',1,NULL,1,NULL,NULL,NULL,NULL,NULL,NULL,NULL,'USD');
/*!40000 ALTER TABLE `civicrm_contribution_page` ENABLE KEYS */;
UNLOCK TABLES;

--
-- Dumping data for table `civicrm_contribution_product`
--

LOCK TABLES `civicrm_contribution_product` WRITE;
/*!40000 ALTER TABLE `civicrm_contribution_product` DISABLE KEYS */;
/*!40000 ALTER TABLE `civicrm_contribution_product` ENABLE KEYS */;
UNLOCK TABLES;

--
-- Dumping data for table `civicrm_contribution_recur`
--

LOCK TABLES `civicrm_contribution_recur` WRITE;
/*!40000 ALTER TABLE `civicrm_contribution_recur` DISABLE KEYS */;
/*!40000 ALTER TABLE `civicrm_contribution_recur` ENABLE KEYS */;
UNLOCK TABLES;

--
-- Dumping data for table `civicrm_contribution_soft`
--

LOCK TABLES `civicrm_contribution_soft` WRITE;
/*!40000 ALTER TABLE `civicrm_contribution_soft` DISABLE KEYS */;
INSERT INTO `civicrm_contribution_soft` (`id`, `contribution_id`, `contact_id`, `amount`, `currency`, `pcp_id`, `pcp_display_in_roll`, `pcp_roll_nickname`, `pcp_personal_note`) VALUES (1,8,92,'10.00','USD',1,1,'Jones Family','Helping Hands'),(2,9,92,'250.00','USD',1,1,'Annie and the kids','Annie Helps');
/*!40000 ALTER TABLE `civicrm_contribution_soft` ENABLE KEYS */;
UNLOCK TABLES;

--
-- Dumping data for table `civicrm_contribution_type`
--

LOCK TABLES `civicrm_contribution_type` WRITE;
/*!40000 ALTER TABLE `civicrm_contribution_type` DISABLE KEYS */;
INSERT INTO `civicrm_contribution_type` (`id`, `name`, `accounting_code`, `description`, `is_deductible`, `is_reserved`, `is_active`) VALUES (1,'Donation',NULL,NULL,1,0,1),(2,'Member Dues',NULL,NULL,1,0,1),(3,'Campaign Contribution',NULL,NULL,0,0,1),(4,'Event Fee',NULL,NULL,0,0,1);
/*!40000 ALTER TABLE `civicrm_contribution_type` ENABLE KEYS */;
UNLOCK TABLES;

--
-- Dumping data for table `civicrm_contribution_widget`
--

LOCK TABLES `civicrm_contribution_widget` WRITE;
/*!40000 ALTER TABLE `civicrm_contribution_widget` DISABLE KEYS */;
/*!40000 ALTER TABLE `civicrm_contribution_widget` ENABLE KEYS */;
UNLOCK TABLES;

--
-- Dumping data for table `civicrm_country`
--

LOCK TABLES `civicrm_country` WRITE;
/*!40000 ALTER TABLE `civicrm_country` DISABLE KEYS */;
INSERT INTO `civicrm_country` (`id`, `name`, `iso_code`, `country_code`, `address_format_id`, `idd_prefix`, `ndd_prefix`, `region_id`, `is_province_abbreviated`) VALUES (1001,'Afghanistan','AF',NULL,NULL,NULL,NULL,4,0),(1002,'Albania','AL',NULL,NULL,NULL,NULL,1,0),(1003,'Algeria','DZ',NULL,NULL,NULL,NULL,3,0),(1004,'American Samoa','AS',NULL,NULL,NULL,NULL,2,0),(1005,'Andorra','AD',NULL,NULL,NULL,NULL,1,0),(1006,'Angola','AO',NULL,NULL,NULL,NULL,5,0),(1007,'Anguilla','AI',NULL,NULL,NULL,NULL,2,0),(1008,'Antarctica','AQ',NULL,NULL,NULL,NULL,1,0),(1009,'Antigua and Barbuda','AG',NULL,NULL,NULL,NULL,2,0),(1010,'Argentina','AR',NULL,NULL,NULL,NULL,2,0),(1011,'Armenia','AM',NULL,NULL,NULL,NULL,4,0),(1012,'Aruba','AW',NULL,NULL,NULL,NULL,2,0),(1013,'Australia','AU',NULL,NULL,NULL,NULL,4,0),(1014,'Austria','AT',NULL,NULL,NULL,NULL,1,0),(1015,'Azerbaijan','AZ',NULL,NULL,NULL,NULL,1,0),(1016,'Bahrain','BH',NULL,NULL,NULL,NULL,3,0),(1017,'Bangladesh','BD',NULL,NULL,NULL,NULL,4,0),(1018,'Barbados','BB',NULL,NULL,NULL,NULL,4,0),(1019,'Belarus','BY',NULL,NULL,NULL,NULL,1,0),(1020,'Belgium','BE',NULL,NULL,NULL,NULL,1,0),(1021,'Belize','BZ',NULL,NULL,NULL,NULL,2,0),(1022,'Benin','BJ',NULL,NULL,NULL,NULL,5,0),(1023,'Bermuda','BM',NULL,NULL,NULL,NULL,2,0),(1024,'Bhutan','BT',NULL,NULL,NULL,NULL,4,0),(1025,'Bolivia','BO',NULL,NULL,NULL,NULL,2,0),(1026,'Bosnia and Herzegovina','BA',NULL,NULL,NULL,NULL,1,0),(1027,'Botswana','BW',NULL,NULL,NULL,NULL,5,0),(1028,'Bouvet Island','BV',NULL,NULL,NULL,NULL,1,0),(1029,'Brazil','BR',NULL,NULL,NULL,NULL,2,0),(1030,'British Indian Ocean Territory','IO',NULL,NULL,NULL,NULL,4,0),(1031,'Virgin Islands, British','VG',NULL,NULL,NULL,NULL,2,0),(1032,'Brunei Darussalam','BN',NULL,NULL,NULL,NULL,4,0),(1033,'Bulgaria','BG',NULL,NULL,NULL,NULL,1,0),(1034,'Burkina Faso','BF',NULL,NULL,NULL,NULL,5,0),(1035,'Myanmar','MM',NULL,NULL,NULL,NULL,4,0),(1036,'Burundi','BI',NULL,NULL,NULL,NULL,5,0),(1037,'Cambodia','KH',NULL,NULL,NULL,NULL,4,0),(1038,'Cameroon','CM',NULL,NULL,NULL,NULL,5,0),(1039,'Canada','CA',NULL,NULL,NULL,NULL,2,1),(1040,'Cape Verde','CV',NULL,NULL,NULL,NULL,5,0),(1041,'Cayman Islands','KY',NULL,NULL,NULL,NULL,5,0),(1042,'Central African Republic','CF',NULL,NULL,NULL,NULL,5,0),(1043,'Chad','TD',NULL,NULL,NULL,NULL,5,0),(1044,'Chile','CL',NULL,NULL,NULL,NULL,2,0),(1045,'China','CN',NULL,NULL,NULL,NULL,4,0),(1046,'Christmas Island','CX',NULL,NULL,NULL,NULL,4,0),(1047,'Cocos (Keeling) Islands','CC',NULL,NULL,NULL,NULL,4,0),(1048,'Colombia','CO',NULL,NULL,NULL,NULL,2,0),(1049,'Comoros','KM',NULL,NULL,NULL,NULL,5,0),(1050,'Congo, The Democratic Republic of the','CD',NULL,NULL,NULL,NULL,5,0),(1051,'Congo','CG',NULL,NULL,NULL,NULL,5,0),(1052,'Cook Islands','CK',NULL,NULL,NULL,NULL,4,0),(1053,'Costa Rica','CR',NULL,NULL,NULL,NULL,2,0),(1054,'Cte d\'Ivoire','CI',NULL,NULL,NULL,NULL,5,0),(1055,'Croatia','HR',NULL,NULL,NULL,NULL,1,0),(1056,'Cuba','CU',NULL,NULL,NULL,NULL,2,0),(1057,'Cyprus','CY',NULL,NULL,NULL,NULL,1,0),(1058,'Czech Republic','CZ',NULL,NULL,NULL,NULL,1,0),(1059,'Denmark','DK',NULL,NULL,NULL,NULL,1,0),(1060,'Djibouti','DJ',NULL,NULL,NULL,NULL,5,0),(1061,'Dominica','DM',NULL,NULL,NULL,NULL,2,0),(1062,'Dominican Republic','DO',NULL,NULL,NULL,NULL,2,0),(1063,'Timor-Leste','TL',NULL,NULL,NULL,NULL,4,0),(1064,'Ecuador','EC',NULL,NULL,NULL,NULL,2,0),(1065,'Egypt','EG',NULL,NULL,NULL,NULL,3,0),(1066,'El Salvador','SV',NULL,NULL,NULL,NULL,2,0),(1067,'Equatorial Guinea','GQ',NULL,NULL,NULL,NULL,5,0),(1068,'Eritrea','ER',NULL,NULL,NULL,NULL,5,0),(1069,'Estonia','EE',NULL,NULL,NULL,NULL,1,0),(1070,'Ethiopia','ET',NULL,NULL,NULL,NULL,5,0),(1072,'Falkland Islands (Malvinas)','FK',NULL,NULL,NULL,NULL,2,0),(1073,'Faroe Islands','FO',NULL,NULL,NULL,NULL,1,0),(1074,'Fiji','FJ',NULL,NULL,NULL,NULL,4,0),(1075,'Finland','FI',NULL,NULL,NULL,NULL,1,0),(1076,'France','FR',NULL,NULL,NULL,NULL,1,0),(1077,'French Guiana','GF',NULL,NULL,NULL,NULL,2,0),(1078,'French Polynesia','PF',NULL,NULL,NULL,NULL,4,0),(1079,'French Southern Territories','TF',NULL,NULL,NULL,NULL,1,0),(1080,'Gabon','GA',NULL,NULL,NULL,NULL,5,0),(1081,'Georgia','GE',NULL,NULL,NULL,NULL,4,0),(1082,'Germany','DE',NULL,NULL,NULL,NULL,1,0),(1083,'Ghana','GH',NULL,NULL,NULL,NULL,5,0),(1084,'Gibraltar','GI',NULL,NULL,NULL,NULL,1,0),(1085,'Greece','GR',NULL,NULL,NULL,NULL,1,0),(1086,'Greenland','GL',NULL,NULL,NULL,NULL,2,0),(1087,'Grenada','GD',NULL,NULL,NULL,NULL,2,0),(1088,'Guadeloupe','GP',NULL,NULL,NULL,NULL,2,0),(1089,'Guam','GU',NULL,NULL,NULL,NULL,4,0),(1090,'Guatemala','GT',NULL,NULL,NULL,NULL,2,0),(1091,'Guinea','GN',NULL,NULL,NULL,NULL,5,0),(1092,'Guinea-Bissau','GW',NULL,NULL,NULL,NULL,5,0),(1093,'Guyana','GY',NULL,NULL,NULL,NULL,2,0),(1094,'Haiti','HT',NULL,NULL,NULL,NULL,2,0),(1095,'Heard Island and McDonald Islands','HM',NULL,NULL,NULL,NULL,4,0),(1096,'Holy See (Vatican City State)','VA',NULL,NULL,NULL,NULL,1,0),(1097,'Honduras','HN',NULL,NULL,NULL,NULL,2,0),(1098,'Hong Kong','HK',NULL,NULL,NULL,NULL,4,0),(1099,'Hungary','HU',NULL,NULL,NULL,NULL,1,0),(1100,'Iceland','IS',NULL,NULL,NULL,NULL,1,0),(1101,'India','IN',NULL,NULL,NULL,NULL,4,0),(1102,'Indonesia','ID',NULL,NULL,NULL,NULL,4,0),(1103,'Iran, Islamic Republic of','IR',NULL,NULL,NULL,NULL,3,0),(1104,'Iraq','IQ',NULL,NULL,NULL,NULL,3,0),(1105,'Ireland','IE',NULL,NULL,NULL,NULL,1,0),(1106,'Israel','IL',NULL,NULL,NULL,NULL,3,0),(1107,'Italy','IT',NULL,NULL,NULL,NULL,1,0),(1108,'Jamaica','JM',NULL,NULL,NULL,NULL,2,0),(1109,'Japan','JP',NULL,NULL,NULL,NULL,4,0),(1110,'Jordan','JO',NULL,NULL,NULL,NULL,3,0),(1111,'Kazakhstan','KZ',NULL,NULL,NULL,NULL,1,0),(1112,'Kenya','KE',NULL,NULL,NULL,NULL,5,0),(1113,'Kiribati','KI',NULL,NULL,NULL,NULL,4,0),(1114,'Korea, Democratic People\'s Republic of','KP',NULL,NULL,NULL,NULL,4,0),(1115,'Korea, Republic of','KR',NULL,NULL,NULL,NULL,4,0),(1116,'Kuwait','KW',NULL,NULL,NULL,NULL,3,0),(1117,'Kyrgyzstan','KG',NULL,NULL,NULL,NULL,1,0),(1118,'Lao People\'s Democratic Republic','LA',NULL,NULL,NULL,NULL,4,0),(1119,'Latvia','LV',NULL,NULL,NULL,NULL,1,0),(1120,'Lebanon','LB',NULL,NULL,NULL,NULL,3,0),(1121,'Lesotho','LS',NULL,NULL,NULL,NULL,5,0),(1122,'Liberia','LR',NULL,NULL,NULL,NULL,5,0),(1123,'Libyan Arab Jamahiriya','LY',NULL,NULL,NULL,NULL,3,0),(1124,'Liechtenstein','LI',NULL,NULL,NULL,NULL,1,0),(1125,'Lithuania','LT',NULL,NULL,NULL,NULL,1,0),(1126,'Luxembourg','LU',NULL,NULL,NULL,NULL,1,0),(1127,'Macao','MO',NULL,NULL,NULL,NULL,4,0),(1128,'Macedonia, Republic of','MK',NULL,NULL,NULL,NULL,1,0),(1129,'Madagascar','MG',NULL,NULL,NULL,NULL,5,0),(1130,'Malawi','MW',NULL,NULL,NULL,NULL,5,0),(1131,'Malaysia','MY',NULL,NULL,NULL,NULL,4,0),(1132,'Maldives','MV',NULL,NULL,NULL,NULL,4,0),(1133,'Mali','ML',NULL,NULL,NULL,NULL,5,0),(1134,'Malta','MT',NULL,NULL,NULL,NULL,1,0),(1135,'Marshall Islands','MH',NULL,NULL,NULL,NULL,4,0),(1136,'Martinique','MQ',NULL,NULL,NULL,NULL,2,0),(1137,'Mauritania','MR',NULL,NULL,NULL,NULL,5,0),(1138,'Mauritius','MU',NULL,NULL,NULL,NULL,5,0),(1139,'Mayotte','YT',NULL,NULL,NULL,NULL,5,0),(1140,'Mexico','MX',NULL,NULL,NULL,NULL,2,0),(1141,'Micronesia, Federated States of','FM',NULL,NULL,NULL,NULL,4,0),(1142,'Moldova','MD',NULL,NULL,NULL,NULL,1,0),(1143,'Monaco','MC',NULL,NULL,NULL,NULL,1,0),(1144,'Mongolia','MN',NULL,NULL,NULL,NULL,4,0),(1145,'Montserrat','MS',NULL,NULL,NULL,NULL,2,0),(1146,'Morocco','MA',NULL,NULL,NULL,NULL,3,0),(1147,'Mozambique','MZ',NULL,NULL,NULL,NULL,5,0),(1148,'Namibia','NA',NULL,NULL,NULL,NULL,5,0),(1149,'Nauru','NR',NULL,NULL,NULL,NULL,4,0),(1150,'Nepal','NP',NULL,NULL,NULL,NULL,4,0),(1151,'Netherlands Antilles','AN',NULL,NULL,NULL,NULL,2,0),(1152,'Netherlands','NL',NULL,NULL,NULL,NULL,1,0),(1153,'New Caledonia','NC',NULL,NULL,NULL,NULL,4,0),(1154,'New Zealand','NZ',NULL,NULL,NULL,NULL,4,0),(1155,'Nicaragua','NI',NULL,NULL,NULL,NULL,2,0),(1156,'Niger','NE',NULL,NULL,NULL,NULL,5,0),(1157,'Nigeria','NG',NULL,NULL,NULL,NULL,5,0),(1158,'Niue','NU',NULL,NULL,NULL,NULL,4,0),(1159,'Norfolk Island','NF',NULL,NULL,NULL,NULL,4,0),(1160,'Northern Mariana Islands','MP',NULL,NULL,NULL,NULL,2,0),(1161,'Norway','NO',NULL,NULL,NULL,NULL,1,0),(1162,'Oman','OM',NULL,NULL,NULL,NULL,3,0),(1163,'Pakistan','PK',NULL,NULL,NULL,NULL,4,0),(1164,'Palau','PW',NULL,NULL,NULL,NULL,4,0),(1165,'Palestinian Territory, Occupied','PS',NULL,NULL,NULL,NULL,3,0),(1166,'Panama','PA',NULL,NULL,NULL,NULL,5,0),(1167,'Papua New Guinea','PG',NULL,NULL,NULL,NULL,4,0),(1168,'Paraguay','PY',NULL,NULL,NULL,NULL,2,0),(1169,'Peru','PE',NULL,NULL,NULL,NULL,2,0),(1170,'Philippines','PH',NULL,NULL,NULL,NULL,4,0),(1171,'Pitcairn','PN',NULL,NULL,NULL,NULL,4,0),(1172,'Poland','PL',NULL,NULL,NULL,NULL,1,0),(1173,'Portugal','PT',NULL,NULL,NULL,NULL,1,0),(1174,'Puerto Rico','PR',NULL,NULL,NULL,NULL,2,0),(1175,'Qatar','QA',NULL,NULL,NULL,NULL,3,0),(1176,'Romania','RO',NULL,NULL,NULL,NULL,1,0),(1177,'Russian Federation','RU',NULL,NULL,NULL,NULL,1,0),(1178,'Rwanda','RW',NULL,NULL,NULL,NULL,5,0),(1179,'Reunion','RE',NULL,NULL,NULL,NULL,5,0),(1180,'Saint Helena','SH',NULL,NULL,NULL,NULL,5,0),(1181,'Saint Kitts and Nevis','KN',NULL,NULL,NULL,NULL,2,0),(1182,'Saint Lucia','LC',NULL,NULL,NULL,NULL,2,0),(1183,'Saint Pierre and Miquelon','PM',NULL,NULL,NULL,NULL,2,0),(1184,'Saint Vincent and the Grenadines','VC',NULL,NULL,NULL,NULL,2,0),(1185,'Samoa','WS',NULL,NULL,NULL,NULL,4,0),(1186,'San Marino','SM',NULL,NULL,NULL,NULL,1,0),(1187,'Saudi Arabia','SA',NULL,NULL,NULL,NULL,3,0),(1188,'Senegal','SN',NULL,NULL,NULL,NULL,5,0),(1189,'Seychelles','SC',NULL,NULL,NULL,NULL,5,0),(1190,'Sierra Leone','SL',NULL,NULL,NULL,NULL,5,0),(1191,'Singapore','SG',NULL,NULL,NULL,NULL,4,0),(1192,'Slovakia','SK',NULL,NULL,NULL,NULL,1,0),(1193,'Slovenia','SI',NULL,NULL,NULL,NULL,1,0),(1194,'Solomon Islands','SB',NULL,NULL,NULL,NULL,4,0),(1195,'Somalia','SO',NULL,NULL,NULL,NULL,5,0),(1196,'South Africa','ZA',NULL,NULL,NULL,NULL,5,0),(1197,'South Georgia and the South Sandwich Islands','GS',NULL,NULL,NULL,NULL,2,0),(1198,'Spain','ES',NULL,NULL,NULL,NULL,1,0),(1199,'Sri Lanka','LK',NULL,NULL,NULL,NULL,4,0),(1200,'Sudan','SD',NULL,NULL,NULL,NULL,5,0),(1201,'Suriname','SR',NULL,NULL,NULL,NULL,2,0),(1202,'Svalbard and Jan Mayen','SJ',NULL,NULL,NULL,NULL,1,0),(1203,'Swaziland','SZ',NULL,NULL,NULL,NULL,5,0),(1204,'Sweden','SE',NULL,NULL,NULL,NULL,1,0),(1205,'Switzerland','CH',NULL,NULL,NULL,NULL,1,0),(1206,'Syrian Arab Republic','SY',NULL,NULL,NULL,NULL,3,0),(1207,'Sao Tome and Principe','ST',NULL,NULL,NULL,NULL,5,0),(1208,'Taiwan','TW',NULL,NULL,NULL,NULL,4,0),(1209,'Tajikistan','TJ',NULL,NULL,NULL,NULL,4,0),(1210,'Tanzania, United Republic of','TZ',NULL,NULL,NULL,NULL,5,0),(1211,'Thailand','TH',NULL,NULL,NULL,NULL,4,0),(1212,'Bahamas','BS',NULL,NULL,NULL,NULL,2,0),(1213,'Gambia','GM',NULL,NULL,NULL,NULL,5,0),(1214,'Togo','TG',NULL,NULL,NULL,NULL,5,0),(1215,'Tokelau','TK',NULL,NULL,NULL,NULL,4,0),(1216,'Tonga','TO',NULL,NULL,NULL,NULL,4,0),(1217,'Trinidad and Tobago','TT',NULL,NULL,NULL,NULL,2,0),(1218,'Tunisia','TN',NULL,NULL,NULL,NULL,3,0),(1219,'Turkey','TR',NULL,NULL,NULL,NULL,1,0),(1220,'Turkmenistan','TM',NULL,NULL,NULL,NULL,1,0),(1221,'Turks and Caicos Islands','TC',NULL,NULL,NULL,NULL,2,0),(1222,'Tuvalu','TV',NULL,NULL,NULL,NULL,4,0),(1223,'Uganda','UG',NULL,NULL,NULL,NULL,5,0),(1224,'Ukraine','UA',NULL,NULL,NULL,NULL,1,0),(1225,'United Arab Emirates','AE',NULL,NULL,NULL,NULL,3,0),(1226,'United Kingdom','GB',NULL,NULL,NULL,NULL,1,0),(1227,'United States Minor Outlying Islands','UM',NULL,NULL,NULL,NULL,2,0),(1228,'United States','US',NULL,NULL,NULL,NULL,2,1),(1229,'Uruguay','UY',NULL,NULL,NULL,NULL,2,0),(1230,'Uzbekistan','UZ',NULL,NULL,NULL,NULL,1,0),(1231,'Vanuatu','VU',NULL,NULL,NULL,NULL,4,0),(1232,'Venezuela','VE',NULL,NULL,NULL,NULL,2,0),(1233,'Viet Nam','VN',NULL,NULL,NULL,NULL,4,0),(1234,'Virgin Islands, U.S.','VI',NULL,NULL,NULL,NULL,2,0),(1235,'Wallis and Futuna','WF',NULL,NULL,NULL,NULL,4,0),(1236,'Western Sahara','EH',NULL,NULL,NULL,NULL,3,0),(1237,'Yemen','YE',NULL,NULL,NULL,NULL,3,0),(1238,'Serbia and Montenegro','CS',NULL,NULL,NULL,NULL,1,0),(1239,'Zambia','ZM',NULL,NULL,NULL,NULL,5,0),(1240,'Zimbabwe','ZW',NULL,NULL,NULL,NULL,5,0),(1241,'land Islands','AX',NULL,NULL,NULL,NULL,1,0),(1242,'Serbia','RS',NULL,NULL,NULL,NULL,1,0),(1243,'Montenegro','ME',NULL,NULL,NULL,NULL,1,0),(1244,'Jersey','JE',NULL,NULL,NULL,NULL,99,0),(1245,'Guernsey','GG',NULL,NULL,NULL,NULL,99,0),(1246,'Isle of Man','IM',NULL,NULL,NULL,NULL,99,0);
/*!40000 ALTER TABLE `civicrm_country` ENABLE KEYS */;
UNLOCK TABLES;

--
-- Dumping data for table `civicrm_county`
--

LOCK TABLES `civicrm_county` WRITE;
/*!40000 ALTER TABLE `civicrm_county` DISABLE KEYS */;
INSERT INTO `civicrm_county` (`id`, `name`, `abbreviation`, `state_province_id`) VALUES (1,'Alameda',NULL,1004),(2,'Contra Costa',NULL,1004),(3,'Marin',NULL,1004),(4,'San Francisco',NULL,1004),(5,'San Mateo',NULL,1004),(6,'Santa Clara',NULL,1004);
/*!40000 ALTER TABLE `civicrm_county` ENABLE KEYS */;
UNLOCK TABLES;

--
-- Dumping data for table `civicrm_currency`
--

LOCK TABLES `civicrm_currency` WRITE;
/*!40000 ALTER TABLE `civicrm_currency` DISABLE KEYS */;
INSERT INTO `civicrm_currency` (`id`, `name`, `symbol`, `numeric_code`, `full_name`) VALUES (1,'AUD','$','036','Australian Dollar'),(2,'CAD','$','124','Canadian Dollar'),(3,'EUR','','978','Euro'),(4,'GBP','','826','Pound Sterling'),(5,'ILS','','826','New Israeli Shekel'),(6,'INR','','356','Indian Rupee'),(7,'JPY','','392','Japanese Yen'),(8,'KRW','','410','South Korean Won'),(9,'LAK','','418','Lao Kip'),(10,'MNT','','496','Mongolian Tugrik'),(11,'NGN','','566','Nigerian Naira'),(12,'PLN','z','985','Polish Zoty'),(13,'THB','','764','Thai Baht'),(14,'USD','$','840','US Dollar'),(15,'VND','','704','Viet Nam Dong'),(16,'ZAR','R','710','South African Rand'),(17,'AED',NULL,'784','UAE Dirham'),(18,'AFN','','971','Afghani'),(19,'ALL','Lek','008','Albanian Lek'),(20,'AMD',NULL,'051','Armenian Dram'),(21,'ANG','','532','Netherlands Antillian Guilder'),(22,'AOA',NULL,'973','Angola Kwanza'),(23,'ARS','$','032','Argentine Peso'),(24,'AWG','','533','Aruban Guilder'),(25,'AZN','','944','Azerbaijanian Manat'),(26,'BAM','KM','977','Convertible Marks'),(27,'BBD','$','052','Barbados Dollar'),(28,'BDT',NULL,'050','Bangladeshi Taka'),(29,'BGN','','975','Bulgarian Lev'),(30,'BHD',NULL,'048','Bahraini Dinar'),(31,'BIF',NULL,'108','Burundi Franc'),(32,'BMD','$','060','Bermudian Dollar'),(33,'BND','$','096','Brunei Dollar'),(34,'BOB','$b','068','Boliviano'),(35,'BOV',NULL,'984','Bolivian Mvdol'),(36,'BRL','R$','986','Brazilian Real'),(37,'BSD','$','044','Bahamian Dollar'),(38,'BTN',NULL,'064','Bhutan Ngultrum'),(39,'BWP','P','072','Botswana Pula'),(40,'BYR','p.','974','Belarussian Rouble'),(41,'BZD','BZ$','084','Belize Dollar'),(42,'CDF',NULL,'976','Franc Congolais'),(43,'CHE',NULL,'947','WIR Euro'),(44,'CHF','CHF','756','Swiss Franc'),(45,'CHW',NULL,'948','WIR Franc'),(46,'CLF',NULL,'990','Unidades de fomento'),(47,'CLP','$','152','Chilean Peso'),(48,'CNY','','156','Chinese Yuan Renminbi'),(49,'COP','$','170','Colombian Peso'),(50,'COU',NULL,'970','Unidad de Valor Real'),(51,'CRC','','188','Costa Rican Colon'),(52,'CSD','.','891','Serbian Dinar'),(53,'CUP','','192','Cuban Peso'),(54,'CVE',NULL,'132','Cape Verde Escudo'),(55,'CYP','','196','Cyprus Pound'),(56,'CZK','K','203','Czech Koruna'),(57,'DJF',NULL,'262','Djibouti Franc'),(58,'DKK','kr','208','Danish Krone'),(59,'DOP','RD$','214','Dominican Peso'),(60,'DZD',NULL,'012','Algerian Dinar'),(61,'EEK','kr','233','Estonian Kroon'),(62,'EGP','','818','Egyptian Pound'),(63,'ERN',NULL,'232','Eritrean Nakfa'),(64,'ETB',NULL,'230','Ethiopian Birr'),(65,'FJD','$','242','Fiji Dollar'),(66,'FKP','','238','Falkland Islands Pound'),(67,'GEL',NULL,'981','Georgian Lari'),(68,'GHC','','288','Ghanaian Cedi'),(69,'GIP','','292','Gibraltar Pound'),(70,'GMD',NULL,'270','Gambian Dalasi'),(71,'GNF',NULL,'324','Guinea Franc'),(72,'GTQ','Q','320','Guatemalan Quetzal'),(73,'GWP',NULL,'624','Guinea-Bissau Peso'),(74,'GYD','$','328','Guyana Dollar'),(75,'HKD','HK$','344','Hong Kong Dollar'),(76,'HNL','L','340','Honduran Lempira'),(77,'HRK','kn','191','Croatian Kuna'),(78,'HTG',NULL,'332','Haitian Gourde'),(79,'HUF','Ft','348','Hungarian Forint'),(80,'IDR','Rp','360','Indonesian Rupiah'),(81,'IQD',NULL,'368','Iraqi Dinar'),(82,'IRR','','364','Iranian Rial'),(83,'ISK','kr','352','Iceland Krona'),(84,'JMD','J$','388','Jamaican Dollar'),(85,'JOD',NULL,'400','Jordanian Dinar'),(86,'KES',NULL,'404','Kenyan Shilling'),(87,'KGS','','417','Kyrgyzstan Som'),(88,'KHR','','116','Cambodian Riel'),(89,'KMF',NULL,'174','Comoro Franc'),(90,'KPW','','408','North Korean Won'),(91,'KWD',NULL,'414','Kuwaiti Dinar'),(92,'KYD','$','136','Cayman Islands Dollar'),(93,'KZT','','398','Kazakhstan Tenge'),(94,'LBP','','422','Lebanese Pound'),(95,'LKR','','144','Sri Lanka Rupee'),(96,'LRD','$','430','Liberian Dollar'),(97,'LSL',NULL,'426','Lesotho Loti'),(98,'LTL','Lt','440','Lithuanian Litas'),(99,'LVL','Ls','428','Latvian Lats'),(100,'LYD',NULL,'434','Libyan Dinar'),(101,'MAD',NULL,'504','Moroccan Dirham'),(102,'MDL',NULL,'498','Moldovan Leu'),(103,'MGA',NULL,'969','Malagascy Ariary'),(104,'MKD','','807','Macedonian Denar'),(105,'MMK',NULL,'104','Myanmar Kyat'),(106,'MOP',NULL,'446','Macao Pataca'),(107,'MRO',NULL,'478','Mauritanian Ouguiya'),(108,'MTL','Lm','470','Maltese Lira'),(109,'MUR','','480','Mauritius Rupee'),(110,'MVR',NULL,'462','Maldive Rufiyaa'),(111,'MWK',NULL,'454','Malawi Kwacha'),(112,'MXN','$','484','Mexican Peso'),(113,'MXV',NULL,'979','Mexican Unidad de Inversion (UID)'),(114,'MYR','RM','458','Malaysian Ringgit'),(115,'MZN','MT','943','Mozambique Metical'),(116,'NAD','$','516','Namibian Dollar'),(117,'NIO','C$','558','Nicaraguan Cordoba Oro'),(118,'NOK','kr','578','Norwegian Krone'),(119,'NPR','','524','Nepalese Rupee'),(120,'NZD','$','554','New Zealand Dollar'),(121,'OMR','','512','Rial Omani'),(122,'PAB','B/.','590','Panamanian Balboa'),(123,'PEN','S/.','604','Peruvian Nuevo Sol'),(124,'PGK',NULL,'598','Papua New Guinea Kina'),(125,'PHP','Php','608','Philippine Peso'),(126,'PKR','','586','Pakistan Rupee'),(127,'PYG','Gs','600','Paraguay Guarani'),(128,'QAR','','634','Qatari Rial'),(129,'ROL',NULL,'642','Romanian Old Leu'),(130,'RON','lei','946','Romanian New Leu'),(131,'RUB','','643','Russian Rouble'),(132,'RWF',NULL,'646','Rwanda Franc'),(133,'SAR','','682','Saudi Riyal'),(134,'SBD','$','090','Solomon Islands Dollar'),(135,'SCR','','690','Seychelles Rupee'),(136,'SDD',NULL,'736','Sudanese Dinar'),(137,'SEK','kr','752','Swedish Krona'),(138,'SGD','$','702','Singapore Dollar'),(139,'SHP','','654','Saint Helena Pound'),(140,'SIT',NULL,'705','Slovenian Tolar'),(141,'SKK','SIT','703','Slovak Koruna'),(142,'SLL',NULL,'694','Leone'),(143,'SOS','S','706','Somali Shilling'),(144,'SRD','$','968','Surinam Dollar'),(145,'STD',NULL,'678','So Tome and Principe Dobra'),(146,'SVC','$','222','El Salvador Colon'),(147,'SYP','','760','Syrian Pound'),(148,'SZL',NULL,'748','Swaziland Lilangeni'),(149,'TJS',NULL,'972','Tajik Somoni'),(150,'TMM',NULL,'795','Turkmenistan Manat'),(151,'TND',NULL,'788','Tunisian Dinar'),(152,'TOP',NULL,'776','Tongan Pa\'anga'),(153,'TRY','YTL','949','New Turkish Lira'),(154,'TTD','TT$','780','Trinidad and Tobago Dollar'),(155,'TWD','NT$','901','New Taiwan Dollar'),(156,'TZS',NULL,'834','Tanzanian Shilling'),(157,'UAH','','980','Ukrainian Hryvnia'),(158,'UGX',NULL,'800','Ugandan Shilling'),(159,'USN',NULL,'997','US Dollar (Next day)'),(160,'USS',NULL,'998','US Dollar (Same day)'),(161,'UYU','$U','858','Peso Uruguayo'),(162,'UZS','','860','Uzbekistan Sum'),(163,'VEB','Bs','862','Venezuela Bolivar'),(164,'VUV',NULL,'548','Vanuatu Vatu'),(165,'WST',NULL,'882','Samoan Tala'),(166,'XAF',NULL,'950','CFA Franc BEAC'),(167,'XAG',NULL,'961','Silver'),(168,'XAU',NULL,'959','Gold'),(169,'XBA',NULL,'955','Bond Markets Units European Composite Unit (EURCO)'),(170,'XBB',NULL,'956','European Monetary Unit (E.M.U.-6)'),(171,'XBC',NULL,'957','European Unit of Account 9 (E.U.A.-9)'),(172,'XBD',NULL,'958','European Unit of Account 17 (E.U.A.-17)'),(173,'XCD','$','951','East Caribbean Dollar'),(174,'XDR',NULL,'960','Special Drawing Right'),(175,'XFO',NULL,NULL,'Gold-Franc'),(176,'XFU',NULL,NULL,'UIC-Franc'),(177,'XOF',NULL,'952','CFA Franc BCEAO'),(178,'XPD',NULL,'964','Palladium'),(179,'XPF',NULL,'953','CFP Franc'),(180,'XPT',NULL,'962','Platinum'),(181,'XTS',NULL,'963','Code for testing purposes'),(182,'XXX',NULL,'999','No currency involved'),(183,'YER','','886','Yemeni Rial'),(184,'ZMK',NULL,'894','Zambian Kwacha'),(185,'ZWD','Z$','716','Zimbabwe Dollar');
/*!40000 ALTER TABLE `civicrm_currency` ENABLE KEYS */;
UNLOCK TABLES;

--
-- Dumping data for table `civicrm_custom_field`
--

LOCK TABLES `civicrm_custom_field` WRITE;
/*!40000 ALTER TABLE `civicrm_custom_field` DISABLE KEYS */;
/*!40000 ALTER TABLE `civicrm_custom_field` ENABLE KEYS */;
UNLOCK TABLES;

--
-- Dumping data for table `civicrm_custom_group`
--

LOCK TABLES `civicrm_custom_group` WRITE;
/*!40000 ALTER TABLE `civicrm_custom_group` DISABLE KEYS */;
/*!40000 ALTER TABLE `civicrm_custom_group` ENABLE KEYS */;
UNLOCK TABLES;

--
-- Dumping data for table `civicrm_dashboard`
--

LOCK TABLES `civicrm_dashboard` WRITE;
/*!40000 ALTER TABLE `civicrm_dashboard` DISABLE KEYS */;
INSERT INTO `civicrm_dashboard` (`id`, `domain_id`, `label`, `url`, `content`, `permission`, `permission_operator`, `column_no`, `is_minimized`, `is_fullscreen`, `is_active`, `is_reserved`, `weight`, `created_date`) VALUES (1,1,'Activities','civicrm/dashlet/activity&reset=1&snippet=4',NULL,'access CiviCRM',NULL,0,0,1,1,1,1,NULL),(2,1,'My Cases','civicrm/dashlet/myCases&reset=1&snippet=4',NULL,'access my cases and activities',NULL,0,0,1,1,1,2,NULL),(3,1,'All Cases','civicrm/dashlet/allCases&reset=1&snippet=4',NULL,'access all cases and activities',NULL,0,0,1,1,1,3,NULL),(4,1,'Donor Report (Summary)','civicrm/report/instance/3&reset=1&section=1&snippet=4&charts=barChart',NULL,'access CiviCRM,access CiviContribute','AND',0,0,0,1,0,4,NULL),(5,1,'Top Donors Report','civicrm/report/instance/20&reset=1&section=2&snippet=4',NULL,'access CiviCRM,access CiviContribute','AND',0,0,1,1,0,5,NULL),(6,1,'Event Income Report (Summary)','civicrm/report/instance/13&reset=1&section=1&snippet=4&charts=pieChart',NULL,'access CiviCRM,access CiviEvent','AND',0,0,0,1,0,6,NULL),(7,1,'Membership Report (Summary)','civicrm/report/instance/9&reset=1&section=2&snippet=4',NULL,'access CiviCRM,access CiviMember','AND',0,0,1,1,0,7,NULL);
/*!40000 ALTER TABLE `civicrm_dashboard` ENABLE KEYS */;
UNLOCK TABLES;

--
-- Dumping data for table `civicrm_dashboard_contact`
--

LOCK TABLES `civicrm_dashboard_contact` WRITE;
/*!40000 ALTER TABLE `civicrm_dashboard_contact` DISABLE KEYS */;
/*!40000 ALTER TABLE `civicrm_dashboard_contact` ENABLE KEYS */;
UNLOCK TABLES;

--
-- Dumping data for table `civicrm_dedupe_exception`
--

LOCK TABLES `civicrm_dedupe_exception` WRITE;
/*!40000 ALTER TABLE `civicrm_dedupe_exception` DISABLE KEYS */;
/*!40000 ALTER TABLE `civicrm_dedupe_exception` ENABLE KEYS */;
UNLOCK TABLES;

--
-- Dumping data for table `civicrm_dedupe_rule`
--

LOCK TABLES `civicrm_dedupe_rule` WRITE;
/*!40000 ALTER TABLE `civicrm_dedupe_rule` DISABLE KEYS */;
INSERT INTO `civicrm_dedupe_rule` (`id`, `dedupe_rule_group_id`, `rule_table`, `rule_field`, `rule_length`, `rule_weight`) VALUES (1,1,'civicrm_contact','first_name',NULL,5),(2,1,'civicrm_contact','last_name',NULL,7),(3,1,'civicrm_email','email',NULL,10),(4,2,'civicrm_contact','organization_name',NULL,10),(5,2,'civicrm_email','email',NULL,10),(6,3,'civicrm_contact','household_name',NULL,10),(7,3,'civicrm_email','email',NULL,10),(8,4,'civicrm_email','email',NULL,10),(9,5,'civicrm_contact','organization_name',NULL,10),(10,5,'civicrm_email','email',NULL,10),(11,6,'civicrm_contact','household_name',NULL,10),(12,6,'civicrm_email','email',NULL,10);
/*!40000 ALTER TABLE `civicrm_dedupe_rule` ENABLE KEYS */;
UNLOCK TABLES;

--
-- Dumping data for table `civicrm_dedupe_rule_group`
--

LOCK TABLES `civicrm_dedupe_rule_group` WRITE;
/*!40000 ALTER TABLE `civicrm_dedupe_rule_group` DISABLE KEYS */;
INSERT INTO `civicrm_dedupe_rule_group` (`id`, `contact_type`, `threshold`, `level`, `is_default`, `name`) VALUES (1,'Individual',20,'Fuzzy',1,NULL),(2,'Organization',10,'Fuzzy',1,NULL),(3,'Household',10,'Fuzzy',1,NULL),(4,'Individual',10,'Strict',1,NULL),(5,'Organization',10,'Strict',1,NULL),(6,'Household',10,'Strict',1,NULL);
/*!40000 ALTER TABLE `civicrm_dedupe_rule_group` ENABLE KEYS */;
UNLOCK TABLES;

--
-- Dumping data for table `civicrm_discount`
--

LOCK TABLES `civicrm_discount` WRITE;
/*!40000 ALTER TABLE `civicrm_discount` DISABLE KEYS */;
/*!40000 ALTER TABLE `civicrm_discount` ENABLE KEYS */;
UNLOCK TABLES;

--
-- Dumping data for table `civicrm_domain`
--

LOCK TABLES `civicrm_domain` WRITE;
/*!40000 ALTER TABLE `civicrm_domain` DISABLE KEYS */;
INSERT INTO `civicrm_domain` (`id`, `name`, `description`, `config_backend`, `version`, `loc_block_id`, `locales`, `locale_custom_strings`) VALUES (1,'Default Domain Name',NULL,NULL,'3.3.5',NULL,NULL,NULL);
/*!40000 ALTER TABLE `civicrm_domain` ENABLE KEYS */;
UNLOCK TABLES;

--
-- Dumping data for table `civicrm_email`
--

LOCK TABLES `civicrm_email` WRITE;
/*!40000 ALTER TABLE `civicrm_email` DISABLE KEYS */;
INSERT INTO `civicrm_email` (`id`, `contact_id`, `location_type_id`, `email`, `is_primary`, `is_billing`, `on_hold`, `is_bulkmail`, `hold_date`, `reset_date`, `signature_text`, `signature_html`) VALUES (1,NULL,1,'\"Domain Email\" <domainemail@example.org>',0,0,0,0,NULL,NULL,NULL,NULL),(2,51,1,'chowskibrzczysaw@redimail.net',1,0,0,0,NULL,NULL,NULL,NULL),(3,51,1,'chowskibrzczysaw@redimail.net',0,0,0,0,NULL,NULL,NULL,NULL),(4,89,1,'smithdan@yahoo.org',1,0,0,0,NULL,NULL,NULL,NULL),(5,89,1,'smithdan@npo.net',0,0,0,0,NULL,NULL,NULL,NULL),(6,77,1,'patelrebecca@yahoo.co.in',1,0,0,0,NULL,NULL,NULL,NULL),(7,77,1,'patelrebecca@redimail.org',0,0,0,0,NULL,NULL,NULL,NULL),(8,71,1,'chowskijason@earthlink.net.in',1,0,0,0,NULL,NULL,NULL,NULL),(9,71,1,'chowskijason@gmail.co.pl',0,0,0,0,NULL,NULL,NULL,NULL),(10,69,1,'jonesmichael@indiatimes.co.pl',1,0,0,0,NULL,NULL,NULL,NULL),(11,69,1,'jonesmichael@redimail.com',0,0,0,0,NULL,NULL,NULL,NULL),(12,95,1,'parkermichelle@indiatimes.co.in',1,0,0,0,NULL,NULL,NULL,NULL),(13,95,1,'parkermichelle@tsec.edu.in',0,0,0,0,NULL,NULL,NULL,NULL),(14,99,1,'grantjennifer@indiatimes.org',1,0,0,0,NULL,NULL,NULL,NULL),(15,99,1,'grantjennifer@earthlink.edu',0,0,0,0,NULL,NULL,NULL,NULL),(16,67,1,'parkerjohn@indiatimes.net',1,0,0,0,NULL,NULL,NULL,NULL),(17,67,1,'parkerjohn@redimail.net',0,0,0,0,NULL,NULL,NULL,NULL),(18,23,1,'jamesonmonica@earthlink.org',1,0,0,0,NULL,NULL,NULL,NULL),(19,23,1,'jamesonmonica@gmail.org',0,0,0,0,NULL,NULL,NULL,NULL),(20,57,1,'gregsamuelsshome@redimail.co.uk',1,0,0,0,NULL,NULL,NULL,NULL),(21,57,1,'gregsamuelsshome@indiatimes.com',0,0,0,0,NULL,NULL,NULL,NULL),(22,81,1,'janegrantshome@tsec.co.in',1,0,0,0,NULL,NULL,NULL,NULL),(23,81,1,'janegrantshome@brown.co.in',0,0,0,0,NULL,NULL,NULL,NULL),(24,37,1,'sheilazopeshome@hotmail.net',1,0,0,0,NULL,NULL,NULL,NULL),(25,37,1,'sheilazopeshome@indiatimes.edu.in',0,0,0,0,NULL,NULL,NULL,NULL),(26,61,1,'rebeccajonesshome@yahoo.org',1,0,0,0,NULL,NULL,NULL,NULL),(27,61,1,'rebeccajonesshome@brown.co.in',0,0,0,0,NULL,NULL,NULL,NULL),(28,97,1,'kennethchowskishome@tsec.net',1,0,0,0,NULL,NULL,NULL,NULL),(29,97,1,'kennethchowskishome@npo.co.in',0,0,0,0,NULL,NULL,NULL,NULL),(30,41,1,'janesmithshome@npo.co.in',1,0,0,0,NULL,NULL,NULL,NULL),(31,41,1,'janesmithshome@earthlink.co.pl',0,0,0,0,NULL,NULL,NULL,NULL),(32,85,3,'intel@yahoo.net',1,0,0,0,NULL,NULL,NULL,NULL),(33,85,3,'intel@indiatimes.co.in',0,0,0,0,NULL,NULL,NULL,NULL),(34,87,3,'projectopenhand@earthlink.net',1,0,0,0,NULL,NULL,NULL,NULL),(35,87,3,'projectopenhand@redimail.org',0,0,0,0,NULL,NULL,NULL,NULL),(36,79,3,'magicbus@gmail.co.uk',1,0,0,0,NULL,NULL,NULL,NULL),(37,79,3,'magicbus@indiatimes.co.uk',0,0,0,0,NULL,NULL,NULL,NULL),(38,75,3,'eastmontcomputingcenter@amazon.edu',1,0,0,0,NULL,NULL,NULL,NULL),(39,75,3,'eastmontcomputingcenter@yahoo.net.in',0,0,0,0,NULL,NULL,NULL,NULL),(40,53,1,'smithmilan@earthlink.net.in',1,0,0,0,NULL,NULL,NULL,NULL),(41,53,1,'smithmilan@indiatimes.edu.in',0,0,0,0,NULL,NULL,NULL,NULL),(42,49,1,'adamsbrzczysaw@npo.co.in',1,0,0,0,NULL,NULL,NULL,NULL),(43,49,1,'adamsbrzczysaw@tsec.org',0,0,0,0,NULL,NULL,NULL,NULL),(44,7,1,'yadavmichael@amazon.co.pl',1,0,0,0,NULL,NULL,NULL,NULL),(45,7,1,'yadavmichael@amazon.edu.in',0,0,0,0,NULL,NULL,NULL,NULL),(46,59,1,'grantjane@brown.net',1,0,0,0,NULL,NULL,NULL,NULL),(47,59,1,'grantjane@npo.co.in',0,0,0,0,NULL,NULL,NULL,NULL),(48,91,1,'reynoldssandy@gmail.edu',1,0,0,0,NULL,NULL,NULL,NULL),(49,91,1,'reynoldssandy@earthlink.edu',0,0,0,0,NULL,NULL,NULL,NULL),(50,101,1,'smithpaula@amazon.com',1,0,0,0,NULL,NULL,NULL,NULL),(51,101,1,'smithpaula@npo.com',0,0,0,0,NULL,NULL,NULL,NULL),(52,31,1,'jamesonrichard@earthlink.org',1,0,0,0,NULL,NULL,NULL,NULL),(53,31,1,'jamesonrichard@amazon.net',0,0,0,0,NULL,NULL,NULL,NULL),(54,29,1,'zopesheila@gmail.co.pl',1,0,0,0,NULL,NULL,NULL,NULL),(55,29,1,'zopesheila@brown.net',0,0,0,0,NULL,NULL,NULL,NULL),(56,11,1,'jamesonmelinda@npo.co.in',1,0,0,0,NULL,NULL,NULL,NULL),(57,11,1,'jamesonmelinda@tsec.edu.in',0,0,0,0,NULL,NULL,NULL,NULL),(58,63,1,'samuelsmonica@amazon.org',1,0,0,0,NULL,NULL,NULL,NULL),(59,63,1,'samuelsmonica@yahoo.edu.in',0,0,0,0,NULL,NULL,NULL,NULL),(60,35,1,'adamschris@tsec.net',1,0,0,0,NULL,NULL,NULL,NULL),(61,35,1,'adamschris@redimail.net',0,0,0,0,NULL,NULL,NULL,NULL),(62,21,1,'jonesrebecca@hotmail.co.in',1,0,0,0,NULL,NULL,NULL,NULL),(63,21,1,'jonesrebecca@hotmail.edu.in',0,0,0,0,NULL,NULL,NULL,NULL),(64,55,1,'samuelswalter@yahoo.net',1,0,0,0,NULL,NULL,NULL,NULL),(65,55,1,'samuelswalter@indiatimes.net',0,0,0,0,NULL,NULL,NULL,NULL),(66,17,1,'adamsgreg@aol.net',1,0,0,0,NULL,NULL,NULL,NULL),(67,17,1,'adamsgreg@amazon.co.in',0,0,0,0,NULL,NULL,NULL,NULL),(68,43,1,'jamesonandrew@hotmail.net',1,0,0,0,NULL,NULL,NULL,NULL),(69,43,1,'jamesonandrew@tsec.co.pl',0,0,0,0,NULL,NULL,NULL,NULL),(70,33,1,'parkermichelle@npo.org',1,0,0,0,NULL,NULL,NULL,NULL),(71,33,1,'parkermichelle@brown.org',0,0,0,0,NULL,NULL,NULL,NULL),(72,65,1,'smithjennifer@earthlink.edu',1,0,0,0,NULL,NULL,NULL,NULL),(73,65,1,'smithjennifer@redimail.net.in',0,0,0,0,NULL,NULL,NULL,NULL),(74,19,1,'patelbernard@amazon.org',1,0,0,0,NULL,NULL,NULL,NULL),(75,19,1,'patelbernard@gmail.org',0,0,0,0,NULL,NULL,NULL,NULL),(76,73,1,'smithpurvi@gmail.net.in',1,0,0,0,NULL,NULL,NULL,NULL),(77,73,1,'smithpurvi@gmail.org',0,0,0,0,NULL,NULL,NULL,NULL),(78,9,1,'parkerbruce@npo.net',1,0,0,0,NULL,NULL,NULL,NULL),(79,9,1,'parkerbruce@aol.co.uk',0,0,0,0,NULL,NULL,NULL,NULL),(80,47,1,'smithsandy@gmail.org',1,0,0,0,NULL,NULL,NULL,NULL),(81,47,1,'smithsandy@npo.org',0,0,0,0,NULL,NULL,NULL,NULL),(82,13,1,'smithjake@brown.org',1,0,0,0,NULL,NULL,NULL,NULL),(83,13,1,'smithjake@amazon.edu.in',0,0,0,0,NULL,NULL,NULL,NULL),(84,3,1,'reynoldsjohn@redimail.co.in',1,0,0,0,NULL,NULL,NULL,NULL),(85,3,1,'reynoldsjohn@amazon.edu.in',0,0,0,0,NULL,NULL,NULL,NULL),(86,5,1,'chowskirebecca@yahoo.net',1,0,0,0,NULL,NULL,NULL,NULL),(87,5,1,'chowskirebecca@indiatimes.co.in',0,0,0,0,NULL,NULL,NULL,NULL),(88,NULL,1,'development@example.org',0,0,0,0,NULL,NULL,NULL,NULL),(89,NULL,1,'tournaments@example.org',0,0,0,0,NULL,NULL,NULL,NULL),(90,NULL,1,'celebration@example.org',0,0,0,0,NULL,NULL,NULL,NULL);
/*!40000 ALTER TABLE `civicrm_email` ENABLE KEYS */;
UNLOCK TABLES;

--
-- Dumping data for table `civicrm_entity_batch`
--

LOCK TABLES `civicrm_entity_batch` WRITE;
/*!40000 ALTER TABLE `civicrm_entity_batch` DISABLE KEYS */;
/*!40000 ALTER TABLE `civicrm_entity_batch` ENABLE KEYS */;
UNLOCK TABLES;

--
-- Dumping data for table `civicrm_entity_file`
--

LOCK TABLES `civicrm_entity_file` WRITE;
/*!40000 ALTER TABLE `civicrm_entity_file` DISABLE KEYS */;
/*!40000 ALTER TABLE `civicrm_entity_file` ENABLE KEYS */;
UNLOCK TABLES;

--
-- Dumping data for table `civicrm_entity_financial_trxn`
--

LOCK TABLES `civicrm_entity_financial_trxn` WRITE;
/*!40000 ALTER TABLE `civicrm_entity_financial_trxn` DISABLE KEYS */;
/*!40000 ALTER TABLE `civicrm_entity_financial_trxn` ENABLE KEYS */;
UNLOCK TABLES;

--
-- Dumping data for table `civicrm_entity_tag`
--

LOCK TABLES `civicrm_entity_tag` WRITE;
/*!40000 ALTER TABLE `civicrm_entity_tag` DISABLE KEYS */;
INSERT INTO `civicrm_entity_tag` (`id`, `entity_table`, `entity_id`, `tag_id`) VALUES (1,'civicrm_contact',60,3),(2,'civicrm_contact',90,1),(3,'civicrm_contact',87,3),(4,'civicrm_contact',26,1),(5,'civicrm_contact',75,3),(6,'civicrm_contact',51,4),(7,'civicrm_contact',51,5),(8,'civicrm_contact',77,4),(9,'civicrm_contact',96,4),(10,'civicrm_contact',96,5),(11,'civicrm_contact',71,5),(12,'civicrm_contact',69,4),(13,'civicrm_contact',69,5),(14,'civicrm_contact',82,4),(15,'civicrm_contact',66,4),(16,'civicrm_contact',66,5),(17,'civicrm_contact',23,5),(18,'civicrm_contact',64,4),(19,'civicrm_contact',49,5),(20,'civicrm_contact',2,4),(21,'civicrm_contact',7,5),(22,'civicrm_contact',91,5),(23,'civicrm_contact',31,5),(24,'civicrm_contact',11,4),(25,'civicrm_contact',42,4),(26,'civicrm_contact',42,5),(27,'civicrm_contact',35,4),(28,'civicrm_contact',74,5),(29,'civicrm_contact',40,4),(30,'civicrm_contact',36,4),(31,'civicrm_contact',36,5),(32,'civicrm_contact',52,4),(33,'civicrm_contact',43,4),(34,'civicrm_contact',58,4),(35,'civicrm_contact',19,4),(36,'civicrm_contact',73,5),(37,'civicrm_contact',68,5),(38,'civicrm_contact',24,4),(39,'civicrm_contact',24,5),(40,'civicrm_contact',22,5),(41,'civicrm_contact',3,4),(42,'civicrm_contact',3,5),(43,'civicrm_contact',48,4),(44,'civicrm_contact',48,5),(45,'civicrm_contact',39,4),(46,'civicrm_contact',39,5),(47,'civicrm_contact',32,5),(48,'civicrm_contact',12,4),(49,'civicrm_contact',12,5),(50,'civicrm_contact',72,4),(51,'civicrm_contact',72,5),(52,'civicrm_contact',25,4),(53,'civicrm_contact',45,4),(54,'civicrm_contact',45,5),(55,'civicrm_contact',98,5),(56,'civicrm_contact',27,4),(57,'civicrm_contact',27,5);
/*!40000 ALTER TABLE `civicrm_entity_tag` ENABLE KEYS */;
UNLOCK TABLES;

--
-- Dumping data for table `civicrm_event`
--

LOCK TABLES `civicrm_event` WRITE;
/*!40000 ALTER TABLE `civicrm_event` DISABLE KEYS */;
INSERT INTO `civicrm_event` (`id`, `title`, `summary`, `description`, `event_type_id`, `participant_listing_id`, `is_public`, `start_date`, `end_date`, `is_online_registration`, `registration_link_text`, `registration_start_date`, `registration_end_date`, `max_participants`, `event_full_text`, `is_monetary`, `contribution_type_id`, `payment_processor_id`, `is_map`, `is_active`, `fee_label`, `is_show_location`, `loc_block_id`, `default_role_id`, `intro_text`, `footer_text`, `confirm_title`, `confirm_text`, `confirm_footer_text`, `is_email_confirm`, `confirm_email_text`, `confirm_from_name`, `confirm_from_email`, `cc_confirm`, `bcc_confirm`, `default_fee_id`, `default_discount_fee_id`, `thankyou_title`, `thankyou_text`, `thankyou_footer_text`, `is_pay_later`, `pay_later_text`, `pay_later_receipt`, `is_multiple_registrations`, `allow_same_participant_emails`, `has_waitlist`, `requires_approval`, `expiration_time`, `waitlist_text`, `approval_req_text`, `is_template`, `template_title`, `created_id`, `created_date`, `currency`) VALUES (1,'Fall Fundraiser Dinner','Kick up your heels at our Fall Fundraiser Dinner/Dance at Glen Echo Park! Come by yourself or bring a partner, friend or the entire family!','This event benefits our teen programs. Admission includes a full 3 course meal and wine or soft drinks. Grab your dancing shoes, bring the kids and come join the party!',3,1,1,'2011-08-04 17:00:00','2011-08-06 17:00:00',1,'Register Now',NULL,NULL,100,'Sorry! The Fall Fundraiser Dinner is full. Please call Jane at 204 222-1000 ext 33 if you want to be added to the waiting list.',1,4,NULL,1,1,'Dinner Contribution',1,2,1,'Fill in the information below to join as at this wonderful dinner event.',NULL,'Confirm Your Registration Information','Review the information below carefully.',NULL,1,'Contact the Development Department if you need to make any changes to your registration.','Fundraising Dept.','development@example.org',NULL,NULL,564,NULL,'Thanks for Registering!','<p>Thank you for your support. Your contribution will help us build even better tools.</p><p>Please tell your friends and colleagues about this wonderful event.</p>','<p><a href=http://civicrm.org>Back to CiviCRM Home Page</a></p>',1,'I will send payment by check','Send a check payable to Our Organization within 3 business days to hold your reservation. Checks should be sent to: 100 Main St., Suite 3, San Francisco CA 94110',1,0,NULL,NULL,NULL,NULL,NULL,0,NULL,NULL,NULL,'USD'),(2,'Summer Solstice Festival Day Concert','Festival Day is coming! Join us and help support your parks.','We will gather at noon, learn a song all together,  and then join in a joyous procession to the pavilion. We will be one of many groups performing at this wonderful concert which benefits our city parks.',5,1,1,'2011-02-03 12:00:00','2011-02-03 17:00:00',1,'Register Now',NULL,NULL,50,'We have all the singers we can handle. Come to the pavilion anyway and join in from the audience.',1,2,NULL,NULL,1,'Festival Fee',1,3,1,'Complete the form below and click Continue to register online for the festival. Or you can register by calling us at 204 222-1000 ext 22.','','Confirm Your Registration Information','','',1,'This email confirms your registration. If you have questions or need to change your registration - please do not hesitate to call us.','Event Dept.','events@example.org','',NULL,567,NULL,'Thanks for Your Joining In!','<p>Thank you for your support. Your participation will help build new parks.</p><p>Please tell your friends and colleagues about the concert.</p>','<p><a href=http://civicrm.org>Back to CiviCRM Home Page</a></p>',0,NULL,NULL,1,0,NULL,NULL,NULL,NULL,NULL,0,NULL,NULL,NULL,'USD'),(3,'Rain-forest Cup Youth Soccer Tournament','Sign up your team to participate in this fun tournament which benefits several Rain-forest protection groups in the Amazon basin.','This is a FYSA Sanctioned Tournament, which is open to all USSF/FIFA affiliated organizations for boys and girls in age groups: U9-U10 (6v6), U11-U12 (8v8), and U13-U17 (Full Sided).',3,1,1,'2011-09-04 07:00:00','2011-09-07 17:00:00',1,'Register Now',NULL,NULL,500,'Sorry! All available team slots for this tournament have been filled. Contact Jill Futbol for information about the waiting list and next years event.',1,4,NULL,NULL,1,'Tournament Fees',1,4,1,'Complete the form below to register your team for this year\'s tournament.','<em>A Soccer Youth Event</em>','Review and Confirm Your Registration Information','','<em>A Soccer Youth Event</em>',1,'Contact our Tournament Director for eligibility details.','Tournament Director','tournament@example.org','',NULL,570,NULL,'Thanks for Your Support!','<p>Thank you for your support. Your participation will help save thousands of acres of rainforest.</p>','<p><a href=http://civicrm.org>Back to CiviCRM Home Page</a></p>',0,NULL,NULL,0,0,NULL,NULL,NULL,NULL,NULL,0,NULL,NULL,NULL,'USD'),(4,NULL,NULL,NULL,4,1,1,NULL,NULL,0,NULL,NULL,NULL,NULL,NULL,0,NULL,NULL,0,1,NULL,1,NULL,1,NULL,NULL,NULL,NULL,NULL,NULL,NULL,NULL,NULL,NULL,NULL,NULL,NULL,NULL,NULL,NULL,0,NULL,NULL,NULL,NULL,NULL,NULL,NULL,NULL,NULL,1,'Free Meeting without Online Registration',NULL,NULL,'USD'),(5,NULL,NULL,NULL,4,1,1,NULL,NULL,1,NULL,NULL,NULL,NULL,NULL,0,NULL,NULL,0,1,NULL,1,NULL,1,NULL,NULL,'Confirm Your Registration Information',NULL,NULL,0,NULL,NULL,NULL,NULL,NULL,NULL,NULL,'Thanks for Registering!',NULL,NULL,0,NULL,NULL,1,1,NULL,NULL,NULL,NULL,NULL,1,'Free Meeting with Online Registration',NULL,NULL,'USD'),(6,NULL,NULL,NULL,1,1,1,NULL,NULL,1,NULL,NULL,NULL,NULL,NULL,1,4,NULL,0,1,'Conference Fee',1,NULL,1,NULL,NULL,'Confirm Your Registration Information',NULL,NULL,1,NULL,'Event Template Dept.','event_templates@example.org',NULL,NULL,NULL,NULL,'Thanks for Registering!',NULL,NULL,0,NULL,NULL,1,1,NULL,NULL,NULL,NULL,NULL,1,'Paid Conference with Online Registration',NULL,NULL,'USD');
/*!40000 ALTER TABLE `civicrm_event` ENABLE KEYS */;
UNLOCK TABLES;

--
-- Dumping data for table `civicrm_file`
--

LOCK TABLES `civicrm_file` WRITE;
/*!40000 ALTER TABLE `civicrm_file` DISABLE KEYS */;
/*!40000 ALTER TABLE `civicrm_file` ENABLE KEYS */;
UNLOCK TABLES;

--
-- Dumping data for table `civicrm_financial_account`
--

LOCK TABLES `civicrm_financial_account` WRITE;
/*!40000 ALTER TABLE `civicrm_financial_account` DISABLE KEYS */;
/*!40000 ALTER TABLE `civicrm_financial_account` ENABLE KEYS */;
UNLOCK TABLES;

--
-- Dumping data for table `civicrm_financial_trxn`
--

LOCK TABLES `civicrm_financial_trxn` WRITE;
/*!40000 ALTER TABLE `civicrm_financial_trxn` DISABLE KEYS */;
/*!40000 ALTER TABLE `civicrm_financial_trxn` ENABLE KEYS */;
UNLOCK TABLES;

--
-- Dumping data for table `civicrm_grant`
--

LOCK TABLES `civicrm_grant` WRITE;
/*!40000 ALTER TABLE `civicrm_grant` DISABLE KEYS */;
/*!40000 ALTER TABLE `civicrm_grant` ENABLE KEYS */;
UNLOCK TABLES;

--
-- Dumping data for table `civicrm_group`
--

LOCK TABLES `civicrm_group` WRITE;
/*!40000 ALTER TABLE `civicrm_group` DISABLE KEYS */;
INSERT INTO `civicrm_group` (`id`, `name`, `title`, `description`, `source`, `saved_search_id`, `is_active`, `visibility`, `where_clause`, `select_tables`, `where_tables`, `group_type`, `cache_date`, `parents`, `children`, `is_hidden`) VALUES (1,'Administrators','Administrators','Contacts in this group are assigned Administrator role permissions.',NULL,NULL,1,'User and User Admin Only',NULL,NULL,NULL,'1',NULL,NULL,NULL,0),(2,'Newsletter Subscribers','Newsletter Subscribers',NULL,NULL,NULL,1,'Public Pages',' ( `civicrm_group_contact-2`.group_id IN ( 2 ) AND `civicrm_group_contact-2`.status IN (\"Added\") ) ','a:12:{s:15:\"civicrm_contact\";i:1;s:15:\"civicrm_address\";i:1;s:22:\"civicrm_state_province\";i:1;s:15:\"civicrm_country\";i:1;s:13:\"civicrm_email\";i:1;s:13:\"civicrm_phone\";i:1;s:10:\"civicrm_im\";i:1;s:19:\"civicrm_worldregion\";i:1;s:25:\"`civicrm_group_contact-2`\";s:114:\" LEFT JOIN civicrm_group_contact `civicrm_group_contact-2` ON contact_a.id = `civicrm_group_contact-2`.contact_id \";s:6:\"gender\";i:1;s:17:\"individual_prefix\";i:1;s:17:\"individual_suffix\";i:1;}','a:2:{s:15:\"civicrm_contact\";i:1;s:25:\"`civicrm_group_contact-2`\";s:114:\" LEFT JOIN civicrm_group_contact `civicrm_group_contact-2` ON contact_a.id = `civicrm_group_contact-2`.contact_id \";}','12',NULL,NULL,NULL,0),(3,'Summer Program Volunteers','Summer Program Volunteers',NULL,NULL,NULL,1,'Public Pages',' ( `civicrm_group_contact-3`.group_id IN ( 3 ) AND `civicrm_group_contact-3`.status IN (\"Added\") ) ','a:12:{s:15:\"civicrm_contact\";i:1;s:15:\"civicrm_address\";i:1;s:22:\"civicrm_state_province\";i:1;s:15:\"civicrm_country\";i:1;s:13:\"civicrm_email\";i:1;s:13:\"civicrm_phone\";i:1;s:10:\"civicrm_im\";i:1;s:19:\"civicrm_worldregion\";i:1;s:25:\"`civicrm_group_contact-3`\";s:114:\" LEFT JOIN civicrm_group_contact `civicrm_group_contact-3` ON contact_a.id = `civicrm_group_contact-3`.contact_id \";s:6:\"gender\";i:1;s:17:\"individual_prefix\";i:1;s:17:\"individual_suffix\";i:1;}','a:2:{s:15:\"civicrm_contact\";i:1;s:25:\"`civicrm_group_contact-3`\";s:114:\" LEFT JOIN civicrm_group_contact `civicrm_group_contact-3` ON contact_a.id = `civicrm_group_contact-3`.contact_id \";}','12',NULL,NULL,NULL,0),(4,'Advisory Board','Advisory Board',NULL,NULL,NULL,1,'Public Pages',' ( `civicrm_group_contact-4`.group_id IN ( 4 ) AND `civicrm_group_contact-4`.status IN (\"Added\") ) ','a:12:{s:15:\"civicrm_contact\";i:1;s:15:\"civicrm_address\";i:1;s:22:\"civicrm_state_province\";i:1;s:15:\"civicrm_country\";i:1;s:13:\"civicrm_email\";i:1;s:13:\"civicrm_phone\";i:1;s:10:\"civicrm_im\";i:1;s:19:\"civicrm_worldregion\";i:1;s:25:\"`civicrm_group_contact-4`\";s:114:\" LEFT JOIN civicrm_group_contact `civicrm_group_contact-4` ON contact_a.id = `civicrm_group_contact-4`.contact_id \";s:6:\"gender\";i:1;s:17:\"individual_prefix\";i:1;s:17:\"individual_suffix\";i:1;}','a:2:{s:15:\"civicrm_contact\";i:1;s:25:\"`civicrm_group_contact-4`\";s:114:\" LEFT JOIN civicrm_group_contact `civicrm_group_contact-4` ON contact_a.id = `civicrm_group_contact-4`.contact_id \";}','12',NULL,NULL,NULL,0);
/*!40000 ALTER TABLE `civicrm_group` ENABLE KEYS */;
UNLOCK TABLES;

--
-- Dumping data for table `civicrm_group_contact`
--

LOCK TABLES `civicrm_group_contact` WRITE;
/*!40000 ALTER TABLE `civicrm_group_contact` DISABLE KEYS */;
INSERT INTO `civicrm_group_contact` (`id`, `group_id`, `contact_id`, `status`, `location_id`, `email_id`) VALUES (1,2,51,'Added',NULL,NULL),(2,2,92,'Added',NULL,NULL),(3,2,96,'Added',NULL,NULL),(4,2,84,'Removed',NULL,NULL),(5,2,71,'Removed',NULL,NULL),(6,2,86,'Added',NULL,NULL),(7,2,95,'Removed',NULL,NULL),(8,2,82,'Removed',NULL,NULL),(9,2,67,'Removed',NULL,NULL),(10,2,46,'Added',NULL,NULL),(11,2,2,'Added',NULL,NULL),(12,2,100,'Removed',NULL,NULL),(13,2,91,'Added',NULL,NULL),(14,2,101,'Removed',NULL,NULL),(15,2,11,'Added',NULL,NULL),(16,2,56,'Removed',NULL,NULL),(17,2,42,'Added',NULL,NULL),(18,2,63,'Added',NULL,NULL),(19,2,4,'Removed',NULL,NULL),(20,2,74,'Removed',NULL,NULL),(21,2,21,'Removed',NULL,NULL),(22,2,78,'Added',NULL,NULL),(23,2,52,'Removed',NULL,NULL),(24,2,43,'Removed',NULL,NULL),(25,2,33,'Added',NULL,NULL),(26,2,65,'Removed',NULL,NULL),(27,2,16,'Added',NULL,NULL),(28,2,73,'Removed',NULL,NULL),(29,2,9,'Removed',NULL,NULL),(30,2,47,'Added',NULL,NULL),(31,2,50,'Added',NULL,NULL),(32,2,13,'Removed',NULL,NULL),(33,2,3,'Added',NULL,NULL),(34,2,5,'Removed',NULL,NULL),(35,3,39,'Added',NULL,NULL),(36,3,93,'Added',NULL,NULL),(37,3,32,'Added',NULL,NULL),(38,3,83,'Removed',NULL,NULL),(39,3,12,'Removed',NULL,NULL),(40,3,94,'Added',NULL,NULL),(41,3,70,'Added',NULL,NULL),(42,3,25,'Added',NULL,NULL),(43,3,45,'Removed',NULL,NULL),(44,3,98,'Removed',NULL,NULL),(45,4,51,'Added',NULL,NULL),(46,4,86,'Added',NULL,NULL),(47,4,23,'Added',NULL,NULL),(48,4,100,'Removed',NULL,NULL),(49,4,11,'Added',NULL,NULL),(50,4,21,'Added',NULL,NULL);
/*!40000 ALTER TABLE `civicrm_group_contact` ENABLE KEYS */;
UNLOCK TABLES;

--
-- Dumping data for table `civicrm_group_contact_cache`
--

LOCK TABLES `civicrm_group_contact_cache` WRITE;
/*!40000 ALTER TABLE `civicrm_group_contact_cache` DISABLE KEYS */;
/*!40000 ALTER TABLE `civicrm_group_contact_cache` ENABLE KEYS */;
UNLOCK TABLES;

--
-- Dumping data for table `civicrm_group_nesting`
--

LOCK TABLES `civicrm_group_nesting` WRITE;
/*!40000 ALTER TABLE `civicrm_group_nesting` DISABLE KEYS */;
/*!40000 ALTER TABLE `civicrm_group_nesting` ENABLE KEYS */;
UNLOCK TABLES;

--
-- Dumping data for table `civicrm_group_organization`
--

LOCK TABLES `civicrm_group_organization` WRITE;
/*!40000 ALTER TABLE `civicrm_group_organization` DISABLE KEYS */;
/*!40000 ALTER TABLE `civicrm_group_organization` ENABLE KEYS */;
UNLOCK TABLES;

--
-- Dumping data for table `civicrm_im`
--

LOCK TABLES `civicrm_im` WRITE;
/*!40000 ALTER TABLE `civicrm_im` DISABLE KEYS */;
/*!40000 ALTER TABLE `civicrm_im` ENABLE KEYS */;
UNLOCK TABLES;

--
-- Dumping data for table `civicrm_line_item`
--

LOCK TABLES `civicrm_line_item` WRITE;
/*!40000 ALTER TABLE `civicrm_line_item` DISABLE KEYS */;
/*!40000 ALTER TABLE `civicrm_line_item` ENABLE KEYS */;
UNLOCK TABLES;

--
-- Dumping data for table `civicrm_loc_block`
--

LOCK TABLES `civicrm_loc_block` WRITE;
/*!40000 ALTER TABLE `civicrm_loc_block` DISABLE KEYS */;
INSERT INTO `civicrm_loc_block` (`id`, `address_id`, `email_id`, `phone_id`, `im_id`, `address_2_id`, `email_2_id`, `phone_2_id`, `im_2_id`) VALUES (1,1,NULL,1,NULL,NULL,NULL,NULL,NULL),(2,87,88,122,NULL,NULL,NULL,NULL,NULL),(3,88,89,123,NULL,NULL,NULL,NULL,NULL),(4,89,90,124,NULL,NULL,NULL,NULL,NULL);
/*!40000 ALTER TABLE `civicrm_loc_block` ENABLE KEYS */;
UNLOCK TABLES;

--
-- Dumping data for table `civicrm_location_type`
--

LOCK TABLES `civicrm_location_type` WRITE;
/*!40000 ALTER TABLE `civicrm_location_type` DISABLE KEYS */;
INSERT INTO `civicrm_location_type` (`id`, `name`, `vcard_name`, `description`, `is_reserved`, `is_active`, `is_default`) VALUES (1,'Home','HOME','Place of residence',0,1,1),(2,'Work','WORK','Work location',0,1,NULL),(3,'Main',NULL,'Main office location',0,1,NULL),(4,'Other',NULL,'Other location',0,1,NULL),(5,'Billing',NULL,'Billing Address location',1,1,NULL);
/*!40000 ALTER TABLE `civicrm_location_type` ENABLE KEYS */;
UNLOCK TABLES;

--
-- Dumping data for table `civicrm_log`
--

LOCK TABLES `civicrm_log` WRITE;
/*!40000 ALTER TABLE `civicrm_log` DISABLE KEYS */;
/*!40000 ALTER TABLE `civicrm_log` ENABLE KEYS */;
UNLOCK TABLES;

--
-- Dumping data for table `civicrm_mail_settings`
--

LOCK TABLES `civicrm_mail_settings` WRITE;
/*!40000 ALTER TABLE `civicrm_mail_settings` DISABLE KEYS */;
INSERT INTO `civicrm_mail_settings` (`id`, `domain_id`, `name`, `is_default`, `domain`, `localpart`, `return_path`, `protocol`, `server`, `port`, `username`, `password`, `is_ssl`, `source`) VALUES (1,1,'default',1,'FIXME.ORG',NULL,NULL,NULL,NULL,NULL,NULL,NULL,NULL,NULL);
/*!40000 ALTER TABLE `civicrm_mail_settings` ENABLE KEYS */;
UNLOCK TABLES;

--
-- Dumping data for table `civicrm_mailing`
--

LOCK TABLES `civicrm_mailing` WRITE;
/*!40000 ALTER TABLE `civicrm_mailing` DISABLE KEYS */;
/*!40000 ALTER TABLE `civicrm_mailing` ENABLE KEYS */;
UNLOCK TABLES;

--
-- Dumping data for table `civicrm_mailing_bounce_pattern`
--

LOCK TABLES `civicrm_mailing_bounce_pattern` WRITE;
/*!40000 ALTER TABLE `civicrm_mailing_bounce_pattern` DISABLE KEYS */;
INSERT INTO `civicrm_mailing_bounce_pattern` (`id`, `bounce_type_id`, `pattern`) VALUES (1,1,'Client TOS Notification'),(2,2,'(be|am)? (out of|away from) (the|my)? (office|computer|town)'),(3,2,'i am on vacation'),(4,3,'name(server entry| lookup failure)'),(5,3,'no (mail server|matches to nameserver query|dns entries)'),(6,3,'reverse dns entry'),(7,4,'(unknown|not local) host'),(8,4,'all hosts have been failing'),(9,4,'allowed rcpthosts'),(10,4,'connection (refused|timed out)'),(11,4,'not connected'),(12,4,'couldn\'t find any host named'),(13,4,'error involving remote host'),(14,4,'host unknown'),(15,4,'invalid host name'),(16,4,'isn\'t in my control/locals file'),(17,4,'local configuration error'),(18,4,'not a gateway'),(19,4,'server is down or unreachable'),(20,4,'too many connections'),(21,4,'unable to connect'),(22,5,'(my )?e-?mail( address)? has changed'),(23,5,'account (inactive|expired|deactivated)'),(24,5,'account is locked'),(25,5,'changed w+( e-?mail)? address'),(26,5,'deactivated mailbox'),(27,5,'disabled or discontinued'),(28,5,'inactive user'),(29,5,'is inactive on this domain'),(30,5,'mail receiving disabled'),(31,5,'mail( ?)address is administrative?ly disabled'),(32,5,'mailbox (temporarily disabled|currently suspended)'),(33,5,'no longer (accepting mail|on server|in use|with|employed|on staff|works for|using this account)'),(34,5,'not accepting mail'),(35,5,'please use my new e-?mail address'),(36,5,'this address no longer accepts mail'),(37,5,'user account suspended'),(38,6,'(user|recipient( name)?) is not recognized'),(39,6,'554 delivery error'),(40,6,'address does not exist'),(41,6,'address(es)? could not be found'),(42,6,'addressee unknown'),(43,6,'bad destination'),(44,6,'badly formatted address'),(45,6,'can\'t open mailbox for'),(46,6,'cannot deliver'),(47,6,'delivery to the following recipient(s)? failed'),(48,6,'destination addresses were unknown'),(49,6,'did not reach the following recipient'),(50,6,'does not exist'),(51,6,'does not like recipient'),(52,6,'does not specify a valid notes mail file'),(53,6,'illegal alias'),(54,6,'invalid (mailbox|(e-?mail )?address|recipient|final delivery)'),(55,6,'invalid( or unknown)?( virtual)? user'),(56,6,'mail delivery to this user is not allowed'),(57,6,'mailbox (not found|unavailable|name not allowed)'),(58,6,'message could not be forwarded'),(59,6,'missing or malformed local(-| )part'),(60,6,'no e-?mail address registered'),(61,6,'no such (mail drop|mailbox( w+)?|(e-?mail )?address|recipient|(local )?user)( here)?'),(62,6,'no mailbox here by that name'),(63,6,'not (listed in|found in directory|known at this site|our customer)'),(64,6,'not a valid( (user|mailbox))?'),(65,6,'not present in directory entry'),(66,6,'recipient (does not exist|(is )?unknown)'),(67,6,'this user doesn\'t have a yahoo.com address'),(68,6,'unavailable to take delivery of the message'),(69,6,'unavailable mailbox'),(70,6,'unknown (local( |-)part|recipient)'),(71,6,'unknown( or illegal)? user( account)?'),(72,6,'unrecognized recipient'),(73,6,'unregistered address'),(74,6,'user (unknown|does not exist)'),(75,6,'user doesn\'t have an? w+ account'),(76,6,'user(\'s e-?mail name is)? not found'),(77,6,'^Validation failed for:'),(78,7,'(mail|routing) loop'),(79,7,'excessive recursion'),(80,7,'loop detected'),(81,7,'maximum hop count exceeded'),(82,7,'message was forwarded more than the maximum allowed times'),(83,7,'too many hops'),(84,8,'(disk|over the allowed|exceed(ed|s)?|storage) quota'),(85,8,'522_mailbox_full'),(86,8,'exceeds allowed message count'),(87,8,'file too large'),(88,8,'full mailbox'),(89,8,'mailbox ((for user w+ )?is )?full'),(90,8,'mailbox has exceeded the limit'),(91,8,'mailbox( exceeds allowed)? size'),(92,8,'no space left for this user'),(93,8,'over\\s?quota'),(94,8,'quota (for the mailbox )?has been exceeded'),(95,8,'quota (usage|violation|exceeded)'),(96,8,'recipient storage full'),(97,8,'not able to receive more mail'),(98,9,'cannot find your hostname'),(99,9,'ip name lookup'),(100,9,'not configured to relay mail'),(101,9,'relay (not permitted|access denied)'),(102,9,'relayed mail to .+? not allowed'),(103,9,'sender ip must resolve'),(104,9,'unable to relay'),(105,10,'(bulk( e-?mail)|content|attachment blocking|virus|mail system) filters?'),(106,10,'(hostile|questionable|unacceptable) content'),(107,10,'address .+? has not been verified'),(108,10,'anti-?spam (policw+|software)'),(109,10,'anti-?virus gateway has detected'),(110,10,'blacklisted'),(111,10,'blocked message'),(112,10,'content control'),(113,10,'delivery not authorized'),(114,10,'does not conform to our e-?mail policy'),(115,10,'excessive spam content'),(116,10,'message looks suspicious'),(117,10,'open relay'),(118,10,'sender was rejected'),(119,10,'spam(check| reduction software| filters?)'),(120,10,'blocked by a user configured filter'),(121,10,'detected as spam'),(122,11,'nonstandard smtp line terminator'),(123,11,'syntax error in from address'),(124,11,'unknown smtp code');
/*!40000 ALTER TABLE `civicrm_mailing_bounce_pattern` ENABLE KEYS */;
UNLOCK TABLES;

--
-- Dumping data for table `civicrm_mailing_bounce_type`
--

LOCK TABLES `civicrm_mailing_bounce_type` WRITE;
/*!40000 ALTER TABLE `civicrm_mailing_bounce_type` DISABLE KEYS */;
INSERT INTO `civicrm_mailing_bounce_type` (`id`, `name`, `description`, `hold_threshold`) VALUES (1,'AOL','AOL Terms of Service complaint',1),(2,'Away','Recipient is on vacation',30),(3,'DNS','Unable to resolve recipient domain',3),(4,'Host','Unable to deliver to destintation mail server',3),(5,'Inactive','User account is no longer active',1),(6,'Invalid','Email address is not valid',1),(7,'Loop','Mail routing error',3),(8,'Quota','User inbox is full',3),(9,'Relay','Unable to reach destination mail server',3),(10,'Spam','Message caught by a content filter',1),(11,'Syntax','Error in SMTP transaction',3);
/*!40000 ALTER TABLE `civicrm_mailing_bounce_type` ENABLE KEYS */;
UNLOCK TABLES;

--
-- Dumping data for table `civicrm_mailing_component`
--

LOCK TABLES `civicrm_mailing_component` WRITE;
/*!40000 ALTER TABLE `civicrm_mailing_component` DISABLE KEYS */;
INSERT INTO `civicrm_mailing_component` (`id`, `name`, `component_type`, `subject`, `body_html`, `body_text`, `is_default`, `is_active`) VALUES (1,'Mailing Header','Header','Descriptive Title for this Header','Sample Header for HTML formatted content.','Sample Header for TEXT formatted content.',1,1),(2,'Mailing Footer','Footer','Descriptive Title for this Footer.','Sample Footer for HTML formatted content<br/><a href=\"{action.optOutUrl}\">Unsubscribe</a>  <br/> {domain.address}','to unsubscribe: {action.optOutUrl}\n{domain.address}',1,1),(3,'Subscribe Message','Subscribe','Subscription Confirmation Request','You have a pending subscription to the {subscribe.group} mailing list. To confirm this subscription, reply to this email or click <a href=\"{subscribe.url}\">here</a>.','You have a pending subscription to the {subscribe.group} mailing list. To confirm this subscription, reply to this email or click on this link: {subscribe.url}',1,1),(4,'Welcome Message','Welcome','Your Subscription has been Activated','Welcome. Your subscription to the {welcome.group} mailing list has been activated.','Welcome. Your subscription to the {welcome.group} mailing list has been activated.',1,1),(5,'Unsubscribe Message','Unsubscribe','Un-subscribe Confirmation','You have been un-subscribed from the following groups: {unsubscribe.group}. You can re-subscribe by mailing {action.resubscribe} or clicking <a href=\"{action.resubscribeUrl}\">here</a>.','You have been un-subscribed from the following groups: {unsubscribe.group}. You can re-subscribe by mailing {action.resubscribe} or clicking %3',1,1),(6,'Resubscribe Message','Resubscribe','Re-subscribe Confirmation','You have been re-subscribed to the following groups: {resubscribe.group}. You can un-subscribe by mailing {action.unsubscribe} or clicking <a href=\"{action.unsubscribeUrl}\">here</a>.','You have been re-subscribed to the following groups: {resubscribe.group}. You can un-subscribe by mailing {action.unsubscribe} or clicking {action.unsubscribeUrl}',1,1),(7,'Opt-out Message','OptOut','Opt-out Confirmation','Your email address has been removed from {domain.name} mailing lists.','Your email address has been removed from {domain.name} mailing lists.',1,1),(8,'Auto-responder','Reply','Please Send Inquiries to Our Contact Email Address','This is an automated reply from an un-attended mailbox. Please send any inquiries to the contact email address listed on our web-site.','This is an automated reply from an un-attended mailbox. Please send any inquiries to the contact email address listed on our web-site.',1,1);
/*!40000 ALTER TABLE `civicrm_mailing_component` ENABLE KEYS */;
UNLOCK TABLES;

--
-- Dumping data for table `civicrm_mailing_event_bounce`
--

LOCK TABLES `civicrm_mailing_event_bounce` WRITE;
/*!40000 ALTER TABLE `civicrm_mailing_event_bounce` DISABLE KEYS */;
/*!40000 ALTER TABLE `civicrm_mailing_event_bounce` ENABLE KEYS */;
UNLOCK TABLES;

--
-- Dumping data for table `civicrm_mailing_event_confirm`
--

LOCK TABLES `civicrm_mailing_event_confirm` WRITE;
/*!40000 ALTER TABLE `civicrm_mailing_event_confirm` DISABLE KEYS */;
/*!40000 ALTER TABLE `civicrm_mailing_event_confirm` ENABLE KEYS */;
UNLOCK TABLES;

--
-- Dumping data for table `civicrm_mailing_event_delivered`
--

LOCK TABLES `civicrm_mailing_event_delivered` WRITE;
/*!40000 ALTER TABLE `civicrm_mailing_event_delivered` DISABLE KEYS */;
/*!40000 ALTER TABLE `civicrm_mailing_event_delivered` ENABLE KEYS */;
UNLOCK TABLES;

--
-- Dumping data for table `civicrm_mailing_event_forward`
--

LOCK TABLES `civicrm_mailing_event_forward` WRITE;
/*!40000 ALTER TABLE `civicrm_mailing_event_forward` DISABLE KEYS */;
/*!40000 ALTER TABLE `civicrm_mailing_event_forward` ENABLE KEYS */;
UNLOCK TABLES;

--
-- Dumping data for table `civicrm_mailing_event_opened`
--

LOCK TABLES `civicrm_mailing_event_opened` WRITE;
/*!40000 ALTER TABLE `civicrm_mailing_event_opened` DISABLE KEYS */;
/*!40000 ALTER TABLE `civicrm_mailing_event_opened` ENABLE KEYS */;
UNLOCK TABLES;

--
-- Dumping data for table `civicrm_mailing_event_queue`
--

LOCK TABLES `civicrm_mailing_event_queue` WRITE;
/*!40000 ALTER TABLE `civicrm_mailing_event_queue` DISABLE KEYS */;
/*!40000 ALTER TABLE `civicrm_mailing_event_queue` ENABLE KEYS */;
UNLOCK TABLES;

--
-- Dumping data for table `civicrm_mailing_event_reply`
--

LOCK TABLES `civicrm_mailing_event_reply` WRITE;
/*!40000 ALTER TABLE `civicrm_mailing_event_reply` DISABLE KEYS */;
/*!40000 ALTER TABLE `civicrm_mailing_event_reply` ENABLE KEYS */;
UNLOCK TABLES;

--
-- Dumping data for table `civicrm_mailing_event_subscribe`
--

LOCK TABLES `civicrm_mailing_event_subscribe` WRITE;
/*!40000 ALTER TABLE `civicrm_mailing_event_subscribe` DISABLE KEYS */;
/*!40000 ALTER TABLE `civicrm_mailing_event_subscribe` ENABLE KEYS */;
UNLOCK TABLES;

--
-- Dumping data for table `civicrm_mailing_event_trackable_url_open`
--

LOCK TABLES `civicrm_mailing_event_trackable_url_open` WRITE;
/*!40000 ALTER TABLE `civicrm_mailing_event_trackable_url_open` DISABLE KEYS */;
/*!40000 ALTER TABLE `civicrm_mailing_event_trackable_url_open` ENABLE KEYS */;
UNLOCK TABLES;

--
-- Dumping data for table `civicrm_mailing_event_unsubscribe`
--

LOCK TABLES `civicrm_mailing_event_unsubscribe` WRITE;
/*!40000 ALTER TABLE `civicrm_mailing_event_unsubscribe` DISABLE KEYS */;
/*!40000 ALTER TABLE `civicrm_mailing_event_unsubscribe` ENABLE KEYS */;
UNLOCK TABLES;

--
-- Dumping data for table `civicrm_mailing_group`
--

LOCK TABLES `civicrm_mailing_group` WRITE;
/*!40000 ALTER TABLE `civicrm_mailing_group` DISABLE KEYS */;
/*!40000 ALTER TABLE `civicrm_mailing_group` ENABLE KEYS */;
UNLOCK TABLES;

--
-- Dumping data for table `civicrm_mailing_job`
--

LOCK TABLES `civicrm_mailing_job` WRITE;
/*!40000 ALTER TABLE `civicrm_mailing_job` DISABLE KEYS */;
/*!40000 ALTER TABLE `civicrm_mailing_job` ENABLE KEYS */;
UNLOCK TABLES;

--
-- Dumping data for table `civicrm_mailing_spool`
--

LOCK TABLES `civicrm_mailing_spool` WRITE;
/*!40000 ALTER TABLE `civicrm_mailing_spool` DISABLE KEYS */;
/*!40000 ALTER TABLE `civicrm_mailing_spool` ENABLE KEYS */;
UNLOCK TABLES;

--
-- Dumping data for table `civicrm_mailing_trackable_url`
--

LOCK TABLES `civicrm_mailing_trackable_url` WRITE;
/*!40000 ALTER TABLE `civicrm_mailing_trackable_url` DISABLE KEYS */;
/*!40000 ALTER TABLE `civicrm_mailing_trackable_url` ENABLE KEYS */;
UNLOCK TABLES;

--
-- Dumping data for table `civicrm_mapping`
--

LOCK TABLES `civicrm_mapping` WRITE;
/*!40000 ALTER TABLE `civicrm_mapping` DISABLE KEYS */;
/*!40000 ALTER TABLE `civicrm_mapping` ENABLE KEYS */;
UNLOCK TABLES;

--
-- Dumping data for table `civicrm_mapping_field`
--

LOCK TABLES `civicrm_mapping_field` WRITE;
/*!40000 ALTER TABLE `civicrm_mapping_field` DISABLE KEYS */;
/*!40000 ALTER TABLE `civicrm_mapping_field` ENABLE KEYS */;
UNLOCK TABLES;

--
-- Dumping data for table `civicrm_membership`
--

LOCK TABLES `civicrm_membership` WRITE;
/*!40000 ALTER TABLE `civicrm_membership` DISABLE KEYS */;
INSERT INTO `civicrm_membership` (`id`, `contact_id`, `membership_type_id`, `join_date`, `start_date`, `end_date`, `source`, `status_id`, `is_override`, `reminder_date`, `owner_membership_id`, `is_test`, `is_pay_later`, `contribution_recur_id`) VALUES (1,13,1,'2011-02-04','2011-02-04','2013-02-03','Payment',1,NULL,NULL,NULL,0,0,NULL),(2,59,2,'2011-02-03','2011-02-03','2012-02-02','Check',1,NULL,NULL,NULL,0,0,NULL),(3,16,1,'2011-02-02','2011-02-02','2013-02-01','Donation',1,NULL,NULL,NULL,0,0,NULL),(4,49,2,'2011-02-01','2011-02-01','2012-01-31','Donation',1,NULL,NULL,NULL,0,0,NULL),(5,40,2,'2010-01-31','2010-01-31','2011-01-30','Check',4,NULL,NULL,NULL,0,0,NULL),(6,84,2,'2011-01-30','2011-01-30','2012-01-29','Check',1,NULL,NULL,NULL,0,0,NULL),(7,23,1,'2011-01-29','2011-01-29','2013-01-28','Payment',1,NULL,NULL,NULL,0,0,NULL),(8,67,2,'2011-01-28','2011-01-28','2012-01-27','Donation',1,NULL,NULL,NULL,0,0,NULL),(9,70,1,'2011-01-27','2011-01-27','2013-01-26','Payment',1,NULL,NULL,NULL,0,0,NULL),(10,31,1,'2008-11-24','2008-11-24','2010-11-23','Donation',3,NULL,NULL,NULL,0,0,NULL),(11,21,3,'2011-01-25','2011-01-25',NULL,'Check',1,NULL,NULL,NULL,0,0,NULL),(12,39,2,'2011-01-24','2011-01-24','2012-01-23','Check',1,NULL,NULL,NULL,0,0,NULL),(13,33,1,'2011-01-23','2011-01-23','2013-01-22','Check',1,NULL,NULL,NULL,0,0,NULL),(14,55,2,'2011-01-22','2011-01-22','2012-01-21','Payment',1,NULL,NULL,NULL,0,0,NULL),(15,11,1,'2008-10-15','2008-10-15','2010-10-14','Check',3,NULL,NULL,NULL,0,0,NULL),(16,43,2,'2011-01-20','2011-01-20','2012-01-19','Payment',1,NULL,NULL,NULL,0,0,NULL),(17,47,1,'2011-01-19','2011-01-19','2013-01-18','Check',1,NULL,NULL,NULL,0,0,NULL),(18,35,2,'2011-01-18','2011-01-18','2012-01-17','Donation',1,NULL,NULL,NULL,0,0,NULL),(19,2,1,'2011-01-17','2011-01-17','2013-01-16','Payment',1,NULL,NULL,NULL,0,0,NULL),(20,73,1,'2008-09-05','2008-09-05','2010-09-04','Donation',3,NULL,NULL,NULL,0,0,NULL),(21,92,1,'2011-01-15','2011-01-15','2013-01-14','Donation',1,NULL,NULL,NULL,0,0,NULL),(22,93,3,'2011-01-14','2011-01-14',NULL,'Payment',1,NULL,NULL,NULL,0,0,NULL),(23,66,1,'2011-01-13','2011-01-13','2013-01-12','Payment',1,NULL,NULL,NULL,0,0,NULL),(24,25,2,'2011-01-12','2011-01-12','2012-01-11','Check',1,NULL,NULL,NULL,0,0,NULL),(25,17,1,'2008-07-27','2008-07-27','2010-07-26','Donation',3,NULL,NULL,NULL,0,0,NULL),(26,56,2,'2011-01-10','2011-01-10','2012-01-09','Payment',1,NULL,NULL,NULL,0,0,NULL),(27,72,1,'2011-01-09','2011-01-09','2013-01-08','Check',1,NULL,NULL,NULL,0,0,NULL),(28,4,2,'2011-01-08','2011-01-08','2012-01-07','Check',1,NULL,NULL,NULL,0,0,NULL),(29,32,1,'2011-01-07','2011-01-07','2013-01-06','Check',1,NULL,NULL,NULL,0,0,NULL),(30,29,2,'2010-01-06','2010-01-06','2011-01-05','Check',4,NULL,NULL,NULL,0,0,NULL);
/*!40000 ALTER TABLE `civicrm_membership` ENABLE KEYS */;
UNLOCK TABLES;

--
-- Dumping data for table `civicrm_membership_block`
--

LOCK TABLES `civicrm_membership_block` WRITE;
/*!40000 ALTER TABLE `civicrm_membership_block` DISABLE KEYS */;
INSERT INTO `civicrm_membership_block` (`id`, `entity_table`, `entity_id`, `membership_types`, `membership_type_default`, `display_min_fee`, `is_separate_payment`, `new_title`, `new_text`, `renewal_title`, `renewal_text`, `is_required`, `is_active`) VALUES (1,'civicrm_contribution_page',2,'a:2:{i:1;i:0;i:2;i:0;}',1,1,0,'Membership Levels and Fees','Please select the appropriate membership level below. You will have a chance to review your selection and the corresponding dues on the next page prior to your credit card being charged.','Renew or Upgrade Your Membership','Information on your current membership level and expiration date is shown below. You may renew or upgrade at any time - but don\'t let your membership lapse!',1,1);
/*!40000 ALTER TABLE `civicrm_membership_block` ENABLE KEYS */;
UNLOCK TABLES;

--
-- Dumping data for table `civicrm_membership_log`
--

LOCK TABLES `civicrm_membership_log` WRITE;
/*!40000 ALTER TABLE `civicrm_membership_log` DISABLE KEYS */;
INSERT INTO `civicrm_membership_log` (`id`, `membership_id`, `status_id`, `start_date`, `end_date`, `modified_id`, `modified_date`, `renewal_reminder_date`) VALUES (1,1,1,'2011-02-04','2013-02-03',13,'2011-02-04',NULL),(2,2,1,'2011-02-03','2012-02-02',59,'2011-02-04',NULL),(3,3,1,'2011-02-02','2013-02-01',16,'2011-02-04',NULL),(4,4,1,'2011-02-01','2012-01-31',49,'2011-02-04',NULL),(5,5,4,'2010-01-31','2011-01-30',40,'2011-02-04',NULL),(6,6,1,'2011-01-30','2012-01-29',84,'2011-02-04',NULL),(7,7,1,'2011-01-29','2013-01-28',23,'2011-02-04',NULL),(8,8,1,'2011-01-28','2012-01-27',67,'2011-02-04',NULL),(9,9,1,'2011-01-27','2013-01-26',70,'2011-02-04',NULL),(10,10,3,'2008-11-24','2010-11-23',31,'2011-02-04',NULL),(11,11,1,'2011-01-25',NULL,21,'2011-02-04',NULL),(12,12,1,'2011-01-24','2012-01-23',39,'2011-02-04',NULL),(13,13,1,'2011-01-23','2013-01-22',33,'2011-02-04',NULL),(14,14,1,'2011-01-22','2012-01-21',55,'2011-02-04',NULL),(15,15,3,'2008-10-15','2010-10-14',11,'2011-02-04',NULL),(16,16,1,'2011-01-20','2012-01-19',43,'2011-02-04',NULL),(17,17,1,'2011-01-19','2013-01-18',47,'2011-02-04',NULL),(18,18,1,'2011-01-18','2012-01-17',35,'2011-02-04',NULL),(19,19,1,'2011-01-17','2013-01-16',2,'2011-02-04',NULL),(20,20,3,'2008-09-05','2010-09-04',73,'2011-02-04',NULL),(21,21,1,'2011-01-15','2013-01-14',92,'2011-02-04',NULL),(22,22,1,'2011-01-14',NULL,93,'2011-02-04',NULL),(23,23,1,'2011-01-13','2013-01-12',66,'2011-02-04',NULL),(24,24,1,'2011-01-12','2012-01-11',25,'2011-02-04',NULL),(25,25,3,'2008-07-27','2010-07-26',17,'2011-02-04',NULL),(26,26,1,'2011-01-10','2012-01-09',56,'2011-02-04',NULL),(27,27,1,'2011-01-09','2013-01-08',72,'2011-02-04',NULL),(28,28,1,'2011-01-08','2012-01-07',4,'2011-02-04',NULL),(29,29,1,'2011-01-07','2013-01-06',32,'2011-02-04',NULL),(30,30,4,'2010-01-06','2011-01-05',29,'2011-02-04',NULL);
/*!40000 ALTER TABLE `civicrm_membership_log` ENABLE KEYS */;
UNLOCK TABLES;

--
-- Dumping data for table `civicrm_membership_payment`
--

LOCK TABLES `civicrm_membership_payment` WRITE;
/*!40000 ALTER TABLE `civicrm_membership_payment` DISABLE KEYS */;
/*!40000 ALTER TABLE `civicrm_membership_payment` ENABLE KEYS */;
UNLOCK TABLES;

--
-- Dumping data for table `civicrm_membership_status`
--

LOCK TABLES `civicrm_membership_status` WRITE;
/*!40000 ALTER TABLE `civicrm_membership_status` DISABLE KEYS */;
INSERT INTO `civicrm_membership_status` (`id`, `name`, `label`, `start_event`, `start_event_adjust_unit`, `start_event_adjust_interval`, `end_event`, `end_event_adjust_unit`, `end_event_adjust_interval`, `is_current_member`, `is_admin`, `weight`, `is_default`, `is_active`, `is_reserved`) VALUES (1,'New','New','join_date',NULL,NULL,'join_date','month',3,1,0,1,0,1,0),(2,'Current','Current','start_date',NULL,NULL,'end_date',NULL,NULL,1,0,2,1,1,0),(3,'Grace','Grace','end_date',NULL,NULL,'end_date','month',1,1,0,3,0,1,0),(4,'Expired','Expired','end_date','month',1,NULL,NULL,NULL,0,0,4,0,1,0),(5,'Pending','Pending','join_date',NULL,NULL,'join_date',NULL,NULL,0,0,5,0,1,1),(6,'Cancelled','Cancelled','join_date',NULL,NULL,'join_date',NULL,NULL,0,0,6,0,1,0),(7,'Deceased','Deceased',NULL,NULL,NULL,NULL,NULL,NULL,0,1,7,0,1,1);
/*!40000 ALTER TABLE `civicrm_membership_status` ENABLE KEYS */;
UNLOCK TABLES;

--
-- Dumping data for table `civicrm_membership_type`
--

LOCK TABLES `civicrm_membership_type` WRITE;
/*!40000 ALTER TABLE `civicrm_membership_type` DISABLE KEYS */;
INSERT INTO `civicrm_membership_type` (`id`, `domain_id`, `name`, `description`, `member_of_contact_id`, `contribution_type_id`, `minimum_fee`, `duration_unit`, `duration_interval`, `period_type`, `fixed_period_start_day`, `fixed_period_rollover_day`, `relationship_type_id`, `relationship_direction`, `visibility`, `weight`, `renewal_msg_id`, `renewal_reminder_day`, `receipt_text_signup`, `receipt_text_renewal`, `autorenewal_msg_id`, `auto_renew`, `is_active`) VALUES (1,1,'General','Regular annual membership.',1,2,'100.00','year',2,'rolling',NULL,NULL,'7','b_a','Public',1,NULL,NULL,NULL,NULL,NULL,0,1),(2,1,'Student','Discount membership for full-time students.',1,1,'50.00','year',1,'rolling',NULL,NULL,NULL,NULL,'Public',2,NULL,NULL,NULL,NULL,NULL,0,1),(3,1,'Lifetime','Lifetime membership.',1,2,'1200.00','lifetime',1,'rolling',NULL,NULL,'7','b_a','Admin',3,NULL,NULL,NULL,NULL,NULL,0,1);
/*!40000 ALTER TABLE `civicrm_membership_type` ENABLE KEYS */;
UNLOCK TABLES;

--
-- Dumping data for table `civicrm_menu`
--

LOCK TABLES `civicrm_menu` WRITE;
/*!40000 ALTER TABLE `civicrm_menu` DISABLE KEYS */;
/*!40000 ALTER TABLE `civicrm_menu` ENABLE KEYS */;
UNLOCK TABLES;

--
-- Dumping data for table `civicrm_msg_template`
--

LOCK TABLES `civicrm_msg_template` WRITE;
/*!40000 ALTER TABLE `civicrm_msg_template` DISABLE KEYS */;
INSERT INTO `civicrm_msg_template` (`id`, `msg_title`, `msg_subject`, `msg_text`, `msg_html`, `is_active`, `workflow_id`, `is_default`, `is_reserved`) VALUES (1,'Cases - Send Copy of an Activity','{if $idHash}[case #{$idHash}]{/if} {$activitySubject}\n','===========================================================\n{ts}Activity Summary{/ts} - {$activityTypeName}\n===========================================================\n{if $isCaseActivity}\n{ts}Your Case Role(s){/ts} : {$contact.role}\n{if $manageCaseURL}\n{ts}Manage Case{/ts} : {$manageCaseURL}\n{/if}\n{/if}\n\n{if $editActURL}\n{ts}Edit this Activity{/ts} : {$editActURL}\n{/if}\n{if $viewActURL}\n{ts}View this Activity{/ts} : {$viewActURL}\n{/if}\n\n{foreach from=$activity.fields item=field}\n{if $field.type eq \'Date\'}\n{$field.label}{if $field.category}({$field.category}){/if} : {$field.value|crmDate:$config->dateformatDatetime}\n{else}\n{$field.label}{if $field.category}({$field.category}){/if} : {$field.value}\n{/if}\n{/foreach}\n\n{foreach from=$activity.customGroups key=customGroupName item=customGroup}\n==========================================================\n{$customGroupName}\n==========================================================\n{foreach from=$customGroup item=field}\n{if $field.type eq \'Date\'}\n{$field.label} : {$field.value|crmDate:$config->dateformatDatetime}\n{else}\n{$field.label} : {$field.value}\n{/if}\n{/foreach}\n\n{/foreach}\n','<!DOCTYPE html PUBLIC \"-//W3C//DTD XHTML 1.0 Transitional//EN\" \"http://www.w3.org/TR/xhtml1/DTD/xhtml1-transitional.dtd\">\n<html xmlns=\"http://www.w3.org/1999/xhtml\">\n<head>\n <meta http-equiv=\"Content-Type\" content=\"text/html; charset=UTF-8\" />\n <title></title>\n</head>\n<body>\n\n{capture assign=headerStyle}colspan=\"2\" style=\"text-align: left; padding: 4px; border-bottom: 1px solid #999; background-color: #eee;\"{/capture}\n{capture assign=labelStyle }style=\"padding: 4px; border-bottom: 1px solid #999; background-color: #f7f7f7;\"{/capture}\n{capture assign=valueStyle }style=\"padding: 4px; border-bottom: 1px solid #999;\"{/capture}\n\n<center>\n <table width=\"620\" border=\"0\" cellpadding=\"0\" cellspacing=\"0\" id=\"crm-event_receipt\" style=\"font-family: Arial, Verdana, sans-serif; text-align: left;\">\n\n  <!-- BEGIN HEADER -->\n  <!-- You can add table row(s) here with logo or other header elements -->\n  <!-- END HEADER -->\n\n  <!-- BEGIN CONTENT -->\n\n  <tr>\n   <td>\n    <table style=\"border: 1px solid #999; margin: 1em 0em 1em; border-collapse: collapse; width:100%;\">\n     <tr>\n      <th {$headerStyle}>\n       {ts}Activity Summary{/ts} - {$activityTypeName}\n      </th>\n     </tr>\n     {if $isCaseActivity}\n      <tr>\n       <td {$labelStyle}>\n        {ts}Your Case Role(s){/ts}\n       </td>\n       <td {$valueStyle}>\n        {$contact.role}\n       </td>\n      </tr>\n      {if $manageCaseURL}\n       <tr>\n       <td colspan=\"2\" {$valueStyle}>\n	   <a href=\"{$manageCaseURL}\" title=\"{ts}Manage Case{/ts}\">{ts}Manage Case{/ts}</a>\n       </td>\n       </tr>\n      {/if}\n     {/if}\n     {if $editActURL} \n     <tr>\n       <td colspan=\"2\" {$valueStyle}>\n	 <a href=\"{$editActURL}\" title=\"{ts}Edit this activity{/ts}\">{ts}Edit this activity{/ts}</a>\n       </td>\n     </tr>\n     {/if}\n     {if $viewActURL}\n     <tr>\n       <td colspan=\"2\" {$valueStyle}>\n	 <a href=\"{$viewActURL}\" title=\"{ts}View this activity{/ts}\">{ts}View this activity{/ts}</a>\n       </td>\n     </tr>	\n     {/if} \n     {foreach from=$activity.fields item=field}\n      <tr>\n       <td {$labelStyle}>\n        {$field.label}{if $field.category}({$field.category}){/if}\n       </td>\n       <td {$valueStyle}>\n        {if $field.type eq \'Date\'}\n         {$field.value|crmDate:$config->dateformatDatetime}\n        {else}\n         {$field.value}\n        {/if}\n       </td>\n      </tr>\n     {/foreach}\n\n     {foreach from=$activity.customGroups key=customGroupName item=customGroup}\n      <tr>\n       <th {$headerStyle}>\n        {$customGroupName}\n       </th>\n      </tr>\n      {foreach from=$customGroup item=field}\n       <tr>\n        <td {$labelStyle}>\n         {$field.label}\n        </td>\n        <td {$valueStyle}>\n         {if $field.type eq \'Date\'}\n          {$field.value|crmDate:$config->dateformatDatetime}\n         {else}\n          {$field.value}\n         {/if}\n        </td>\n       </tr>\n      {/foreach}\n     {/foreach}\n    </table>\n   </td>\n  </tr>\n </table>\n</center>\n\n</body>\n</html>\n',1,536,1,0),(2,'Cases - Send Copy of an Activity','{if $idHash}[case #{$idHash}]{/if} {$activitySubject}\n','===========================================================\n{ts}Activity Summary{/ts} - {$activityTypeName}\n===========================================================\n{if $isCaseActivity}\n{ts}Your Case Role(s){/ts} : {$contact.role}\n{if $manageCaseURL}\n{ts}Manage Case{/ts} : {$manageCaseURL}\n{/if}\n{/if}\n\n{if $editActURL}\n{ts}Edit this Activity{/ts} : {$editActURL}\n{/if}\n{if $viewActURL}\n{ts}View this Activity{/ts} : {$viewActURL}\n{/if}\n\n{foreach from=$activity.fields item=field}\n{if $field.type eq \'Date\'}\n{$field.label}{if $field.category}({$field.category}){/if} : {$field.value|crmDate:$config->dateformatDatetime}\n{else}\n{$field.label}{if $field.category}({$field.category}){/if} : {$field.value}\n{/if}\n{/foreach}\n\n{foreach from=$activity.customGroups key=customGroupName item=customGroup}\n==========================================================\n{$customGroupName}\n==========================================================\n{foreach from=$customGroup item=field}\n{if $field.type eq \'Date\'}\n{$field.label} : {$field.value|crmDate:$config->dateformatDatetime}\n{else}\n{$field.label} : {$field.value}\n{/if}\n{/foreach}\n\n{/foreach}\n','<!DOCTYPE html PUBLIC \"-//W3C//DTD XHTML 1.0 Transitional//EN\" \"http://www.w3.org/TR/xhtml1/DTD/xhtml1-transitional.dtd\">\n<html xmlns=\"http://www.w3.org/1999/xhtml\">\n<head>\n <meta http-equiv=\"Content-Type\" content=\"text/html; charset=UTF-8\" />\n <title></title>\n</head>\n<body>\n\n{capture assign=headerStyle}colspan=\"2\" style=\"text-align: left; padding: 4px; border-bottom: 1px solid #999; background-color: #eee;\"{/capture}\n{capture assign=labelStyle }style=\"padding: 4px; border-bottom: 1px solid #999; background-color: #f7f7f7;\"{/capture}\n{capture assign=valueStyle }style=\"padding: 4px; border-bottom: 1px solid #999;\"{/capture}\n\n<center>\n <table width=\"620\" border=\"0\" cellpadding=\"0\" cellspacing=\"0\" id=\"crm-event_receipt\" style=\"font-family: Arial, Verdana, sans-serif; text-align: left;\">\n\n  <!-- BEGIN HEADER -->\n  <!-- You can add table row(s) here with logo or other header elements -->\n  <!-- END HEADER -->\n\n  <!-- BEGIN CONTENT -->\n\n  <tr>\n   <td>\n    <table style=\"border: 1px solid #999; margin: 1em 0em 1em; border-collapse: collapse; width:100%;\">\n     <tr>\n      <th {$headerStyle}>\n       {ts}Activity Summary{/ts} - {$activityTypeName}\n      </th>\n     </tr>\n     {if $isCaseActivity}\n      <tr>\n       <td {$labelStyle}>\n        {ts}Your Case Role(s){/ts}\n       </td>\n       <td {$valueStyle}>\n        {$contact.role}\n       </td>\n      </tr>\n      {if $manageCaseURL}\n       <tr>\n       <td colspan=\"2\" {$valueStyle}>\n	   <a href=\"{$manageCaseURL}\" title=\"{ts}Manage Case{/ts}\">{ts}Manage Case{/ts}</a>\n       </td>\n       </tr>\n      {/if}\n     {/if}\n     {if $editActURL} \n     <tr>\n       <td colspan=\"2\" {$valueStyle}>\n	 <a href=\"{$editActURL}\" title=\"{ts}Edit this activity{/ts}\">{ts}Edit this activity{/ts}</a>\n       </td>\n     </tr>\n     {/if}\n     {if $viewActURL}\n     <tr>\n       <td colspan=\"2\" {$valueStyle}>\n	 <a href=\"{$viewActURL}\" title=\"{ts}View this activity{/ts}\">{ts}View this activity{/ts}</a>\n       </td>\n     </tr>	\n     {/if} \n     {foreach from=$activity.fields item=field}\n      <tr>\n       <td {$labelStyle}>\n        {$field.label}{if $field.category}({$field.category}){/if}\n       </td>\n       <td {$valueStyle}>\n        {if $field.type eq \'Date\'}\n         {$field.value|crmDate:$config->dateformatDatetime}\n        {else}\n         {$field.value}\n        {/if}\n       </td>\n      </tr>\n     {/foreach}\n\n     {foreach from=$activity.customGroups key=customGroupName item=customGroup}\n      <tr>\n       <th {$headerStyle}>\n        {$customGroupName}\n       </th>\n      </tr>\n      {foreach from=$customGroup item=field}\n       <tr>\n        <td {$labelStyle}>\n         {$field.label}\n        </td>\n        <td {$valueStyle}>\n         {if $field.type eq \'Date\'}\n          {$field.value|crmDate:$config->dateformatDatetime}\n         {else}\n          {$field.value}\n         {/if}\n        </td>\n       </tr>\n      {/foreach}\n     {/foreach}\n    </table>\n   </td>\n  </tr>\n </table>\n</center>\n\n</body>\n</html>\n',1,536,0,1),(3,'Contributions - Duplicate Organization Alert','{ts}CiviContribute Alert: Possible Duplicate Contact Record{/ts}\n','{ts}A contribution / membership signup was made on behalf of the organization listed below.{/ts}\n{ts}The information provided matched multiple existing database records based on the configured\nDuplicate Matching Rules for your site.{/ts}\n\n{ts}Organization Name{/ts}: {$onBehalfName}\n{ts}Organization Email{/ts}: {$onBehalfEmail}\n{ts}Organization Contact Id{/ts}: {$onBehalfID}\n\n{ts}If you think this may be a duplicate contact which should be merged with an existing record -\nGo to \"CiviCRM >> Administer CiviCRM >> Find and Merge Duplicate Contacts\". Use the strict\nrule for Organizations to find the potential duplicates and merge them if appropriate.{/ts}\n\n{if $receiptMessage}\n###########################################################\n{ts}Copy of Contribution Receipt{/ts}\n\n###########################################################\n{$receiptMessage}\n\n{/if}\n','<!DOCTYPE html PUBLIC \"-//W3C//DTD XHTML 1.0 Transitional//EN\" \"http://www.w3.org/TR/xhtml1/DTD/xhtml1-transitional.dtd\">\n<html xmlns=\"http://www.w3.org/1999/xhtml\">\n<head>\n <meta http-equiv=\"Content-Type\" content=\"text/html; charset=UTF-8\" />\n <title></title>\n</head>\n<body>\n\n{capture assign=headerStyle}colspan=\"2\" style=\"text-align: left; padding: 4px; border-bottom: 1px solid #999; background-color: #eee;\"{/capture}\n{capture assign=labelStyle }style=\"padding: 4px; border-bottom: 1px solid #999; background-color: #f7f7f7;\"{/capture}\n{capture assign=valueStyle }style=\"padding: 4px; border-bottom: 1px solid #999;\"{/capture}\n\n<center>\n <table width=\"620\" border=\"0\" cellpadding=\"0\" cellspacing=\"0\" id=\"crm-event_receipt\" style=\"font-family: Arial, Verdana, sans-serif; text-align: left;\">\n\n  <!-- BEGIN HEADER -->\n  <!-- You can add table row(s) here with logo or other header elements -->\n  <!-- END HEADER -->\n\n  <!-- BEGIN CONTENT -->\n\n  <tr>\n   <td>\n    <p>{ts}A contribution / membership signup was made on behalf of the organization listed below.{/ts}</p>\n    <p>{ts}The information provided matched multiple existing database records based on the configured\nDuplicate Matching Rules for your site.{/ts}</p>\n   </td>\n  </tr>\n  <tr>\n   <td>\n    <table style=\"border: 1px solid #999; margin: 1em 0em 1em; border-collapse: collapse; width:100%;\">\n     <tr>\n      <td {$labelStyle}>\n       {ts}Organization Name{/ts}\n      </td>\n      <td {$valueStyle}>\n       {$onBehalfName}\n      </td>\n     </tr>\n     <tr>\n      <td {$labelStyle}>\n       {ts}Organization Email{/ts}\n      </td>\n      <td {$valueStyle}>\n       {$onBehalfEmail}\n      </td>\n     </tr>\n     <tr>\n      <td {$labelStyle}>\n       {ts}Organization Contact Id{/ts}\n      </td>\n      <td {$valueStyle}>\n       {$onBehalfID}\n      </td>\n     </tr>\n    </table>\n   </td>\n  </tr>\n  <tr>\n   <td>\n    <p>{ts}If you think this may be a duplicate contact which should be merged with an existing record -\nGo to \"CiviCRM >> Administer CiviCRM >> Find and Merge Duplicate Contacts\". Use the strict\nrule for Organizations to find the potential duplicates and merge them if appropriate.{/ts}</p>\n   </td>\n  </tr>\n  {if $receiptMessage}\n   <tr>\n    <td>\n     <table style=\"border: 1px solid #999; margin: 1em 0em 1em; border-collapse: collapse; width:100%;\">\n      <tr>\n       <th {$headerStyle}>\n        {ts}Copy of Contribution Receipt{/ts}\n       </th>\n      </tr>\n      <tr>\n       <td colspan=\"2\" {$valueStyle}>\n        {* FIXME: the below is most probably not HTML-ised *}\n        {$receiptMessage}\n       </td>\n      </tr>\n     </table>\n    </td>\n   </tr>\n  {/if}\n </table>\n</center>\n\n</body>\n</html>\n',1,537,1,0),(4,'Contributions - Duplicate Organization Alert','{ts}CiviContribute Alert: Possible Duplicate Contact Record{/ts}\n','{ts}A contribution / membership signup was made on behalf of the organization listed below.{/ts}\n{ts}The information provided matched multiple existing database records based on the configured\nDuplicate Matching Rules for your site.{/ts}\n\n{ts}Organization Name{/ts}: {$onBehalfName}\n{ts}Organization Email{/ts}: {$onBehalfEmail}\n{ts}Organization Contact Id{/ts}: {$onBehalfID}\n\n{ts}If you think this may be a duplicate contact which should be merged with an existing record -\nGo to \"CiviCRM >> Administer CiviCRM >> Find and Merge Duplicate Contacts\". Use the strict\nrule for Organizations to find the potential duplicates and merge them if appropriate.{/ts}\n\n{if $receiptMessage}\n###########################################################\n{ts}Copy of Contribution Receipt{/ts}\n\n###########################################################\n{$receiptMessage}\n\n{/if}\n','<!DOCTYPE html PUBLIC \"-//W3C//DTD XHTML 1.0 Transitional//EN\" \"http://www.w3.org/TR/xhtml1/DTD/xhtml1-transitional.dtd\">\n<html xmlns=\"http://www.w3.org/1999/xhtml\">\n<head>\n <meta http-equiv=\"Content-Type\" content=\"text/html; charset=UTF-8\" />\n <title></title>\n</head>\n<body>\n\n{capture assign=headerStyle}colspan=\"2\" style=\"text-align: left; padding: 4px; border-bottom: 1px solid #999; background-color: #eee;\"{/capture}\n{capture assign=labelStyle }style=\"padding: 4px; border-bottom: 1px solid #999; background-color: #f7f7f7;\"{/capture}\n{capture assign=valueStyle }style=\"padding: 4px; border-bottom: 1px solid #999;\"{/capture}\n\n<center>\n <table width=\"620\" border=\"0\" cellpadding=\"0\" cellspacing=\"0\" id=\"crm-event_receipt\" style=\"font-family: Arial, Verdana, sans-serif; text-align: left;\">\n\n  <!-- BEGIN HEADER -->\n  <!-- You can add table row(s) here with logo or other header elements -->\n  <!-- END HEADER -->\n\n  <!-- BEGIN CONTENT -->\n\n  <tr>\n   <td>\n    <p>{ts}A contribution / membership signup was made on behalf of the organization listed below.{/ts}</p>\n    <p>{ts}The information provided matched multiple existing database records based on the configured\nDuplicate Matching Rules for your site.{/ts}</p>\n   </td>\n  </tr>\n  <tr>\n   <td>\n    <table style=\"border: 1px solid #999; margin: 1em 0em 1em; border-collapse: collapse; width:100%;\">\n     <tr>\n      <td {$labelStyle}>\n       {ts}Organization Name{/ts}\n      </td>\n      <td {$valueStyle}>\n       {$onBehalfName}\n      </td>\n     </tr>\n     <tr>\n      <td {$labelStyle}>\n       {ts}Organization Email{/ts}\n      </td>\n      <td {$valueStyle}>\n       {$onBehalfEmail}\n      </td>\n     </tr>\n     <tr>\n      <td {$labelStyle}>\n       {ts}Organization Contact Id{/ts}\n      </td>\n      <td {$valueStyle}>\n       {$onBehalfID}\n      </td>\n     </tr>\n    </table>\n   </td>\n  </tr>\n  <tr>\n   <td>\n    <p>{ts}If you think this may be a duplicate contact which should be merged with an existing record -\nGo to \"CiviCRM >> Administer CiviCRM >> Find and Merge Duplicate Contacts\". Use the strict\nrule for Organizations to find the potential duplicates and merge them if appropriate.{/ts}</p>\n   </td>\n  </tr>\n  {if $receiptMessage}\n   <tr>\n    <td>\n     <table style=\"border: 1px solid #999; margin: 1em 0em 1em; border-collapse: collapse; width:100%;\">\n      <tr>\n       <th {$headerStyle}>\n        {ts}Copy of Contribution Receipt{/ts}\n       </th>\n      </tr>\n      <tr>\n       <td colspan=\"2\" {$valueStyle}>\n        {* FIXME: the below is most probably not HTML-ised *}\n        {$receiptMessage}\n       </td>\n      </tr>\n     </table>\n    </td>\n   </tr>\n  {/if}\n </table>\n</center>\n\n</body>\n</html>\n',1,537,0,1),(5,'Contributions - Receipt (off-line)','{ts}Contribution Receipt{/ts}\n','{if $formValues.receipt_text}\n{$formValues.receipt_text}\n{else}{ts}Thanks for your support.{/ts}{/if}\n\n{ts}Please print this receipt for your records.{/ts}\n\n\n===========================================================\n{ts}Contribution Information{/ts}\n\n===========================================================\n{ts}Contribution Type{/ts}: {$formValues.contributionType_name}\n{if $lineItem}\n{foreach from=$lineItem item=value key=priceset}\n---------------------------------------------------------\n{capture assign=ts_item}{ts}Item{/ts}{/capture}\n{capture assign=ts_qty}{ts}Qty{/ts}{/capture}\n{capture assign=ts_each}{ts}Each{/ts}{/capture}\n{capture assign=ts_total}{ts}Total{/ts}{/capture}\n{$ts_item|string_format:\"%-30s\"} {$ts_qty|string_format:\"%5s\"} {$ts_each|string_format:\"%10s\"} {$ts_total|string_format:\"%10s\"}\n----------------------------------------------------------\n{foreach from=$value item=line}\n{capture assign=ts_item}{if $line.html_type eq \'Text\'}{$line.label}{else}{$line.field_title} - {$line.label}{/if} {if $line.description} {$line.description}{/if}{/capture}{$ts_item|truncate:30:\"...\"|string_format:\"%-30s\"} {$line.qty|string_format:\"%5s\"} {$line.unit_price|crmMoney:$currency|string_format:\"%10s\"} {$line.line_total|crmMoney:$currency|string_format:\"%10s\"}\n{/foreach}\n{/foreach}\n{/if}\n\n{ts}Total Amount{/ts}: {$formValues.total_amount|crmMoney:$currency}\n{if $receive_date}\n{ts}Received Date{/ts}: {$receive_date|truncate:10:\'\'|crmDate}\n{/if}\n{if $receipt_date}\n{ts}Receipt Date{/ts}: {$receipt_date|truncate:10:\'\'|crmDate}\n{/if}\n{if $formValues.paidBy and !$formValues.hidden_CreditCard}\n{ts}Paid By{/ts}: {$formValues.paidBy}\n{if $formValues.check_number}\n{ts}Check Number{/ts}: {$formValues.check_number}\n{/if}\n{/if}\n{if $formValues.trxn_id}\n{ts}Transaction ID{/ts}: {$formValues.trxn_id}\n{/if}\n\n{if $ccContribution}\n===========================================================\n{ts}Billing Name and Address{/ts}\n\n===========================================================\n{$billingName}\n{$address}\n\n===========================================================\n{ts}Credit Card Information{/ts}\n\n===========================================================\n{$credit_card_type}\n{$credit_card_number}\n{ts}Expires{/ts}: {$credit_card_exp_date|truncate:7:\'\'|crmDate}\n{/if}\n{if $customGroup}\n{foreach from=$customGroup item=value key=customName}\n===========================================================\n{$customName}\n===========================================================\n{foreach from=$value item=v key=n}\n{$n}: {$v}\n{/foreach}\n{/foreach}\n{/if}\n{if $formValues.honor_first_name}\n\n===========================================================\n{$formValues.honor_type}\n===========================================================\n{$formValues.honor_prefix} {$formValues.honor_first_name} {$formValues.honor_last_name}\n{if $formValues.honor_email}\n{ts}Honoree Email{/ts}: {$formValues.honor_email}\n{/if}\n{/if}\n\n{if $formValues.product_name}\n===========================================================\n{ts}Premium Information{/ts}\n\n===========================================================\n{$formValues.product_name}\n{if $formValues.product_option}\n{ts}Option{/ts}: {$formValues.product_option}\n{/if}\n{if $formValues.product_sku}\n{ts}SKU{/ts}: {$formValues.product_sku}\n{/if}\n{if $fulfilled_date}\n{ts}Sent{/ts}: {$fulfilled_date|crmDate}\n{/if}\n{/if}\n','<!DOCTYPE html PUBLIC \"-//W3C//DTD XHTML 1.0 Transitional//EN\" \"http://www.w3.org/TR/xhtml1/DTD/xhtml1-transitional.dtd\">\n<html xmlns=\"http://www.w3.org/1999/xhtml\">\n<head>\n <meta http-equiv=\"Content-Type\" content=\"text/html; charset=UTF-8\" />\n <title></title>\n</head>\n<body>\n\n{capture assign=headerStyle}colspan=\"2\" style=\"text-align: left; padding: 4px; border-bottom: 1px solid #999; background-color: #eee;\"{/capture}\n{capture assign=labelStyle }style=\"padding: 4px; border-bottom: 1px solid #999; background-color: #f7f7f7;\"{/capture}\n{capture assign=valueStyle }style=\"padding: 4px; border-bottom: 1px solid #999;\"{/capture}\n\n<center>\n <table width=\"620\" border=\"0\" cellpadding=\"0\" cellspacing=\"0\" id=\"crm-event_receipt\" style=\"font-family: Arial, Verdana, sans-serif; text-align: left;\">\n\n  <!-- BEGIN HEADER -->\n  <!-- You can add table row(s) here with logo or other header elements -->\n  <!-- END HEADER -->\n\n  <!-- BEGIN CONTENT -->\n\n  <tr>\n   <td>\n\n    {if $formValues.receipt_text}\n     <p>{$formValues.receipt_text|htmlize}</p>\n    {else}\n     <p>{ts}Thanks for your support.{/ts}</p>\n    {/if}\n\n    <p>{ts}Please print this receipt for your records.{/ts}</p>\n\n   </td>\n  </tr>\n  <tr>\n   <td>\n    <table style=\"border: 1px solid #999; margin: 1em 0em 1em; border-collapse: collapse; width:100%;\">\n     <tr>\n      <th {$headerStyle}>\n       {ts}Contribution Information{/ts}\n      </th>\n     </tr>\n     <tr>\n      <td {$labelStyle}>\n       {ts}Contribution Type{/ts}\n      </td>\n      <td {$valueStyle}>\n       {$formValues.contributionType_name}\n      </td>\n     </tr>\n\n     {if $lineItem}\n      {foreach from=$lineItem item=value key=priceset}\n       <tr>\n        <td colspan=\"2\" {$valueStyle}>\n         <table> {* FIXME: style this table so that it looks like the text version (justification, etc.) *}\n          <tr>\n           <th>{ts}Item{/ts}</th>\n           <th>{ts}Qty{/ts}</th>\n           <th>{ts}Each{/ts}</th>\n           <th>{ts}Total{/ts}</th>\n          </tr>\n          {foreach from=$value item=line}\n           <tr>\n            <td>\n            {if $line.html_type eq \'Text\'}{$line.label}{else}{$line.field_title} - {$line.label}{/if} {if $line.description}<div>{$line.description|truncate:30:\"...\"}</div>{/if}\n            </td>\n            <td>\n             {$line.qty}\n            </td>\n            <td>\n             {$line.unit_price|crmMoney:$currency}\n            </td>\n            <td>\n             {$line.line_total|crmMoney:$currency}\n            </td>\n           </tr>\n          {/foreach}\n         </table>\n        </td>\n       </tr>\n      {/foreach}\n     {/if}\n\n     <tr>\n      <td {$labelStyle}>\n       {ts}Total Amount{/ts}\n      </td>\n      <td {$valueStyle}>\n       {$formValues.total_amount|crmMoney:$currency}\n      </td>\n     </tr>\n\n     {if $receive_date}\n      <tr>\n       <td {$labelStyle}>\n        {ts}Received Date{/ts}\n       </td>\n       <td {$valueStyle}>\n        {$receive_date|truncate:10:\'\'|crmDate}\n       </td>\n      </tr>\n     {/if}\n\n      {if $receipt_date}\n      <tr>\n       <td {$labelStyle}>\n        {ts}Receipt Date{/ts}\n       </td>\n       <td {$valueStyle}>\n        {$receipt_date|truncate:10:\'\'|crmDate}\n       </td>\n      </tr>\n     {/if}\n\n     {if $formValues.paidBy and !$formValues.hidden_CreditCard}\n      <tr>\n       <td {$labelStyle}>\n        {ts}Paid By{/ts}\n       </td>\n       <td {$valueStyle}>\n        {$formValues.paidBy}\n       </td>\n      </tr>\n      {if $formValues.check_number}\n       <tr>\n        <td {$labelStyle}>\n         {ts}Check Number{/ts}\n        </td>\n        <td {$valueStyle}>\n         {$formValues.check_number}\n        </td>\n       </tr>\n      {/if}\n     {/if}\n\n     {if $formValues.trxn_id}\n      <tr>\n       <td {$labelStyle}>\n        {ts}Transaction ID{/ts}\n       </td>\n       <td {$valueStyle}>\n        {$formValues.trxn_id}\n       </td>\n      </tr>\n     {/if}\n\n     {if $ccContribution}\n      <tr>\n       <th {$headerStyle}>\n        {ts}Billing Name and Address{/ts}\n       </th>\n      </tr>\n      <tr>\n       <td colspan=\"2\" {$valueStyle}>\n        {$billingName}<br />\n        {$address|nl2br}\n       </td>\n      </tr>\n      <tr>\n       <th {$headerStyle}>\n        {ts}Credit Card Information{/ts}\n       </th>\n      </tr>\n      <tr>\n       <td colspan=\"2\" {$valueStyle}>\n        {$credit_card_type}<br />\n        {$credit_card_number}<br />\n        {ts}Expires{/ts}: {$credit_card_exp_date|truncate:7:\'\'|crmDate}\n       </td>\n      </tr>\n     {/if}\n\n     {if $customGroup}\n      {foreach from=$customGroup item=value key=customName}\n       <tr>\n        <th {$headerStyle}>\n         {$customName}\n        </th>\n       </tr>\n       {foreach from=$value item=v key=n}\n        <tr>\n         <td {$labelStyle}>\n          {$n}\n         </td>\n         <td {$valueStyle}>\n          {$v}\n         </td>\n        </tr>\n       {/foreach}\n      {/foreach}\n     {/if}\n\n     {if $formValues.honor_first_name}\n      <tr>\n       <th {$headerStyle}>\n        {$formValues.honor_type}\n       </th>\n      </tr>\n      <tr>\n       <td colspan=\"2\" {$valueStyle}>\n        {$formValues.honor_prefix} {$formValues.honor_first_name} {$formValues.honor_last_name}<br />\n        {if $formValues.honor_email}\n         {ts}Honoree Email{/ts}: {$formValues.honor_email}\n        {/if}\n       </td>\n      </tr>\n     {/if}\n\n     {if $formValues.product_name}\n      <tr>\n       <th {$headerStyle}>\n        {ts}Premium Information{/ts}\n       </th>\n      </tr>\n      <tr>\n       <td colspan=\"2\" {$labelStyle}>\n        {$formValues.product_name}\n       </td>\n      </tr>\n      {if $formValues.product_option}\n       <tr>\n        <td {$labelStyle}>\n         {ts}Option{/ts}\n        </td>\n        <td {$valueStyle}>\n         {$formValues.product_option}\n        </td>\n       </tr>\n      {/if}\n      {if $formValues.product_sku}\n       <tr>\n        <td {$labelStyle}>\n         {ts}SKU{/ts}\n        </td>\n        <td {$valueStyle}>\n         {$formValues.product_sku}\n        </td>\n       </tr>\n      {/if}\n      {if $fulfilled_date}\n       <tr>\n        <td {$labelStyle}>\n         {ts}Sent{/ts}\n        </td>\n        <td {$valueStyle}>\n         {$fulfilled_date|truncate:10:\'\'|crmDate}\n        </td>\n       </tr>\n      {/if}\n     {/if}\n\n    </table>\n   </td>\n  </tr>\n\n </table>\n</center>\n\n</body>\n</html>\n',1,538,1,0),(6,'Contributions - Receipt (off-line)','{ts}Contribution Receipt{/ts}\n','{if $formValues.receipt_text}\n{$formValues.receipt_text}\n{else}{ts}Thanks for your support.{/ts}{/if}\n\n{ts}Please print this receipt for your records.{/ts}\n\n\n===========================================================\n{ts}Contribution Information{/ts}\n\n===========================================================\n{ts}Contribution Type{/ts}: {$formValues.contributionType_name}\n{if $lineItem}\n{foreach from=$lineItem item=value key=priceset}\n---------------------------------------------------------\n{capture assign=ts_item}{ts}Item{/ts}{/capture}\n{capture assign=ts_qty}{ts}Qty{/ts}{/capture}\n{capture assign=ts_each}{ts}Each{/ts}{/capture}\n{capture assign=ts_total}{ts}Total{/ts}{/capture}\n{$ts_item|string_format:\"%-30s\"} {$ts_qty|string_format:\"%5s\"} {$ts_each|string_format:\"%10s\"} {$ts_total|string_format:\"%10s\"}\n----------------------------------------------------------\n{foreach from=$value item=line}\n{capture assign=ts_item}{if $line.html_type eq \'Text\'}{$line.label}{else}{$line.field_title} - {$line.label}{/if} {if $line.description} {$line.description}{/if}{/capture}{$ts_item|truncate:30:\"...\"|string_format:\"%-30s\"} {$line.qty|string_format:\"%5s\"} {$line.unit_price|crmMoney:$currency|string_format:\"%10s\"} {$line.line_total|crmMoney:$currency|string_format:\"%10s\"}\n{/foreach}\n{/foreach}\n{/if}\n\n{ts}Total Amount{/ts}: {$formValues.total_amount|crmMoney:$currency}\n{if $receive_date}\n{ts}Received Date{/ts}: {$receive_date|truncate:10:\'\'|crmDate}\n{/if}\n{if $receipt_date}\n{ts}Receipt Date{/ts}: {$receipt_date|truncate:10:\'\'|crmDate}\n{/if}\n{if $formValues.paidBy and !$formValues.hidden_CreditCard}\n{ts}Paid By{/ts}: {$formValues.paidBy}\n{if $formValues.check_number}\n{ts}Check Number{/ts}: {$formValues.check_number}\n{/if}\n{/if}\n{if $formValues.trxn_id}\n{ts}Transaction ID{/ts}: {$formValues.trxn_id}\n{/if}\n\n{if $ccContribution}\n===========================================================\n{ts}Billing Name and Address{/ts}\n\n===========================================================\n{$billingName}\n{$address}\n\n===========================================================\n{ts}Credit Card Information{/ts}\n\n===========================================================\n{$credit_card_type}\n{$credit_card_number}\n{ts}Expires{/ts}: {$credit_card_exp_date|truncate:7:\'\'|crmDate}\n{/if}\n{if $customGroup}\n{foreach from=$customGroup item=value key=customName}\n===========================================================\n{$customName}\n===========================================================\n{foreach from=$value item=v key=n}\n{$n}: {$v}\n{/foreach}\n{/foreach}\n{/if}\n{if $formValues.honor_first_name}\n\n===========================================================\n{$formValues.honor_type}\n===========================================================\n{$formValues.honor_prefix} {$formValues.honor_first_name} {$formValues.honor_last_name}\n{if $formValues.honor_email}\n{ts}Honoree Email{/ts}: {$formValues.honor_email}\n{/if}\n{/if}\n\n{if $formValues.product_name}\n===========================================================\n{ts}Premium Information{/ts}\n\n===========================================================\n{$formValues.product_name}\n{if $formValues.product_option}\n{ts}Option{/ts}: {$formValues.product_option}\n{/if}\n{if $formValues.product_sku}\n{ts}SKU{/ts}: {$formValues.product_sku}\n{/if}\n{if $fulfilled_date}\n{ts}Sent{/ts}: {$fulfilled_date|crmDate}\n{/if}\n{/if}\n','<!DOCTYPE html PUBLIC \"-//W3C//DTD XHTML 1.0 Transitional//EN\" \"http://www.w3.org/TR/xhtml1/DTD/xhtml1-transitional.dtd\">\n<html xmlns=\"http://www.w3.org/1999/xhtml\">\n<head>\n <meta http-equiv=\"Content-Type\" content=\"text/html; charset=UTF-8\" />\n <title></title>\n</head>\n<body>\n\n{capture assign=headerStyle}colspan=\"2\" style=\"text-align: left; padding: 4px; border-bottom: 1px solid #999; background-color: #eee;\"{/capture}\n{capture assign=labelStyle }style=\"padding: 4px; border-bottom: 1px solid #999; background-color: #f7f7f7;\"{/capture}\n{capture assign=valueStyle }style=\"padding: 4px; border-bottom: 1px solid #999;\"{/capture}\n\n<center>\n <table width=\"620\" border=\"0\" cellpadding=\"0\" cellspacing=\"0\" id=\"crm-event_receipt\" style=\"font-family: Arial, Verdana, sans-serif; text-align: left;\">\n\n  <!-- BEGIN HEADER -->\n  <!-- You can add table row(s) here with logo or other header elements -->\n  <!-- END HEADER -->\n\n  <!-- BEGIN CONTENT -->\n\n  <tr>\n   <td>\n\n    {if $formValues.receipt_text}\n     <p>{$formValues.receipt_text|htmlize}</p>\n    {else}\n     <p>{ts}Thanks for your support.{/ts}</p>\n    {/if}\n\n    <p>{ts}Please print this receipt for your records.{/ts}</p>\n\n   </td>\n  </tr>\n  <tr>\n   <td>\n    <table style=\"border: 1px solid #999; margin: 1em 0em 1em; border-collapse: collapse; width:100%;\">\n     <tr>\n      <th {$headerStyle}>\n       {ts}Contribution Information{/ts}\n      </th>\n     </tr>\n     <tr>\n      <td {$labelStyle}>\n       {ts}Contribution Type{/ts}\n      </td>\n      <td {$valueStyle}>\n       {$formValues.contributionType_name}\n      </td>\n     </tr>\n\n     {if $lineItem}\n      {foreach from=$lineItem item=value key=priceset}\n       <tr>\n        <td colspan=\"2\" {$valueStyle}>\n         <table> {* FIXME: style this table so that it looks like the text version (justification, etc.) *}\n          <tr>\n           <th>{ts}Item{/ts}</th>\n           <th>{ts}Qty{/ts}</th>\n           <th>{ts}Each{/ts}</th>\n           <th>{ts}Total{/ts}</th>\n          </tr>\n          {foreach from=$value item=line}\n           <tr>\n            <td>\n            {if $line.html_type eq \'Text\'}{$line.label}{else}{$line.field_title} - {$line.label}{/if} {if $line.description}<div>{$line.description|truncate:30:\"...\"}</div>{/if}\n            </td>\n            <td>\n             {$line.qty}\n            </td>\n            <td>\n             {$line.unit_price|crmMoney:$currency}\n            </td>\n            <td>\n             {$line.line_total|crmMoney:$currency}\n            </td>\n           </tr>\n          {/foreach}\n         </table>\n        </td>\n       </tr>\n      {/foreach}\n     {/if}\n\n     <tr>\n      <td {$labelStyle}>\n       {ts}Total Amount{/ts}\n      </td>\n      <td {$valueStyle}>\n       {$formValues.total_amount|crmMoney:$currency}\n      </td>\n     </tr>\n\n     {if $receive_date}\n      <tr>\n       <td {$labelStyle}>\n        {ts}Received Date{/ts}\n       </td>\n       <td {$valueStyle}>\n        {$receive_date|truncate:10:\'\'|crmDate}\n       </td>\n      </tr>\n     {/if}\n\n      {if $receipt_date}\n      <tr>\n       <td {$labelStyle}>\n        {ts}Receipt Date{/ts}\n       </td>\n       <td {$valueStyle}>\n        {$receipt_date|truncate:10:\'\'|crmDate}\n       </td>\n      </tr>\n     {/if}\n\n     {if $formValues.paidBy and !$formValues.hidden_CreditCard}\n      <tr>\n       <td {$labelStyle}>\n        {ts}Paid By{/ts}\n       </td>\n       <td {$valueStyle}>\n        {$formValues.paidBy}\n       </td>\n      </tr>\n      {if $formValues.check_number}\n       <tr>\n        <td {$labelStyle}>\n         {ts}Check Number{/ts}\n        </td>\n        <td {$valueStyle}>\n         {$formValues.check_number}\n        </td>\n       </tr>\n      {/if}\n     {/if}\n\n     {if $formValues.trxn_id}\n      <tr>\n       <td {$labelStyle}>\n        {ts}Transaction ID{/ts}\n       </td>\n       <td {$valueStyle}>\n        {$formValues.trxn_id}\n       </td>\n      </tr>\n     {/if}\n\n     {if $ccContribution}\n      <tr>\n       <th {$headerStyle}>\n        {ts}Billing Name and Address{/ts}\n       </th>\n      </tr>\n      <tr>\n       <td colspan=\"2\" {$valueStyle}>\n        {$billingName}<br />\n        {$address|nl2br}\n       </td>\n      </tr>\n      <tr>\n       <th {$headerStyle}>\n        {ts}Credit Card Information{/ts}\n       </th>\n      </tr>\n      <tr>\n       <td colspan=\"2\" {$valueStyle}>\n        {$credit_card_type}<br />\n        {$credit_card_number}<br />\n        {ts}Expires{/ts}: {$credit_card_exp_date|truncate:7:\'\'|crmDate}\n       </td>\n      </tr>\n     {/if}\n\n     {if $customGroup}\n      {foreach from=$customGroup item=value key=customName}\n       <tr>\n        <th {$headerStyle}>\n         {$customName}\n        </th>\n       </tr>\n       {foreach from=$value item=v key=n}\n        <tr>\n         <td {$labelStyle}>\n          {$n}\n         </td>\n         <td {$valueStyle}>\n          {$v}\n         </td>\n        </tr>\n       {/foreach}\n      {/foreach}\n     {/if}\n\n     {if $formValues.honor_first_name}\n      <tr>\n       <th {$headerStyle}>\n        {$formValues.honor_type}\n       </th>\n      </tr>\n      <tr>\n       <td colspan=\"2\" {$valueStyle}>\n        {$formValues.honor_prefix} {$formValues.honor_first_name} {$formValues.honor_last_name}<br />\n        {if $formValues.honor_email}\n         {ts}Honoree Email{/ts}: {$formValues.honor_email}\n        {/if}\n       </td>\n      </tr>\n     {/if}\n\n     {if $formValues.product_name}\n      <tr>\n       <th {$headerStyle}>\n        {ts}Premium Information{/ts}\n       </th>\n      </tr>\n      <tr>\n       <td colspan=\"2\" {$labelStyle}>\n        {$formValues.product_name}\n       </td>\n      </tr>\n      {if $formValues.product_option}\n       <tr>\n        <td {$labelStyle}>\n         {ts}Option{/ts}\n        </td>\n        <td {$valueStyle}>\n         {$formValues.product_option}\n        </td>\n       </tr>\n      {/if}\n      {if $formValues.product_sku}\n       <tr>\n        <td {$labelStyle}>\n         {ts}SKU{/ts}\n        </td>\n        <td {$valueStyle}>\n         {$formValues.product_sku}\n        </td>\n       </tr>\n      {/if}\n      {if $fulfilled_date}\n       <tr>\n        <td {$labelStyle}>\n         {ts}Sent{/ts}\n        </td>\n        <td {$valueStyle}>\n         {$fulfilled_date|truncate:10:\'\'|crmDate}\n        </td>\n       </tr>\n      {/if}\n     {/if}\n\n    </table>\n   </td>\n  </tr>\n\n </table>\n</center>\n\n</body>\n</html>\n',1,538,0,1),(7,'Contributions - Receipt (on-line)','{if $is_pay_later}{ts}Invoice{/ts}{else}{ts}Receipt{/ts}{/if} - {$title}\n','{if $receipt_text}\n{$receipt_text}\n{/if}\n{if $is_pay_later}\n\n===========================================================\n{$pay_later_receipt}\n===========================================================\n{else}\n\n{ts}Please print this receipt for your records.{/ts}\n{/if}\n\n{if $amount}\n===========================================================\n{ts}Contribution Information{/ts}\n\n===========================================================\n{if $lineItem and $priceSetID}\n{foreach from=$lineItem item=value key=priceset}\n---------------------------------------------------------\n{capture assign=ts_item}{ts}Item{/ts}{/capture}\n{capture assign=ts_qty}{ts}Qty{/ts}{/capture}\n{capture assign=ts_each}{ts}Each{/ts}{/capture}\n{capture assign=ts_total}{ts}Total{/ts}{/capture}\n{$ts_item|string_format:\"%-30s\"} {$ts_qty|string_format:\"%5s\"} {$ts_each|string_format:\"%10s\"} {$ts_total|string_format:\"%10s\"}\n----------------------------------------------------------\n{foreach from=$value item=line}\n{capture assign=ts_item}{if $line.html_type eq \'Text\'}{$line.label}{else}{$line.field_title} - {$line.label}{/if} {if $line.description} {$line.description}{/if}{/capture}{$ts_item|truncate:30:\"...\"|string_format:\"%-30s\"} {$line.qty|string_format:\"%5s\"} {$line.unit_price|crmMoney:$currency|string_format:\"%10s\"} {$line.line_total|crmMoney:$currency|string_format:\"%10s\"}\n{/foreach}\n{/foreach}\n\n{ts}Total Amount{/ts}: {$amount|crmMoney:$currency}\n{else}\n{ts}Amount{/ts}: {$amount|crmMoney:$currency} {if $amount_level } - {$amount_level} {/if}\n{/if}\n{/if}\n{if $receive_date}\n\n{ts}Date{/ts}: {$receive_date|crmDate}\n{/if}\n{if $is_monetary and $trxn_id}\n{ts}Transaction #{/ts}: {$trxn_id}\n{/if}\n\n{if $is_recur}\n{if $contributeMode eq \'notify\'}\n{ts}This is a recurring contribution. You can modify or cancel future contributions by logging in to your account at:{/ts}\n\n{$cancelSubscriptionUrl}\n{elseif $contributeMode eq \'directIPN\' and $receiptFromEmail}\n{ts 1=$receiptFromEmail}This is a recurring contribution. To modify or cancel future contributions please contact us at %1.{/ts}\n\n{/if}\n{/if}\n\n{if $honor_block_is_active }\n===========================================================\n{$honor_type}\n===========================================================\n{$honor_prefix} {$honor_first_name} {$honor_last_name}\n{if $honor_email}\n{ts}Honoree Email{/ts}: {$honor_email}\n{/if}\n\n{/if}\n{if $pcpBlock}\n===========================================================\n{ts}Personal Campaign Page{/ts}\n\n===========================================================\n{ts}Display In Honor Roll{/ts}: {if $pcp_display_in_roll}{ts}Yes{/ts}{else}{ts}No{/ts}{/if}\n\n{if $pcp_roll_nickname}{ts}Nick Name{/ts}: {$pcp_roll_nickname}{/if}\n\n{if $pcp_personal_note}{ts}Personal Note{/ts}: {$pcp_personal_note}{/if}\n\n{/if}\n{if $onBehalfName}\n===========================================================\n{ts}On Behalf Of{/ts}\n\n===========================================================\n{$onBehalfName}\n{$onBehalfAddress}\n\n{$onBehalfEmail}\n\n{/if}\n\n{if !( $contributeMode eq \'notify\' OR $contributeMode eq \'directIPN\' ) and $is_monetary}\n{if $is_pay_later}\n===========================================================\n{ts}Registered Email{/ts}\n\n===========================================================\n{$email}\n{elseif $amount GT 0}\n===========================================================\n{ts}Billing Name and Address{/ts}\n\n===========================================================\n{$billingName}\n{$address}\n\n{$email}\n{/if} {* End ! is_pay_later condition. *}\n{/if}\n{if $contributeMode eq \'direct\' AND !$is_pay_later AND $amount GT 0}\n\n===========================================================\n{ts}Credit Card Information{/ts}\n\n===========================================================\n{$credit_card_type}\n{$credit_card_number}\n{ts}Expires{/ts}: {$credit_card_exp_date|truncate:7:\'\'|crmDate}\n{/if}\n\n{if $selectPremium }\n===========================================================\n{ts}Premium Information{/ts}\n\n===========================================================\n{$product_name}\n{if $option}\n{ts}Option{/ts}: {$option}\n{/if}\n{if $sku}\n{ts}SKU{/ts}: {$sku}\n{/if}\n{if $start_date}\n{ts}Start Date{/ts}: {$start_date|crmDate}\n{/if}\n{if $end_date}\n{ts}End Date{/ts}: {$end_date|crmDate}\n{/if}\n{if $contact_email OR $contact_phone}\n\n{ts}For information about this premium, contact:{/ts}\n\n{if $contact_email}\n  {$contact_email}\n{/if}\n{if $contact_phone}\n  {$contact_phone}\n{/if}\n{/if}\n{if $is_deductible AND $price}\n\n{ts 1=$price|crmMoney:$currency}The value of this premium is %1. This may affect the amount of the tax deduction you can claim. Consult your tax advisor for more information.{/ts}{/if}\n{/if}\n\n{if $customPre}\n===========================================================\n{$customPre_grouptitle}\n\n===========================================================\n{foreach from=$customPre item=customValue key=customName}\n{if ( $trackingFields and ! in_array( $customName, $trackingFields ) ) or ! $trackingFields}\n {$customName}: {$customValue}\n{/if}\n{/foreach}\n{/if}\n\n\n{if $customPost}\n===========================================================\n{$customPost_grouptitle}\n\n===========================================================\n{foreach from=$customPost item=customValue key=customName}\n{if ( $trackingFields and ! in_array( $customName, $trackingFields ) ) or ! $trackingFields}\n {$customName}: {$customValue}\n{/if}\n{/foreach}\n{/if}\n','<!DOCTYPE html PUBLIC \"-//W3C//DTD XHTML 1.0 Transitional//EN\" \"http://www.w3.org/TR/xhtml1/DTD/xhtml1-transitional.dtd\">\n<html xmlns=\"http://www.w3.org/1999/xhtml\">\n<head>\n <meta http-equiv=\"Content-Type\" content=\"text/html; charset=UTF-8\" />\n <title></title>\n</head>\n<body>\n\n{capture assign=headerStyle}colspan=\"2\" style=\"text-align: left; padding: 4px; border-bottom: 1px solid #999; background-color: #eee;\"{/capture}\n{capture assign=labelStyle }style=\"padding: 4px; border-bottom: 1px solid #999; background-color: #f7f7f7;\"{/capture}\n{capture assign=valueStyle }style=\"padding: 4px; border-bottom: 1px solid #999;\"{/capture}\n\n<center>\n <table width=\"620\" border=\"0\" cellpadding=\"0\" cellspacing=\"0\" id=\"crm-event_receipt\" style=\"font-family: Arial, Verdana, sans-serif; text-align: left;\">\n\n  <!-- BEGIN HEADER -->\n  <!-- You can add table row(s) here with logo or other header elements -->\n  <!-- END HEADER -->\n\n  <!-- BEGIN CONTENT -->\n\n  <tr>\n   <td>\n\n    {if $receipt_text}\n     <p>{$receipt_text|htmlize}</p>\n    {/if}\n\n    {if $is_pay_later}\n     <p>{$pay_later_receipt}</p> {* FIXME: this might be text rather than HTML *}\n    {else}\n     <p>{ts}Please print this confirmation for your records.{/ts}</p>\n    {/if}\n\n   </td>\n  </tr>\n  <tr>\n   <td>\n    <table style=\"border: 1px solid #999; margin: 1em 0em 1em; border-collapse: collapse; width:100%;\">\n\n     {if $amount}\n\n\n      <tr>\n       <th {$headerStyle}>\n        {ts}Contribution Information{/ts}\n       </th>\n      </tr>\n\n      {if $lineItem and $priceSetID}\n\n       {foreach from=$lineItem item=value key=priceset}\n        <tr>\n         <td colspan=\"2\" {$valueStyle}>\n          <table> {* FIXME: style this table so that it looks like the text version (justification, etc.) *}\n           <tr>\n            <th>{ts}Item{/ts}</th>\n            <th>{ts}Qty{/ts}</th>\n            <th>{ts}Each{/ts}</th>\n            <th>{ts}Total{/ts}</th>\n           </tr>\n           {foreach from=$value item=line}\n            <tr>\n             <td>\n             {if $line.html_type eq \'Text\'}{$line.label}{else}{$line.field_title} - {$line.label}{/if} {if $line.description}<div>{$line.description|truncate:30:\"...\"}</div>{/if}\n             </td>\n             <td>\n              {$line.qty}\n             </td>\n             <td>\n              {$line.unit_price|crmMoney:$currency}\n             </td>\n             <td>\n              {$line.line_total|crmMoney:$currency}\n             </td>\n            </tr>\n           {/foreach}\n          </table>\n         </td>\n        </tr>\n       {/foreach}\n       <tr>\n        <td {$labelStyle}>\n         {ts}Total Amount{/ts}\n        </td>\n        <td {$valueStyle}>\n         {$amount|crmMoney:$currency}\n        </td>\n       </tr>\n\n      {else}\n\n       <tr>\n        <td {$labelStyle}>\n         {ts}Amount{/ts}\n        </td>\n        <td {$valueStyle}>\n         {$amount|crmMoney:$currency} {if $amount_level} - {$amount_level}{/if}\n        </td>\n       </tr>\n\n      {/if}\n\n\n     {/if}\n\n\n     {if $receive_date}\n      <tr>\n       <td {$labelStyle}>\n        {ts}Date{/ts}\n       </td>\n       <td {$valueStyle}>\n        {$receive_date|crmDate}\n       </td>\n      </tr>\n     {/if}\n\n     {if $is_monetary and $trxn_id}\n      <tr>\n       <td {$labelStyle}>\n        {ts}Transaction #{/ts}\n       </td>\n       <td {$valueStyle}>\n        {$trxn_id}\n       </td>\n      </tr>\n     {/if}\n\n     {if $is_recur}\n      {if $contributeMode eq \'notify\'}\n       <tr>\n        <td {$labelStyle}>\n         {ts 1=$cancelSubscriptionUrl}This is a recurring contribution. You can modify or cancel future contributions by <a href=\"%1\">logging in to your account</a>.{/ts}\n        </td>\n       </tr>\n      {elseif $contributeMode eq \'directIPN\' and $receiptFromEmail}\n       <tr>\n        <td {$labelStyle}>\n         {ts 1=$receiptFromEmail}This is a recurring contribution. To modify or cancel future contributions please contact us at %1.{/ts}\n        </td>\n       </tr>\n      {/if}\n     {/if}\n\n     {if $honor_block_is_active}\n      <tr>\n       <th {$headerStyle}>\n        {$honor_type}\n       </th>\n      </tr>\n      <tr>\n       <td colspan=\"2\" {$labelStyle}>\n        {$honor_prefix} {$honor_first_name} {$honor_last_name}\n       </td>\n      </tr>\n      {if $honor_email}\n       <tr>\n        <td {$labelStyle}>\n         {ts}Honoree Email{/ts}\n        </td>\n        <td {$valueStyle}>\n         {$honor_email}\n        </td>\n       </tr>\n      {/if}\n     {/if}\n\n     {if $pcpBlock}\n      <tr>\n       <th {$headerStyle}>\n        {ts}Personal Campaign Page{/ts}\n       </th>\n      </tr>\n      <tr>\n       <td {$labelStyle}>\n        {ts}Display In Honor Roll{/ts}\n       </td>\n       <td {$valueStyle}>\n        {if $pcp_display_in_roll}{ts}Yes{/ts}{else}{ts}No{/ts}{/if}\n       </td>\n      </tr>\n      {if $pcp_roll_nickname}\n       <tr>\n        <td {$labelStyle}>\n         {ts}Nick Name{/ts}\n        </td>\n        <td {$valueStyle}>\n         {$pcp_roll_nickname}\n        </td>\n       </tr>\n      {/if}\n      {if $pcp_personal_note}\n       <tr>\n        <td {$labelStyle}>\n         {ts}Personal Note{/ts}\n        </td>\n        <td {$valueStyle}>\n         {$pcp_personal_note}\n        </td>\n       </tr>\n      {/if}\n     {/if}\n\n     {if $onBehalfName}\n      <tr>\n       <th {$headerStyle}>\n        {ts}On Behalf Of{/ts}\n       </th>\n      </tr>\n      <tr>\n       <td colspan=\"2\" {$valueStyle}>\n        {$onBehalfName}<br />\n        {$onBehalfAddress|nl2br}<br />\n        {$onBehalfEmail}\n       </td>\n      </tr>\n     {/if}\n\n     {if ! ($contributeMode eq \'notify\' OR $contributeMode eq \'directIPN\') and $is_monetary}\n      {if $is_pay_later}\n       <tr>\n        <th {$headerStyle}>\n         {ts}Registered Email{/ts}\n        </th>\n       </tr>\n       <tr>\n        <td colspan=\"2\" {$valueStyle}>\n         {$email}\n        </td>\n       </tr>\n      {elseif $amount GT 0}\n       <tr>\n        <th {$headerStyle}>\n         {ts}Billing Name and Address{/ts}\n        </th>\n       </tr>\n       <tr>\n        <td colspan=\"2\" {$valueStyle}>\n         {$billingName}<br />\n         {$address|nl2br}<br />\n         {$email}\n        </td>\n       </tr>\n      {/if}\n     {/if}\n\n     {if $contributeMode eq \'direct\' AND !$is_pay_later AND $amount GT 0}\n      <tr>\n       <th {$headerStyle}>\n        {ts}Credit Card Information{/ts}\n       </th>\n      </tr>\n      <tr>\n       <td colspan=\"2\" {$valueStyle}>\n        {$credit_card_type}<br />\n        {$credit_card_number}<br />\n        {ts}Expires{/ts}: {$credit_card_exp_date|truncate:7:\'\'|crmDate}<br />\n       </td>\n      </tr>\n     {/if}\n\n     {if $selectPremium}\n      <tr>\n       <th {$headerStyle}>\n        {ts}Premium Information{/ts}\n       </th>\n      </tr>\n      <tr>\n       <td colspan=\"2\" {$labelStyle}>\n        {$product_name}\n       </td>\n      </tr>\n      {if $option}\n       <tr>\n        <td {$labelStyle}>\n         {ts}Option{/ts}\n        </td>\n        <td {$valueStyle}>\n         {$option}\n        </td>\n       </tr>\n      {/if}\n      {if $sku}\n       <tr>\n        <td {$labelStyle}>\n         {ts}SKU{/ts}\n        </td>\n        <td {$valueStyle}>\n         {$sku}\n        </td>\n       </tr>\n      {/if}\n      {if $start_date}\n       <tr>\n        <td {$labelStyle}>\n         {ts}Start Date{/ts}\n        </td>\n        <td {$valueStyle}>\n         {$start_date|crmDate}\n        </td>\n       </tr>\n      {/if}\n      {if $end_date}\n       <tr>\n        <td {$labelStyle}>\n         {ts}End Date{/ts}\n        </td>\n        <td {$valueStyle}>\n         {$end_date|crmDate}\n        </td>\n       </tr>\n      {/if}\n      {if $contact_email OR $contact_phone}\n       <tr>\n        <td colspan=\"2\" {$valueStyle}>\n         <p>{ts}For information about this premium, contact:{/ts}</p>\n         {if $contact_email}\n          <p>{$contact_email}</p>\n         {/if}\n         {if $contact_phone}\n          <p>{$contact_phone}</p>\n         {/if}\n        </td>\n       </tr>\n      {/if}\n      {if $is_deductible AND $price}\n        <tr>\n         <td colspan=\"2\" {$valueStyle}>\n          <p>{ts 1=$price|crmMoney:$currency}The value of this premium is %1. This may affect the amount of the tax deduction you can claim. Consult your tax advisor for more information.{/ts}</p>\n         </td>\n        </tr>\n      {/if}\n     {/if}\n\n     {if $customPre}\n      <tr>\n       <th {$headerStyle}>\n        {$customPre_grouptitle}\n       </th>\n      </tr>\n      {foreach from=$customPre item=customValue key=customName}\n       {if ($trackingFields and ! in_array($customName, $trackingFields)) or ! $trackingFields}\n        <tr>\n         <td {$labelStyle}>\n          {$customName}\n         </td>\n         <td {$valueStyle}>\n          {$customValue}\n         </td>\n        </tr>\n       {/if}\n      {/foreach}\n     {/if}\n\n     {if $customPost}\n      <tr>\n       <th {$headerStyle}>\n        {$customPost_grouptitle}\n       </th>\n      </tr>\n      {foreach from=$customPost item=customValue key=customName}\n       {if ($trackingFields and ! in_array($customName, $trackingFields)) or ! $trackingFields}\n        <tr>\n         <td {$labelStyle}>\n          {$customName}\n         </td>\n         <td {$valueStyle}>\n          {$customValue}\n         </td>\n        </tr>\n       {/if}\n      {/foreach}\n     {/if}\n\n    </table>\n   </td>\n  </tr>\n\n </table>\n</center>\n\n</body>\n</html>\n',1,539,1,0),(8,'Contributions - Receipt (on-line)','{if $is_pay_later}{ts}Invoice{/ts}{else}{ts}Receipt{/ts}{/if} - {$title}\n','{if $receipt_text}\n{$receipt_text}\n{/if}\n{if $is_pay_later}\n\n===========================================================\n{$pay_later_receipt}\n===========================================================\n{else}\n\n{ts}Please print this receipt for your records.{/ts}\n{/if}\n\n{if $amount}\n===========================================================\n{ts}Contribution Information{/ts}\n\n===========================================================\n{if $lineItem and $priceSetID}\n{foreach from=$lineItem item=value key=priceset}\n---------------------------------------------------------\n{capture assign=ts_item}{ts}Item{/ts}{/capture}\n{capture assign=ts_qty}{ts}Qty{/ts}{/capture}\n{capture assign=ts_each}{ts}Each{/ts}{/capture}\n{capture assign=ts_total}{ts}Total{/ts}{/capture}\n{$ts_item|string_format:\"%-30s\"} {$ts_qty|string_format:\"%5s\"} {$ts_each|string_format:\"%10s\"} {$ts_total|string_format:\"%10s\"}\n----------------------------------------------------------\n{foreach from=$value item=line}\n{capture assign=ts_item}{if $line.html_type eq \'Text\'}{$line.label}{else}{$line.field_title} - {$line.label}{/if} {if $line.description} {$line.description}{/if}{/capture}{$ts_item|truncate:30:\"...\"|string_format:\"%-30s\"} {$line.qty|string_format:\"%5s\"} {$line.unit_price|crmMoney:$currency|string_format:\"%10s\"} {$line.line_total|crmMoney:$currency|string_format:\"%10s\"}\n{/foreach}\n{/foreach}\n\n{ts}Total Amount{/ts}: {$amount|crmMoney:$currency}\n{else}\n{ts}Amount{/ts}: {$amount|crmMoney:$currency} {if $amount_level } - {$amount_level} {/if}\n{/if}\n{/if}\n{if $receive_date}\n\n{ts}Date{/ts}: {$receive_date|crmDate}\n{/if}\n{if $is_monetary and $trxn_id}\n{ts}Transaction #{/ts}: {$trxn_id}\n{/if}\n\n{if $is_recur}\n{if $contributeMode eq \'notify\'}\n{ts}This is a recurring contribution. You can modify or cancel future contributions by logging in to your account at:{/ts}\n\n{$cancelSubscriptionUrl}\n{elseif $contributeMode eq \'directIPN\' and $receiptFromEmail}\n{ts 1=$receiptFromEmail}This is a recurring contribution. To modify or cancel future contributions please contact us at %1.{/ts}\n\n{/if}\n{/if}\n\n{if $honor_block_is_active }\n===========================================================\n{$honor_type}\n===========================================================\n{$honor_prefix} {$honor_first_name} {$honor_last_name}\n{if $honor_email}\n{ts}Honoree Email{/ts}: {$honor_email}\n{/if}\n\n{/if}\n{if $pcpBlock}\n===========================================================\n{ts}Personal Campaign Page{/ts}\n\n===========================================================\n{ts}Display In Honor Roll{/ts}: {if $pcp_display_in_roll}{ts}Yes{/ts}{else}{ts}No{/ts}{/if}\n\n{if $pcp_roll_nickname}{ts}Nick Name{/ts}: {$pcp_roll_nickname}{/if}\n\n{if $pcp_personal_note}{ts}Personal Note{/ts}: {$pcp_personal_note}{/if}\n\n{/if}\n{if $onBehalfName}\n===========================================================\n{ts}On Behalf Of{/ts}\n\n===========================================================\n{$onBehalfName}\n{$onBehalfAddress}\n\n{$onBehalfEmail}\n\n{/if}\n\n{if !( $contributeMode eq \'notify\' OR $contributeMode eq \'directIPN\' ) and $is_monetary}\n{if $is_pay_later}\n===========================================================\n{ts}Registered Email{/ts}\n\n===========================================================\n{$email}\n{elseif $amount GT 0}\n===========================================================\n{ts}Billing Name and Address{/ts}\n\n===========================================================\n{$billingName}\n{$address}\n\n{$email}\n{/if} {* End ! is_pay_later condition. *}\n{/if}\n{if $contributeMode eq \'direct\' AND !$is_pay_later AND $amount GT 0}\n\n===========================================================\n{ts}Credit Card Information{/ts}\n\n===========================================================\n{$credit_card_type}\n{$credit_card_number}\n{ts}Expires{/ts}: {$credit_card_exp_date|truncate:7:\'\'|crmDate}\n{/if}\n\n{if $selectPremium }\n===========================================================\n{ts}Premium Information{/ts}\n\n===========================================================\n{$product_name}\n{if $option}\n{ts}Option{/ts}: {$option}\n{/if}\n{if $sku}\n{ts}SKU{/ts}: {$sku}\n{/if}\n{if $start_date}\n{ts}Start Date{/ts}: {$start_date|crmDate}\n{/if}\n{if $end_date}\n{ts}End Date{/ts}: {$end_date|crmDate}\n{/if}\n{if $contact_email OR $contact_phone}\n\n{ts}For information about this premium, contact:{/ts}\n\n{if $contact_email}\n  {$contact_email}\n{/if}\n{if $contact_phone}\n  {$contact_phone}\n{/if}\n{/if}\n{if $is_deductible AND $price}\n\n{ts 1=$price|crmMoney:$currency}The value of this premium is %1. This may affect the amount of the tax deduction you can claim. Consult your tax advisor for more information.{/ts}{/if}\n{/if}\n\n{if $customPre}\n===========================================================\n{$customPre_grouptitle}\n\n===========================================================\n{foreach from=$customPre item=customValue key=customName}\n{if ( $trackingFields and ! in_array( $customName, $trackingFields ) ) or ! $trackingFields}\n {$customName}: {$customValue}\n{/if}\n{/foreach}\n{/if}\n\n\n{if $customPost}\n===========================================================\n{$customPost_grouptitle}\n\n===========================================================\n{foreach from=$customPost item=customValue key=customName}\n{if ( $trackingFields and ! in_array( $customName, $trackingFields ) ) or ! $trackingFields}\n {$customName}: {$customValue}\n{/if}\n{/foreach}\n{/if}\n','<!DOCTYPE html PUBLIC \"-//W3C//DTD XHTML 1.0 Transitional//EN\" \"http://www.w3.org/TR/xhtml1/DTD/xhtml1-transitional.dtd\">\n<html xmlns=\"http://www.w3.org/1999/xhtml\">\n<head>\n <meta http-equiv=\"Content-Type\" content=\"text/html; charset=UTF-8\" />\n <title></title>\n</head>\n<body>\n\n{capture assign=headerStyle}colspan=\"2\" style=\"text-align: left; padding: 4px; border-bottom: 1px solid #999; background-color: #eee;\"{/capture}\n{capture assign=labelStyle }style=\"padding: 4px; border-bottom: 1px solid #999; background-color: #f7f7f7;\"{/capture}\n{capture assign=valueStyle }style=\"padding: 4px; border-bottom: 1px solid #999;\"{/capture}\n\n<center>\n <table width=\"620\" border=\"0\" cellpadding=\"0\" cellspacing=\"0\" id=\"crm-event_receipt\" style=\"font-family: Arial, Verdana, sans-serif; text-align: left;\">\n\n  <!-- BEGIN HEADER -->\n  <!-- You can add table row(s) here with logo or other header elements -->\n  <!-- END HEADER -->\n\n  <!-- BEGIN CONTENT -->\n\n  <tr>\n   <td>\n\n    {if $receipt_text}\n     <p>{$receipt_text|htmlize}</p>\n    {/if}\n\n    {if $is_pay_later}\n     <p>{$pay_later_receipt}</p> {* FIXME: this might be text rather than HTML *}\n    {else}\n     <p>{ts}Please print this confirmation for your records.{/ts}</p>\n    {/if}\n\n   </td>\n  </tr>\n  <tr>\n   <td>\n    <table style=\"border: 1px solid #999; margin: 1em 0em 1em; border-collapse: collapse; width:100%;\">\n\n     {if $amount}\n\n\n      <tr>\n       <th {$headerStyle}>\n        {ts}Contribution Information{/ts}\n       </th>\n      </tr>\n\n      {if $lineItem and $priceSetID}\n\n       {foreach from=$lineItem item=value key=priceset}\n        <tr>\n         <td colspan=\"2\" {$valueStyle}>\n          <table> {* FIXME: style this table so that it looks like the text version (justification, etc.) *}\n           <tr>\n            <th>{ts}Item{/ts}</th>\n            <th>{ts}Qty{/ts}</th>\n            <th>{ts}Each{/ts}</th>\n            <th>{ts}Total{/ts}</th>\n           </tr>\n           {foreach from=$value item=line}\n            <tr>\n             <td>\n             {if $line.html_type eq \'Text\'}{$line.label}{else}{$line.field_title} - {$line.label}{/if} {if $line.description}<div>{$line.description|truncate:30:\"...\"}</div>{/if}\n             </td>\n             <td>\n              {$line.qty}\n             </td>\n             <td>\n              {$line.unit_price|crmMoney:$currency}\n             </td>\n             <td>\n              {$line.line_total|crmMoney:$currency}\n             </td>\n            </tr>\n           {/foreach}\n          </table>\n         </td>\n        </tr>\n       {/foreach}\n       <tr>\n        <td {$labelStyle}>\n         {ts}Total Amount{/ts}\n        </td>\n        <td {$valueStyle}>\n         {$amount|crmMoney:$currency}\n        </td>\n       </tr>\n\n      {else}\n\n       <tr>\n        <td {$labelStyle}>\n         {ts}Amount{/ts}\n        </td>\n        <td {$valueStyle}>\n         {$amount|crmMoney:$currency} {if $amount_level} - {$amount_level}{/if}\n        </td>\n       </tr>\n\n      {/if}\n\n\n     {/if}\n\n\n     {if $receive_date}\n      <tr>\n       <td {$labelStyle}>\n        {ts}Date{/ts}\n       </td>\n       <td {$valueStyle}>\n        {$receive_date|crmDate}\n       </td>\n      </tr>\n     {/if}\n\n     {if $is_monetary and $trxn_id}\n      <tr>\n       <td {$labelStyle}>\n        {ts}Transaction #{/ts}\n       </td>\n       <td {$valueStyle}>\n        {$trxn_id}\n       </td>\n      </tr>\n     {/if}\n\n     {if $is_recur}\n      {if $contributeMode eq \'notify\'}\n       <tr>\n        <td {$labelStyle}>\n         {ts 1=$cancelSubscriptionUrl}This is a recurring contribution. You can modify or cancel future contributions by <a href=\"%1\">logging in to your account</a>.{/ts}\n        </td>\n       </tr>\n      {elseif $contributeMode eq \'directIPN\' and $receiptFromEmail}\n       <tr>\n        <td {$labelStyle}>\n         {ts 1=$receiptFromEmail}This is a recurring contribution. To modify or cancel future contributions please contact us at %1.{/ts}\n        </td>\n       </tr>\n      {/if}\n     {/if}\n\n     {if $honor_block_is_active}\n      <tr>\n       <th {$headerStyle}>\n        {$honor_type}\n       </th>\n      </tr>\n      <tr>\n       <td colspan=\"2\" {$labelStyle}>\n        {$honor_prefix} {$honor_first_name} {$honor_last_name}\n       </td>\n      </tr>\n      {if $honor_email}\n       <tr>\n        <td {$labelStyle}>\n         {ts}Honoree Email{/ts}\n        </td>\n        <td {$valueStyle}>\n         {$honor_email}\n        </td>\n       </tr>\n      {/if}\n     {/if}\n\n     {if $pcpBlock}\n      <tr>\n       <th {$headerStyle}>\n        {ts}Personal Campaign Page{/ts}\n       </th>\n      </tr>\n      <tr>\n       <td {$labelStyle}>\n        {ts}Display In Honor Roll{/ts}\n       </td>\n       <td {$valueStyle}>\n        {if $pcp_display_in_roll}{ts}Yes{/ts}{else}{ts}No{/ts}{/if}\n       </td>\n      </tr>\n      {if $pcp_roll_nickname}\n       <tr>\n        <td {$labelStyle}>\n         {ts}Nick Name{/ts}\n        </td>\n        <td {$valueStyle}>\n         {$pcp_roll_nickname}\n        </td>\n       </tr>\n      {/if}\n      {if $pcp_personal_note}\n       <tr>\n        <td {$labelStyle}>\n         {ts}Personal Note{/ts}\n        </td>\n        <td {$valueStyle}>\n         {$pcp_personal_note}\n        </td>\n       </tr>\n      {/if}\n     {/if}\n\n     {if $onBehalfName}\n      <tr>\n       <th {$headerStyle}>\n        {ts}On Behalf Of{/ts}\n       </th>\n      </tr>\n      <tr>\n       <td colspan=\"2\" {$valueStyle}>\n        {$onBehalfName}<br />\n        {$onBehalfAddress|nl2br}<br />\n        {$onBehalfEmail}\n       </td>\n      </tr>\n     {/if}\n\n     {if ! ($contributeMode eq \'notify\' OR $contributeMode eq \'directIPN\') and $is_monetary}\n      {if $is_pay_later}\n       <tr>\n        <th {$headerStyle}>\n         {ts}Registered Email{/ts}\n        </th>\n       </tr>\n       <tr>\n        <td colspan=\"2\" {$valueStyle}>\n         {$email}\n        </td>\n       </tr>\n      {elseif $amount GT 0}\n       <tr>\n        <th {$headerStyle}>\n         {ts}Billing Name and Address{/ts}\n        </th>\n       </tr>\n       <tr>\n        <td colspan=\"2\" {$valueStyle}>\n         {$billingName}<br />\n         {$address|nl2br}<br />\n         {$email}\n        </td>\n       </tr>\n      {/if}\n     {/if}\n\n     {if $contributeMode eq \'direct\' AND !$is_pay_later AND $amount GT 0}\n      <tr>\n       <th {$headerStyle}>\n        {ts}Credit Card Information{/ts}\n       </th>\n      </tr>\n      <tr>\n       <td colspan=\"2\" {$valueStyle}>\n        {$credit_card_type}<br />\n        {$credit_card_number}<br />\n        {ts}Expires{/ts}: {$credit_card_exp_date|truncate:7:\'\'|crmDate}<br />\n       </td>\n      </tr>\n     {/if}\n\n     {if $selectPremium}\n      <tr>\n       <th {$headerStyle}>\n        {ts}Premium Information{/ts}\n       </th>\n      </tr>\n      <tr>\n       <td colspan=\"2\" {$labelStyle}>\n        {$product_name}\n       </td>\n      </tr>\n      {if $option}\n       <tr>\n        <td {$labelStyle}>\n         {ts}Option{/ts}\n        </td>\n        <td {$valueStyle}>\n         {$option}\n        </td>\n       </tr>\n      {/if}\n      {if $sku}\n       <tr>\n        <td {$labelStyle}>\n         {ts}SKU{/ts}\n        </td>\n        <td {$valueStyle}>\n         {$sku}\n        </td>\n       </tr>\n      {/if}\n      {if $start_date}\n       <tr>\n        <td {$labelStyle}>\n         {ts}Start Date{/ts}\n        </td>\n        <td {$valueStyle}>\n         {$start_date|crmDate}\n        </td>\n       </tr>\n      {/if}\n      {if $end_date}\n       <tr>\n        <td {$labelStyle}>\n         {ts}End Date{/ts}\n        </td>\n        <td {$valueStyle}>\n         {$end_date|crmDate}\n        </td>\n       </tr>\n      {/if}\n      {if $contact_email OR $contact_phone}\n       <tr>\n        <td colspan=\"2\" {$valueStyle}>\n         <p>{ts}For information about this premium, contact:{/ts}</p>\n         {if $contact_email}\n          <p>{$contact_email}</p>\n         {/if}\n         {if $contact_phone}\n          <p>{$contact_phone}</p>\n         {/if}\n        </td>\n       </tr>\n      {/if}\n      {if $is_deductible AND $price}\n        <tr>\n         <td colspan=\"2\" {$valueStyle}>\n          <p>{ts 1=$price|crmMoney:$currency}The value of this premium is %1. This may affect the amount of the tax deduction you can claim. Consult your tax advisor for more information.{/ts}</p>\n         </td>\n        </tr>\n      {/if}\n     {/if}\n\n     {if $customPre}\n      <tr>\n       <th {$headerStyle}>\n        {$customPre_grouptitle}\n       </th>\n      </tr>\n      {foreach from=$customPre item=customValue key=customName}\n       {if ($trackingFields and ! in_array($customName, $trackingFields)) or ! $trackingFields}\n        <tr>\n         <td {$labelStyle}>\n          {$customName}\n         </td>\n         <td {$valueStyle}>\n          {$customValue}\n         </td>\n        </tr>\n       {/if}\n      {/foreach}\n     {/if}\n\n     {if $customPost}\n      <tr>\n       <th {$headerStyle}>\n        {$customPost_grouptitle}\n       </th>\n      </tr>\n      {foreach from=$customPost item=customValue key=customName}\n       {if ($trackingFields and ! in_array($customName, $trackingFields)) or ! $trackingFields}\n        <tr>\n         <td {$labelStyle}>\n          {$customName}\n         </td>\n         <td {$valueStyle}>\n          {$customValue}\n         </td>\n        </tr>\n       {/if}\n      {/foreach}\n     {/if}\n\n    </table>\n   </td>\n  </tr>\n\n </table>\n</center>\n\n</body>\n</html>\n',1,539,0,1),(9,'Contributions - Recurring Start and End Notification','{ts}Recurring Contribution Notification{/ts}\n','{ts 1=$displayName}Dear %1{/ts},\n\n{if $recur_txnType eq \'START\'}\n{if $auto_renew_membership}\n{ts}Thanks for your auto renew membership sign-up.{/ts}\n\n\n{ts 1=$recur_frequency_interval 2=$recur_frequency_unit}This membership will be automatically renewed every %1 %2(s).{/ts}\n\n{else}\n\n{ts}Thanks for your recurring contribution sign-up.{/ts}\n\n\n{ts 1=$recur_frequency_interval 2=$recur_frequency_unit 3=$recur_installments}This recurring contribution will be automatically processed every %1 %2(s) for a total of %3 installment(s).{/ts}\n\n\n{ts}Start Date{/ts}:  {$recur_start_date|crmDate}\n{/if}\n\n{ts 1=$receipt_from_name 2=$receipt_from_email}You have pledged to make this recurring donation. You will be charged periodically (per frequency listed above), and you will receive an email receipt from %1 following each charge. These recurring donations will continue until you explicitly cancel the donation. You may change or cancel your recurring donation at anytime by logging into your account. If you have questions about recurring donations please contact us at %2.{/ts}\n\n{elseif $recur_txnType eq \'END\'}\n{if $auto_renew_membership}\n{ts}Your auto renew membership sign-up has ended and your membership will not be automatically renewed.{/ts}\n\n\n{else}\n{ts}Your recurring contribution term has ended.{/ts}\n\n\n{ts 1=$recur_installments}You have successfully completed %1 recurring contributions. Thank you for your support.{/ts}\n\n\n==================================================\n{ts 1=$recur_installments}Interval of Subscription for %1 installment(s){/ts}\n\n==================================================\n{ts}Start Date{/ts}: {$recur_start_date|crmDate}\n\n{ts}End Date{/ts}: {$recur_end_date|crmDate}\n\n{/if}\n{/if}\n','<!DOCTYPE html PUBLIC \"-//W3C//DTD XHTML 1.0 Transitional//EN\" \"http://www.w3.org/TR/xhtml1/DTD/xhtml1-transitional.dtd\">\n<html xmlns=\"http://www.w3.org/1999/xhtml\">\n<head>\n <meta http-equiv=\"Content-Type\" content=\"text/html; charset=UTF-8\" />\n <title></title>\n</head>\n<body>\n\n{capture assign=headerStyle}colspan=\"2\" style=\"text-align: left; padding: 4px; border-bottom: 1px solid #999; background-color: #eee;\"{/capture}\n{capture assign=labelStyle }style=\"padding: 4px; border-bottom: 1px solid #999; background-color: #f7f7f7;\"{/capture}\n{capture assign=valueStyle }style=\"padding: 4px; border-bottom: 1px solid #999;\"{/capture}\n\n<center>\n <table width=\"620\" border=\"0\" cellpadding=\"0\" cellspacing=\"0\" id=\"crm-event_receipt\" style=\"font-family: Arial, Verdana, sans-serif; text-align: left;\">\n\n  <!-- BEGIN HEADER -->\n  <!-- You can add table row(s) here with logo or other header elements -->\n  <!-- END HEADER -->\n\n  <!-- BEGIN CONTENT -->\n\n  <tr>\n   <td>\n\n    <p>{ts 1=$displayName}Dear %1{/ts},</p>\n\n    {if $recur_txnType eq \'START\'}\n     {if $auto_renew_membership}\n     <p>{ts}Thanks for your auto renew membership sign-up.{/ts}</p>\n     <p>{ts 1=$recur_frequency_interval 2=$recur_frequency_unit}This membership will be automatically renewed \n      every %1 %2(s). {/ts}</p>\n     {else}\n\n     <p>{ts}Thanks for your recurring contribution sign-up.{/ts}</p>\n     <p>{ts 1=$recur_frequency_interval 2=$recur_frequency_unit 3=$recur_installments}This recurring contribution will be\n     automatically processed every %1 %2(s) for a total of %3 installment(s).{/ts}</p>\n     <p>{ts}Start Date{/ts}: {$recur_start_date|crmDate}</p>\n     {/if}\n     <p>{ts 1=$receipt_from_name 2=$receipt_from_email}You have pledged to make this recurring donation. You will be charged periodically (per frequency listed above), and you will receive an email receipt from %1 following each charge. These recurring donations will continue until you explicitly cancel the donation. You may change or cancel your recurring donation at anytime by logging into your account. If you have questions about recurring donations please contact us at %2.{/ts}</p>\n\n    {elseif $recur_txnType eq \'END\'}\n\n     {if $auto_renew_membership}\n     <p>{ts}Your auto renew membership sign-up has ended and your membership will not be automatically renewed.{/ts}</p>   \n     {else}\n     <p>{ts}Your recurring contribution term has ended.{/ts}</p>\n     <p>{ts 1=$recur_installments}You have successfully completed %1 recurring contributions. Thank you for your support.{/ts}</p>\n     <table style=\"border: 1px solid #999; margin: 1em 0em 1em; border-collapse: collapse; width:100%;\">\n      <tr>\n       <th {$headerStyle}>\n        {ts 1=$recur_installments}Interval of Subscription for %1 installment(s){/ts}\n       </th>\n      </tr>\n      <tr>\n       <td {$labelStyle}>\n        {ts}Start Date{/ts}\n       </td>\n       <td {$valueStyle}>\n        {$recur_start_date|crmDate}\n       </td>\n      </tr>\n      <tr>\n       <td {$labelStyle}>\n        {ts}End Date{/ts}\n       </td>\n       <td {$valueStyle}>\n        {$recur_end_date|crmDate}\n       </td>\n      </tr>\n     </table>\n\n     {/if}\n    {/if}\n\n   </td>\n  </tr>\n\n </table>\n</center>\n\n</body>\n</html>\n',1,540,1,0),(10,'Contributions - Recurring Start and End Notification','{ts}Recurring Contribution Notification{/ts}\n','{ts 1=$displayName}Dear %1{/ts},\n\n{if $recur_txnType eq \'START\'}\n{if $auto_renew_membership}\n{ts}Thanks for your auto renew membership sign-up.{/ts}\n\n\n{ts 1=$recur_frequency_interval 2=$recur_frequency_unit}This membership will be automatically renewed every %1 %2(s).{/ts}\n\n{else}\n\n{ts}Thanks for your recurring contribution sign-up.{/ts}\n\n\n{ts 1=$recur_frequency_interval 2=$recur_frequency_unit 3=$recur_installments}This recurring contribution will be automatically processed every %1 %2(s) for a total of %3 installment(s).{/ts}\n\n\n{ts}Start Date{/ts}:  {$recur_start_date|crmDate}\n{/if}\n\n{ts 1=$receipt_from_name 2=$receipt_from_email}You have pledged to make this recurring donation. You will be charged periodically (per frequency listed above), and you will receive an email receipt from %1 following each charge. These recurring donations will continue until you explicitly cancel the donation. You may change or cancel your recurring donation at anytime by logging into your account. If you have questions about recurring donations please contact us at %2.{/ts}\n\n{elseif $recur_txnType eq \'END\'}\n{if $auto_renew_membership}\n{ts}Your auto renew membership sign-up has ended and your membership will not be automatically renewed.{/ts}\n\n\n{else}\n{ts}Your recurring contribution term has ended.{/ts}\n\n\n{ts 1=$recur_installments}You have successfully completed %1 recurring contributions. Thank you for your support.{/ts}\n\n\n==================================================\n{ts 1=$recur_installments}Interval of Subscription for %1 installment(s){/ts}\n\n==================================================\n{ts}Start Date{/ts}: {$recur_start_date|crmDate}\n\n{ts}End Date{/ts}: {$recur_end_date|crmDate}\n\n{/if}\n{/if}\n','<!DOCTYPE html PUBLIC \"-//W3C//DTD XHTML 1.0 Transitional//EN\" \"http://www.w3.org/TR/xhtml1/DTD/xhtml1-transitional.dtd\">\n<html xmlns=\"http://www.w3.org/1999/xhtml\">\n<head>\n <meta http-equiv=\"Content-Type\" content=\"text/html; charset=UTF-8\" />\n <title></title>\n</head>\n<body>\n\n{capture assign=headerStyle}colspan=\"2\" style=\"text-align: left; padding: 4px; border-bottom: 1px solid #999; background-color: #eee;\"{/capture}\n{capture assign=labelStyle }style=\"padding: 4px; border-bottom: 1px solid #999; background-color: #f7f7f7;\"{/capture}\n{capture assign=valueStyle }style=\"padding: 4px; border-bottom: 1px solid #999;\"{/capture}\n\n<center>\n <table width=\"620\" border=\"0\" cellpadding=\"0\" cellspacing=\"0\" id=\"crm-event_receipt\" style=\"font-family: Arial, Verdana, sans-serif; text-align: left;\">\n\n  <!-- BEGIN HEADER -->\n  <!-- You can add table row(s) here with logo or other header elements -->\n  <!-- END HEADER -->\n\n  <!-- BEGIN CONTENT -->\n\n  <tr>\n   <td>\n\n    <p>{ts 1=$displayName}Dear %1{/ts},</p>\n\n    {if $recur_txnType eq \'START\'}\n     {if $auto_renew_membership}\n     <p>{ts}Thanks for your auto renew membership sign-up.{/ts}</p>\n     <p>{ts 1=$recur_frequency_interval 2=$recur_frequency_unit}This membership will be automatically renewed \n      every %1 %2(s). {/ts}</p>\n     {else}\n\n     <p>{ts}Thanks for your recurring contribution sign-up.{/ts}</p>\n     <p>{ts 1=$recur_frequency_interval 2=$recur_frequency_unit 3=$recur_installments}This recurring contribution will be\n     automatically processed every %1 %2(s) for a total of %3 installment(s).{/ts}</p>\n     <p>{ts}Start Date{/ts}: {$recur_start_date|crmDate}</p>\n     {/if}\n     <p>{ts 1=$receipt_from_name 2=$receipt_from_email}You have pledged to make this recurring donation. You will be charged periodically (per frequency listed above), and you will receive an email receipt from %1 following each charge. These recurring donations will continue until you explicitly cancel the donation. You may change or cancel your recurring donation at anytime by logging into your account. If you have questions about recurring donations please contact us at %2.{/ts}</p>\n\n    {elseif $recur_txnType eq \'END\'}\n\n     {if $auto_renew_membership}\n     <p>{ts}Your auto renew membership sign-up has ended and your membership will not be automatically renewed.{/ts}</p>   \n     {else}\n     <p>{ts}Your recurring contribution term has ended.{/ts}</p>\n     <p>{ts 1=$recur_installments}You have successfully completed %1 recurring contributions. Thank you for your support.{/ts}</p>\n     <table style=\"border: 1px solid #999; margin: 1em 0em 1em; border-collapse: collapse; width:100%;\">\n      <tr>\n       <th {$headerStyle}>\n        {ts 1=$recur_installments}Interval of Subscription for %1 installment(s){/ts}\n       </th>\n      </tr>\n      <tr>\n       <td {$labelStyle}>\n        {ts}Start Date{/ts}\n       </td>\n       <td {$valueStyle}>\n        {$recur_start_date|crmDate}\n       </td>\n      </tr>\n      <tr>\n       <td {$labelStyle}>\n        {ts}End Date{/ts}\n       </td>\n       <td {$valueStyle}>\n        {$recur_end_date|crmDate}\n       </td>\n      </tr>\n     </table>\n\n     {/if}\n    {/if}\n\n   </td>\n  </tr>\n\n </table>\n</center>\n\n</body>\n</html>\n',1,540,0,1),(11,'Personal Campaign Pages - Admin Notification','{ts}Personal Campaign Page Notification{/ts}\n','===========================================================\n{ts}Personal Campaign Page Notification{/ts}\n\n===========================================================\n{ts}Action{/ts}: {if $mode EQ \'Update\'}{ts}Updated personal campaign page{/ts}{else}{ts}New personal campaign page{/ts}{/if}\n{ts}Personal Campaign Page Title{/ts}: {$pcpTitle}\n{ts}Current Status{/ts}: {$pcpStatus}\n{capture assign=pcpURL}{crmURL p=\"civicrm/contribute/pcp/info\" q=\"reset=1&id=`$pcpId`\" h=0 a=1}{/capture}\n{ts}View Page{/ts}:\n>> {$pcpURL}\n\n{ts}Supporter{/ts}: {$supporterName}\n>> {$supporterUrl}\n\n{ts}Linked to Contribution Page{/ts}: {$contribPageTitle}\n>> {$contribPageUrl}\n\n{ts}Manage Personal Campaign Pages{/ts}:\n>> {$managePCPUrl}\n\n','<!DOCTYPE html PUBLIC \"-//W3C//DTD XHTML 1.0 Transitional//EN\" \"http://www.w3.org/TR/xhtml1/DTD/xhtml1-transitional.dtd\">\n<html xmlns=\"http://www.w3.org/1999/xhtml\">\n<head>\n <meta http-equiv=\"Content-Type\" content=\"text/html; charset=UTF-8\" />\n <title></title>\n</head>\n<body>\n\n{capture assign=headerStyle}colspan=\"2\" style=\"text-align: left; padding: 4px; border-bottom: 1px solid #999; background-color: #eee;\"{/capture}\n{capture assign=labelStyle }style=\"padding: 4px; border-bottom: 1px solid #999; background-color: #f7f7f7;\"{/capture}\n{capture assign=valueStyle }style=\"padding: 4px; border-bottom: 1px solid #999;\"{/capture}\n{capture assign=pcpURL     }{crmURL p=\"civicrm/contribute/pcp/info\" q=\"reset=1&id=`$pcpId`\" h=0 a=1}{/capture}\n\n<center>\n <table width=\"620\" border=\"0\" cellpadding=\"0\" cellspacing=\"0\" id=\"crm-event_receipt\" style=\"font-family: Arial, Verdana, sans-serif; text-align: left;\">\n\n  <!-- BEGIN HEADER -->\n  <!-- You can add table row(s) here with logo or other header elements -->\n  <!-- END HEADER -->\n\n  <!-- BEGIN CONTENT -->\n\n  <tr>\n   <td>\n    <table style=\"border: 1px solid #999; margin: 1em 0em 1em; border-collapse: collapse; width:100%;\">\n     <tr>\n      <th {$headerStyle}>\n       {ts}Personal Campaign Page Notification{/ts}\n      </th>\n     </tr>\n     <tr>\n      <td {$labelStyle}>\n       {ts}Action{/ts}:\n      </td>\n      <td {$valueStyle}>\n       {if $mode EQ \'Update\'}\n        {ts}Updated personal campaign page{/ts}\n       {else}\n        {ts}New personal campaign page{/ts}\n       {/if}\n      </td>\n     </tr>\n     <tr>\n      <td {$labelStyle}>\n       {ts}Personal Campaign Page Title{/ts}\n      </td>\n      <td {$valueStyle}>\n       {$pcpTitle}\n      </td>\n     </tr>\n     <tr>\n      <td {$labelStyle}>\n       {ts}Current Status{/ts}\n      </td>\n      <td {$valueStyle}>\n       {$pcpStatus}\n      </td>\n     </tr>\n\n     <tr>\n      <td rowspan=\"2\" {$labelStyle}>\n       <a href=\"{$pcpURL}\">{ts}View Page{/ts}</a>\n      </td>\n     </tr>\n     <tr>\n      <td {$labelStyle}>\n       {ts}Supporter{/ts}\n      </td>\n      <td {$valueStyle}>\n       <a href=\"{$supporterUrl}\">{$supporterName}</a>\n      </td>\n     </tr>\n     <tr>\n      <td {$labelStyle}>\n       {ts}Linked to Contribution Page{/ts}\n      </td>\n      <td {$valueStyle}>\n       <a href=\"{$contribPageUrl}\">{$contribPageTitle}</a>\n      </td>\n     </tr>\n     <tr>\n      <td rowspan=\"2\" {$labelStyle}>\n       <a href=\"{$managePCPUrl}\">{ts}Manage Personal Campaign Pages{/ts}</a>\n      </td>\n     </tr>\n\n    </table>\n   </td>\n  </tr>\n </table>\n</center>\n\n</body>\n</html>\n',1,541,1,0),(12,'Personal Campaign Pages - Admin Notification','{ts}Personal Campaign Page Notification{/ts}\n','===========================================================\n{ts}Personal Campaign Page Notification{/ts}\n\n===========================================================\n{ts}Action{/ts}: {if $mode EQ \'Update\'}{ts}Updated personal campaign page{/ts}{else}{ts}New personal campaign page{/ts}{/if}\n{ts}Personal Campaign Page Title{/ts}: {$pcpTitle}\n{ts}Current Status{/ts}: {$pcpStatus}\n{capture assign=pcpURL}{crmURL p=\"civicrm/contribute/pcp/info\" q=\"reset=1&id=`$pcpId`\" h=0 a=1}{/capture}\n{ts}View Page{/ts}:\n>> {$pcpURL}\n\n{ts}Supporter{/ts}: {$supporterName}\n>> {$supporterUrl}\n\n{ts}Linked to Contribution Page{/ts}: {$contribPageTitle}\n>> {$contribPageUrl}\n\n{ts}Manage Personal Campaign Pages{/ts}:\n>> {$managePCPUrl}\n\n','<!DOCTYPE html PUBLIC \"-//W3C//DTD XHTML 1.0 Transitional//EN\" \"http://www.w3.org/TR/xhtml1/DTD/xhtml1-transitional.dtd\">\n<html xmlns=\"http://www.w3.org/1999/xhtml\">\n<head>\n <meta http-equiv=\"Content-Type\" content=\"text/html; charset=UTF-8\" />\n <title></title>\n</head>\n<body>\n\n{capture assign=headerStyle}colspan=\"2\" style=\"text-align: left; padding: 4px; border-bottom: 1px solid #999; background-color: #eee;\"{/capture}\n{capture assign=labelStyle }style=\"padding: 4px; border-bottom: 1px solid #999; background-color: #f7f7f7;\"{/capture}\n{capture assign=valueStyle }style=\"padding: 4px; border-bottom: 1px solid #999;\"{/capture}\n{capture assign=pcpURL     }{crmURL p=\"civicrm/contribute/pcp/info\" q=\"reset=1&id=`$pcpId`\" h=0 a=1}{/capture}\n\n<center>\n <table width=\"620\" border=\"0\" cellpadding=\"0\" cellspacing=\"0\" id=\"crm-event_receipt\" style=\"font-family: Arial, Verdana, sans-serif; text-align: left;\">\n\n  <!-- BEGIN HEADER -->\n  <!-- You can add table row(s) here with logo or other header elements -->\n  <!-- END HEADER -->\n\n  <!-- BEGIN CONTENT -->\n\n  <tr>\n   <td>\n    <table style=\"border: 1px solid #999; margin: 1em 0em 1em; border-collapse: collapse; width:100%;\">\n     <tr>\n      <th {$headerStyle}>\n       {ts}Personal Campaign Page Notification{/ts}\n      </th>\n     </tr>\n     <tr>\n      <td {$labelStyle}>\n       {ts}Action{/ts}:\n      </td>\n      <td {$valueStyle}>\n       {if $mode EQ \'Update\'}\n        {ts}Updated personal campaign page{/ts}\n       {else}\n        {ts}New personal campaign page{/ts}\n       {/if}\n      </td>\n     </tr>\n     <tr>\n      <td {$labelStyle}>\n       {ts}Personal Campaign Page Title{/ts}\n      </td>\n      <td {$valueStyle}>\n       {$pcpTitle}\n      </td>\n     </tr>\n     <tr>\n      <td {$labelStyle}>\n       {ts}Current Status{/ts}\n      </td>\n      <td {$valueStyle}>\n       {$pcpStatus}\n      </td>\n     </tr>\n\n     <tr>\n      <td rowspan=\"2\" {$labelStyle}>\n       <a href=\"{$pcpURL}\">{ts}View Page{/ts}</a>\n      </td>\n     </tr>\n     <tr>\n      <td {$labelStyle}>\n       {ts}Supporter{/ts}\n      </td>\n      <td {$valueStyle}>\n       <a href=\"{$supporterUrl}\">{$supporterName}</a>\n      </td>\n     </tr>\n     <tr>\n      <td {$labelStyle}>\n       {ts}Linked to Contribution Page{/ts}\n      </td>\n      <td {$valueStyle}>\n       <a href=\"{$contribPageUrl}\">{$contribPageTitle}</a>\n      </td>\n     </tr>\n     <tr>\n      <td rowspan=\"2\" {$labelStyle}>\n       <a href=\"{$managePCPUrl}\">{ts}Manage Personal Campaign Pages{/ts}</a>\n      </td>\n     </tr>\n\n    </table>\n   </td>\n  </tr>\n </table>\n</center>\n\n</body>\n</html>\n',1,541,0,1),(13,'Personal Campaign Pages - Supporter Status Change Notification','{ts 1=$contribPageTitle}Your Personal Campaign Page for %1{/ts}\n','{if $pcpStatus eq \'Approved\'}\n============================\n{ts}Your Personal Campaign Page{/ts}\n\n============================\n\n{ts}Your personal campaign page has been approved and is now live.{/ts}\n\n{ts}Whenever you want to preview, update or promote your page{/ts}:\n1. {ts}Login to your account at{/ts}:\n{$loginUrl}\n\n2. {ts}Click or paste this link into your browser to go to your page{/ts}:\n{$pcpInfoURL}\n\n{ts}When you view your campaign page WHILE LOGGED IN, the page includes links to edit\nyour page, tell friends, and update your contact info.{/ts}\n\n{if $isTellFriendEnabled}\n\n{ts}After logging in, you can use this form to promote your fundraising page{/ts}:\n{$pcpTellFriendURL}\n\n{/if}\n\n{if $pcpNotifyEmailAddress}\n{ts}Questions? Send email to{/ts}:\n{$pcpNotifyEmailAddress}\n{/if}\n\n{* Rejected message *}\n{elseif $pcpStatus eq \'Not Approved\'}\n============================\n{ts}Your Personal Campaign Page{/ts}\n\n============================\n\n{ts}Your personal campaign page has been reviewed. There were some issues with the content\nwhich prevented us from approving the page. We are sorry for any inconvenience.{/ts}\n\n{if $pcpNotifyEmailAddress}\n\n{ts}Please contact our site administrator for more information{/ts}:\n{$pcpNotifyEmailAddress}\n{/if}\n\n{/if}\n','<!DOCTYPE html PUBLIC \"-//W3C//DTD XHTML 1.0 Transitional//EN\" \"http://www.w3.org/TR/xhtml1/DTD/xhtml1-transitional.dtd\">\n<html xmlns=\"http://www.w3.org/1999/xhtml\">\n<head>\n <meta http-equiv=\"Content-Type\" content=\"text/html; charset=UTF-8\" />\n <title></title>\n</head>\n<body>\n\n<center>\n <table width=\"620\" border=\"0\" cellpadding=\"0\" cellspacing=\"0\" id=\"crm-event_receipt\" style=\"font-family: Arial, Verdana, sans-serif; text-align: left;\">\n\n  <!-- BEGIN HEADER -->\n  <!-- You can add table row(s) here with logo or other header elements -->\n  <!-- END HEADER -->\n\n  <!-- BEGIN CONTENT -->\n\n  <tr>\n   <td>\n\n    <h1>{ts}Your Personal Campaign Page{/ts}</h1>\n\n    {if $pcpStatus eq \'Approved\'}\n\n     <p>{ts}Your personal campaign page has been approved and is now live.{/ts}</p>\n     <p>{ts}Whenever you want to preview, update or promote your page{/ts}:</p>\n     <ol>\n      <li><a href=\"{$loginUrl}\">{ts}Login to your account{/ts}</a></li>\n      <li><a href=\"{$pcpInfoURL}\">{ts}Go to your page{/ts}</a></li>\n     </ol>\n     <p>{ts}When you view your campaign page WHILE LOGGED IN, the page includes links to edit\nyour page, tell friends, and update your contact info.{/ts}</p>\n\n     {if $isTellFriendEnabled}\n      <p><a href=\"{$pcpTellFriendURL}\">{ts}After logging in, you can use this form to promote your fundraising page{/ts}</a></p>\n     {/if}\n\n     {if $pcpNotifyEmailAddress}\n      <p>{ts}Questions? Send email to{/ts}: {$pcpNotifyEmailAddress}</p>\n     {/if}\n\n    {elseif $pcpStatus eq \'Not Approved\'}\n\n     <p>{ts}Your personal campaign page has been reviewed. There were some issues with the content\nwhich prevented us from approving the page. We are sorry for any inconvenience.{/ts}</p>\n     {if $pcpNotifyEmailAddress}\n      <p>{ts}Please contact our site administrator for more information{/ts}: {$pcpNotifyEmailAddress}</p>\n     {/if}\n\n    {/if}\n\n   </td>\n  </tr>\n\n </table>\n</center>\n\n</body>\n</html>\n',1,542,1,0),(14,'Personal Campaign Pages - Supporter Status Change Notification','{ts 1=$contribPageTitle}Your Personal Campaign Page for %1{/ts}\n','{if $pcpStatus eq \'Approved\'}\n============================\n{ts}Your Personal Campaign Page{/ts}\n\n============================\n\n{ts}Your personal campaign page has been approved and is now live.{/ts}\n\n{ts}Whenever you want to preview, update or promote your page{/ts}:\n1. {ts}Login to your account at{/ts}:\n{$loginUrl}\n\n2. {ts}Click or paste this link into your browser to go to your page{/ts}:\n{$pcpInfoURL}\n\n{ts}When you view your campaign page WHILE LOGGED IN, the page includes links to edit\nyour page, tell friends, and update your contact info.{/ts}\n\n{if $isTellFriendEnabled}\n\n{ts}After logging in, you can use this form to promote your fundraising page{/ts}:\n{$pcpTellFriendURL}\n\n{/if}\n\n{if $pcpNotifyEmailAddress}\n{ts}Questions? Send email to{/ts}:\n{$pcpNotifyEmailAddress}\n{/if}\n\n{* Rejected message *}\n{elseif $pcpStatus eq \'Not Approved\'}\n============================\n{ts}Your Personal Campaign Page{/ts}\n\n============================\n\n{ts}Your personal campaign page has been reviewed. There were some issues with the content\nwhich prevented us from approving the page. We are sorry for any inconvenience.{/ts}\n\n{if $pcpNotifyEmailAddress}\n\n{ts}Please contact our site administrator for more information{/ts}:\n{$pcpNotifyEmailAddress}\n{/if}\n\n{/if}\n','<!DOCTYPE html PUBLIC \"-//W3C//DTD XHTML 1.0 Transitional//EN\" \"http://www.w3.org/TR/xhtml1/DTD/xhtml1-transitional.dtd\">\n<html xmlns=\"http://www.w3.org/1999/xhtml\">\n<head>\n <meta http-equiv=\"Content-Type\" content=\"text/html; charset=UTF-8\" />\n <title></title>\n</head>\n<body>\n\n<center>\n <table width=\"620\" border=\"0\" cellpadding=\"0\" cellspacing=\"0\" id=\"crm-event_receipt\" style=\"font-family: Arial, Verdana, sans-serif; text-align: left;\">\n\n  <!-- BEGIN HEADER -->\n  <!-- You can add table row(s) here with logo or other header elements -->\n  <!-- END HEADER -->\n\n  <!-- BEGIN CONTENT -->\n\n  <tr>\n   <td>\n\n    <h1>{ts}Your Personal Campaign Page{/ts}</h1>\n\n    {if $pcpStatus eq \'Approved\'}\n\n     <p>{ts}Your personal campaign page has been approved and is now live.{/ts}</p>\n     <p>{ts}Whenever you want to preview, update or promote your page{/ts}:</p>\n     <ol>\n      <li><a href=\"{$loginUrl}\">{ts}Login to your account{/ts}</a></li>\n      <li><a href=\"{$pcpInfoURL}\">{ts}Go to your page{/ts}</a></li>\n     </ol>\n     <p>{ts}When you view your campaign page WHILE LOGGED IN, the page includes links to edit\nyour page, tell friends, and update your contact info.{/ts}</p>\n\n     {if $isTellFriendEnabled}\n      <p><a href=\"{$pcpTellFriendURL}\">{ts}After logging in, you can use this form to promote your fundraising page{/ts}</a></p>\n     {/if}\n\n     {if $pcpNotifyEmailAddress}\n      <p>{ts}Questions? Send email to{/ts}: {$pcpNotifyEmailAddress}</p>\n     {/if}\n\n    {elseif $pcpStatus eq \'Not Approved\'}\n\n     <p>{ts}Your personal campaign page has been reviewed. There were some issues with the content\nwhich prevented us from approving the page. We are sorry for any inconvenience.{/ts}</p>\n     {if $pcpNotifyEmailAddress}\n      <p>{ts}Please contact our site administrator for more information{/ts}: {$pcpNotifyEmailAddress}</p>\n     {/if}\n\n    {/if}\n\n   </td>\n  </tr>\n\n </table>\n</center>\n\n</body>\n</html>\n',1,542,0,1),(15,'Personal Campaign Pages - Supporter Welcome','{ts 1=$contribPageTitle}Your Personal Campaign Page for %1{/ts}\n','{ts}Dear supporter{/ts},\n{ts 1=\"$contribPageTitle\"}Thanks for creating a personal campaign page in support of %1.{/ts}\n\n{if $pcpStatus eq \'Approved\'}\n====================\n{ts}Promoting Your Page{/ts}\n\n====================\n{if $isTellFriendEnabled}\n\n{ts}You can begin your fundraising efforts using our \"Tell a Friend\" form{/ts}:\n\n1. {ts}Login to your account at{/ts}:\n{$loginUrl}\n\n2. {ts}Click or paste this link into your browser and follow the prompts{/ts}:\n{$pcpTellFriendURL}\n{else}\n\n{ts}Send email to family, friends and colleagues with a personal message about this campaign.{/ts}\n{ts}Include this link to your fundraising page in your emails{/ts}:\n{$pcpInfoURL}\n{/if}\n\n===================\n{ts}Managing Your Page{/ts}\n\n===================\n{ts}Whenever you want to preview, update or promote your page{/ts}:\n1. {ts}Login to your account at{/ts}:\n{$loginUrl}\n\n2. {ts}Click or paste this link into your browser to go to your page{/ts}:\n{$pcpInfoURL}\n\n{ts}When you view your campaign page WHILE LOGGED IN, the page includes links to edit\nyour page, tell friends, and update your contact info.{/ts}\n\n\n{elseif $pcpStatus EQ \'Waiting Review\'}\n{ts}Your page requires administrator review before you can begin your fundraising efforts.{/ts}\n\n\n{ts}A notification email has been sent to the site administrator, and you will receive another notification from them as soon as the review process is complete.{/ts}\n\n\n{ts}You can still preview your page prior to approval{/ts}:\n1. {ts}Login to your account at{/ts}:\n{$loginUrl}\n\n2. {ts}Click or paste this link into your browser{/ts}:\n{$pcpInfoURL}\n\n{/if}\n{if $pcpNotifyEmailAddress}\n{ts}Questions? Send email to{/ts}:\n{$pcpNotifyEmailAddress}\n{/if}\n','<!DOCTYPE html PUBLIC \"-//W3C//DTD XHTML 1.0 Transitional//EN\" \"http://www.w3.org/TR/xhtml1/DTD/xhtml1-transitional.dtd\">\n<html xmlns=\"http://www.w3.org/1999/xhtml\">\n<head>\n <meta http-equiv=\"Content-Type\" content=\"text/html; charset=UTF-8\" />\n <title></title>\n</head>\n<body>\n\n{capture assign=headerStyle}colspan=\"2\" style=\"text-align: left; padding: 4px; border-bottom: 1px solid #999; background-color: #eee;\"{/capture}\n{capture assign=labelStyle }style=\"padding: 4px; border-bottom: 1px solid #999; background-color: #f7f7f7;\"{/capture}\n{capture assign=valueStyle }style=\"padding: 4px; border-bottom: 1px solid #999;\"{/capture}\n\n<center>\n <table width=\"620\" border=\"0\" cellpadding=\"0\" cellspacing=\"0\" id=\"crm-event_receipt\" style=\"font-family: Arial, Verdana, sans-serif; text-align: left;\">\n\n  <!-- BEGIN HEADER -->\n  <!-- You can add table row(s) here with logo or other header elements -->\n  <!-- END HEADER -->\n\n  <!-- BEGIN CONTENT -->\n\n  <tr>\n   <td>\n    <p>{ts}Dear supporter{/ts},</p>\n    <p>{ts 1=\"$contribPageTitle\"}Thanks for creating a personal campaign page in support of %1.{/ts}</p>\n   </td>\n  </tr>\n\n  {if $pcpStatus eq \'Approved\'}\n\n    <tr>\n     <td>\n      <table style=\"border: 1px solid #999; margin: 1em 0em 1em; border-collapse: collapse; width:100%;\">\n       <tr>\n        <th {$headerStyle}>\n         {ts}Promoting Your Page{/ts}\n        </th>\n       </tr>\n       <tr>\n        <td colspan=\"2\" {$valueStyle}>\n         {if $isTellFriendEnabled}\n          <p>{ts}You can begin your fundraising efforts using our \"Tell a Friend\" form{/ts}:</p>\n          <ol>\n           <li><a href=\"{$loginUrl}\">{ts}Login to your account{/ts}</a></li>\n           <li><a href=\"{$pcpTellFriendURL}\">{ts}Click this link and follow the prompts{/ts}</a></li>\n          </ol>\n         {else}\n          <p>{ts}Send email to family, friends and colleagues with a personal message about this campaign.{/ts} {ts}Include this link to your fundraising page in your emails{/ts}: {$pcpInfoURL}</p>\n         {/if}\n        </td>\n       </tr>\n       <tr>\n        <th {$headerStyle}>\n         {ts}Managing Your Page{/ts}\n        </th>\n       <tr>\n        <td colspan=\"2\" {$valueStyle}>\n         <p>{ts}Whenever you want to preview, update or promote your page{/ts}:</p>\n         <ol>\n          <li><a href=\"{$loginUrl}\">{ts}Login to your account{/ts}</a></li>\n          <li><a href=\"{$pcpInfoURL}\">{ts}Go to your page{/ts}</a></li>\n         </ol>\n         <p>{ts}When you view your campaign page WHILE LOGGED IN, the page includes links to edit\nyour page, tell friends, and update your contact info.{/ts}</p>\n        </td>\n       </tr>\n       </tr>\n      </table>\n     </td>\n    </tr>\n\n   {elseif $pcpStatus EQ \'Waiting Review\'}\n\n    <tr>\n     <td>\n      <p>{ts}Your page requires administrator review before you can begin your fundraising efforts.{/ts}</p>\n      <p>{ts}A notification email has been sent to the site administrator, and you will receive another notification from them as soon as the review process is complete.{/ts}</p>\n      <p>{ts}You can still preview your page prior to approval{/ts}:</p>\n      <ol>\n       <li><a href=\"{$loginUrl}\">{ts}Login to your account{/ts}</a></li>\n       <li><a href=\"{$pcpInfoURL}\">{ts}Click this link{/ts}</a></li>\n      </ol>\n     </td>\n    </tr>\n\n   {/if}\n\n   {if $pcpNotifyEmailAddress}\n    <tr>\n     <td>\n      <p>{ts}Questions? Send email to{/ts}: {$pcpNotifyEmailAddress}</p>\n     </td>\n    </tr>\n   {/if}\n\n </table>\n</center>\n\n</body>\n</html>\n',1,543,1,0),(16,'Personal Campaign Pages - Supporter Welcome','{ts 1=$contribPageTitle}Your Personal Campaign Page for %1{/ts}\n','{ts}Dear supporter{/ts},\n{ts 1=\"$contribPageTitle\"}Thanks for creating a personal campaign page in support of %1.{/ts}\n\n{if $pcpStatus eq \'Approved\'}\n====================\n{ts}Promoting Your Page{/ts}\n\n====================\n{if $isTellFriendEnabled}\n\n{ts}You can begin your fundraising efforts using our \"Tell a Friend\" form{/ts}:\n\n1. {ts}Login to your account at{/ts}:\n{$loginUrl}\n\n2. {ts}Click or paste this link into your browser and follow the prompts{/ts}:\n{$pcpTellFriendURL}\n{else}\n\n{ts}Send email to family, friends and colleagues with a personal message about this campaign.{/ts}\n{ts}Include this link to your fundraising page in your emails{/ts}:\n{$pcpInfoURL}\n{/if}\n\n===================\n{ts}Managing Your Page{/ts}\n\n===================\n{ts}Whenever you want to preview, update or promote your page{/ts}:\n1. {ts}Login to your account at{/ts}:\n{$loginUrl}\n\n2. {ts}Click or paste this link into your browser to go to your page{/ts}:\n{$pcpInfoURL}\n\n{ts}When you view your campaign page WHILE LOGGED IN, the page includes links to edit\nyour page, tell friends, and update your contact info.{/ts}\n\n\n{elseif $pcpStatus EQ \'Waiting Review\'}\n{ts}Your page requires administrator review before you can begin your fundraising efforts.{/ts}\n\n\n{ts}A notification email has been sent to the site administrator, and you will receive another notification from them as soon as the review process is complete.{/ts}\n\n\n{ts}You can still preview your page prior to approval{/ts}:\n1. {ts}Login to your account at{/ts}:\n{$loginUrl}\n\n2. {ts}Click or paste this link into your browser{/ts}:\n{$pcpInfoURL}\n\n{/if}\n{if $pcpNotifyEmailAddress}\n{ts}Questions? Send email to{/ts}:\n{$pcpNotifyEmailAddress}\n{/if}\n','<!DOCTYPE html PUBLIC \"-//W3C//DTD XHTML 1.0 Transitional//EN\" \"http://www.w3.org/TR/xhtml1/DTD/xhtml1-transitional.dtd\">\n<html xmlns=\"http://www.w3.org/1999/xhtml\">\n<head>\n <meta http-equiv=\"Content-Type\" content=\"text/html; charset=UTF-8\" />\n <title></title>\n</head>\n<body>\n\n{capture assign=headerStyle}colspan=\"2\" style=\"text-align: left; padding: 4px; border-bottom: 1px solid #999; background-color: #eee;\"{/capture}\n{capture assign=labelStyle }style=\"padding: 4px; border-bottom: 1px solid #999; background-color: #f7f7f7;\"{/capture}\n{capture assign=valueStyle }style=\"padding: 4px; border-bottom: 1px solid #999;\"{/capture}\n\n<center>\n <table width=\"620\" border=\"0\" cellpadding=\"0\" cellspacing=\"0\" id=\"crm-event_receipt\" style=\"font-family: Arial, Verdana, sans-serif; text-align: left;\">\n\n  <!-- BEGIN HEADER -->\n  <!-- You can add table row(s) here with logo or other header elements -->\n  <!-- END HEADER -->\n\n  <!-- BEGIN CONTENT -->\n\n  <tr>\n   <td>\n    <p>{ts}Dear supporter{/ts},</p>\n    <p>{ts 1=\"$contribPageTitle\"}Thanks for creating a personal campaign page in support of %1.{/ts}</p>\n   </td>\n  </tr>\n\n  {if $pcpStatus eq \'Approved\'}\n\n    <tr>\n     <td>\n      <table style=\"border: 1px solid #999; margin: 1em 0em 1em; border-collapse: collapse; width:100%;\">\n       <tr>\n        <th {$headerStyle}>\n         {ts}Promoting Your Page{/ts}\n        </th>\n       </tr>\n       <tr>\n        <td colspan=\"2\" {$valueStyle}>\n         {if $isTellFriendEnabled}\n          <p>{ts}You can begin your fundraising efforts using our \"Tell a Friend\" form{/ts}:</p>\n          <ol>\n           <li><a href=\"{$loginUrl}\">{ts}Login to your account{/ts}</a></li>\n           <li><a href=\"{$pcpTellFriendURL}\">{ts}Click this link and follow the prompts{/ts}</a></li>\n          </ol>\n         {else}\n          <p>{ts}Send email to family, friends and colleagues with a personal message about this campaign.{/ts} {ts}Include this link to your fundraising page in your emails{/ts}: {$pcpInfoURL}</p>\n         {/if}\n        </td>\n       </tr>\n       <tr>\n        <th {$headerStyle}>\n         {ts}Managing Your Page{/ts}\n        </th>\n       <tr>\n        <td colspan=\"2\" {$valueStyle}>\n         <p>{ts}Whenever you want to preview, update or promote your page{/ts}:</p>\n         <ol>\n          <li><a href=\"{$loginUrl}\">{ts}Login to your account{/ts}</a></li>\n          <li><a href=\"{$pcpInfoURL}\">{ts}Go to your page{/ts}</a></li>\n         </ol>\n         <p>{ts}When you view your campaign page WHILE LOGGED IN, the page includes links to edit\nyour page, tell friends, and update your contact info.{/ts}</p>\n        </td>\n       </tr>\n       </tr>\n      </table>\n     </td>\n    </tr>\n\n   {elseif $pcpStatus EQ \'Waiting Review\'}\n\n    <tr>\n     <td>\n      <p>{ts}Your page requires administrator review before you can begin your fundraising efforts.{/ts}</p>\n      <p>{ts}A notification email has been sent to the site administrator, and you will receive another notification from them as soon as the review process is complete.{/ts}</p>\n      <p>{ts}You can still preview your page prior to approval{/ts}:</p>\n      <ol>\n       <li><a href=\"{$loginUrl}\">{ts}Login to your account{/ts}</a></li>\n       <li><a href=\"{$pcpInfoURL}\">{ts}Click this link{/ts}</a></li>\n      </ol>\n     </td>\n    </tr>\n\n   {/if}\n\n   {if $pcpNotifyEmailAddress}\n    <tr>\n     <td>\n      <p>{ts}Questions? Send email to{/ts}: {$pcpNotifyEmailAddress}</p>\n     </td>\n    </tr>\n   {/if}\n\n </table>\n</center>\n\n</body>\n</html>\n',1,543,0,1),(17,'Events - Registration Confirmation and Receipt (off-line)','{ts}Event Confirmation{/ts} - {$event.title}\n','{if $event.confirm_email_text AND (not $isOnWaitlist AND not $isRequireApproval)}\n{$event.confirm_email_text}\n{/if}\n\n{if $isOnWaitlist}\n==========================================================={if $pricesetFieldsCount }===================={/if}\n\n{ts}You have been added to the WAIT LIST for this event.{/ts}\n\n{if $isPrimary}\n{ts}If space becomes available you will receive an email with\na link to a web page where you can complete your registration.{/ts}\n\n{/if}\n==========================================================={if $pricesetFieldsCount }===================={/if}\n\n{elseif $isRequireApproval}\n==========================================================={if $pricesetFieldsCount }===================={/if}\n\n{ts}Your registration has been submitted.{/ts}\n\n{if $isPrimary}\n{ts}Once your registration has been reviewed, you will receive\nan email with a link to a web page where you can complete the\nregistration process.{/ts}\n\n{/if}\n==========================================================={if $pricesetFieldsCount }===================={/if}\n\n{elseif $is_pay_later}\n\n==========================================================={if $pricesetFieldsCount }===================={/if}\n\n{$pay_later_receipt}\n==========================================================={if $pricesetFieldsCount }===================={/if}\n\n{else}\n\n{ts}Please print this confirmation for your records.{/ts}\n{/if}\n\n\n==========================================================={if $pricesetFieldsCount }===================={/if}\n\n{ts}Event Information and Location{/ts}\n\n==========================================================={if $pricesetFieldsCount }===================={/if}\n\n{$event.event_title}\n{$event.event_start_date|crmDate}{if $event.event_end_date}-{if $event.event_end_date|date_format:\"%Y%m%d\" == $event.event_start_date|date_format:\"%Y%m%d\"}{$event.event_end_date|crmDate:0:1}{else}{$event.event_end_date|crmDate}{/if}{/if}\n\n{if $event.participant_role neq \'Attendee\' and $defaultRole}\n{ts}Participant Role{/ts}: {$event.participant_role}\n{/if}\n\n{if $isShowLocation}\n{if $location.address.1.name}\n\n{$location.address.1.name}\n{/if}\n{if $location.address.1.street_address}{$location.address.1.street_address}\n{/if}\n{if $location.address.1.supplemental_address_1}{$location.address.1.supplemental_address_1}\n{/if}\n{if $location.address.1.supplemental_address_2}{$location.address.1.supplemental_address_2}\n{/if}\n{if $location.address.1.city}{$location.address.1.city} {$location.address.1.postal_code}{if $location.address.1.postal_code_suffix} - {$location.address.1.postal_code_suffix}{/if}\n{/if}\n\n{/if}{*End of isShowLocation condition*}\n\n{if $location.phone.1.phone || $location.email.1.email}\n\n{ts}Event Contacts:{/ts}\n{foreach from=$location.phone item=phone}\n{if $phone.phone}\n\n{if $phone.phone_type}{$phone.phone_type_display}{else}{ts}Phone{/ts}{/if}: {$phone.phone}{/if}\n{/foreach}\n{foreach from=$location.email item=eventEmail}\n{if $eventEmail.email}\n\n{ts}Email{/ts}: {$eventEmail.email}{/if}{/foreach}\n{/if}\n\n{capture assign=icalFeed}{crmURL p=\'civicrm/event/ical\' q=\"reset=1&id=`$event.id`\" h=0 a=1 fe=1}{/capture}\n{ts}Download iCalendar File:{/ts} {$icalFeed}\n{if $email}\n\n==========================================================={if $pricesetFieldsCount }===================={/if}\n\n{ts}Registered Email{/ts}\n\n==========================================================={if $pricesetFieldsCount }===================={/if}\n\n{$email}\n{/if}\n{if $event.is_monetary} {* This section for Paid events only.*}\n\n==========================================================={if $pricesetFieldsCount }===================={/if}\n\n{$event.fee_label}\n==========================================================={if $pricesetFieldsCount }===================={/if}\n\n{if $lineItem}{foreach from=$lineItem item=value key=priceset}\n\n{if $value neq \'skip\'}\n{if $isPrimary}\n{if $lineItem|@count GT 1} {* Header for multi participant registration cases. *}\n{ts 1=$priceset+1}Participant %1{/ts}\n{/if}\n{/if}\n---------------------------------------------------------{if $pricesetFieldsCount }--------------------{/if}\n\n{capture assign=ts_item}{ts}Item{/ts}{/capture}\n{capture assign=ts_qty}{ts}Qty{/ts}{/capture}\n{capture assign=ts_each}{ts}Each{/ts}{/capture}\n{capture assign=ts_total}{ts}Total{/ts}{/capture}\n{capture assign=ts_participant_total}{if $pricesetFieldsCount }{ts}Total Participants{/ts}{/if}{/capture}\n{$ts_item|string_format:\"%-30s\"} {$ts_qty|string_format:\"%5s\"} {$ts_each|string_format:\"%10s\"} {$ts_total|string_format:\"%10s\"} {$ts_participant_total|string_format:\"%10s\"}\n----------------------------------------------------------{if $pricesetFieldsCount }--------------------{/if}\n\n{foreach from=$value item=line}\n{if $pricesetFieldsCount }{capture assign=ts_participant_count}{$line.participant_count}{/capture}{/if}\n{capture assign=ts_item}{if $line.html_type eq \'Text\'}{$line.label}{else}{$line.field_title} - {$line.label}{/if} {if $line.description} {$line.description}{/if}{/capture}{$ts_item|truncate:30:\"...\"|string_format:\"%-30s\"} {$line.qty|string_format:\"%5s\"} {$line.unit_price|crmMoney|string_format:\"%10s\"} {$line.line_total|crmMoney|string_format:\"%10s\"} {$ts_participant_count|string_format:\"%10s\"}\n{/foreach}\n{/if}\n{/foreach}\n{/if}\n{if $amount && !$lineItem}\n{foreach from=$amount item=amnt key=level}{$amnt.amount|crmMoney} {$amnt.label}\n{/foreach}\n{/if}\n{if $isPrimary }\n\n{ts}Total Amount{/ts}: {$totalAmount|crmMoney} {if $hookDiscount.message}({$hookDiscount.message}){/if}\n\n{if $pricesetFieldsCount }\n      {assign var=\"count\" value= 0}\n      {foreach from=$lineItem item=pcount}\n      {assign var=\"lineItemCount\" value=0}\n      {if $pcount neq \'skip\'}\n        {foreach from=$pcount item=p_count}\n        {assign var=\"lineItemCount\" value=$lineItemCount+$p_count.participant_count}\n        {/foreach}\n        {if $lineItemCount < 1 }\n        {assign var=\"lineItemCount\" value=1}\n        {/if}	\n      {assign var=\"count\" value=$count+$lineItemCount}\n      {/if}\n      {/foreach}\n\n{ts}Total Participants{/ts}: {$count}\n{/if}\n   \n{if $is_pay_later }\n\n==========================================================={if $pricesetFieldsCount }===================={/if}\n\n{$pay_later_receipt}\n==========================================================={if $pricesetFieldsCount }===================={/if}\n\n{/if}\n\n{if $register_date}\n{ts}Registration Date{/ts}: {$register_date|crmDate}\n{/if}\n{if $receive_date}\n{ts}Transaction Date{/ts}: {$receive_date|crmDate}\n{/if}\n{if $contributionTypeName}\n{ts}Contribution Type{/ts}: {$contributionTypeName}\n{/if}\n{if $trxn_id}\n{ts}Transaction #{/ts}: {$trxn_id}\n{/if}\n{if $paidBy}\n{ts}Paid By{/ts}: {$paidBy}\n{/if}\n{if $checkNumber}\n{ts}Check Number{/ts}: {$checkNumber}\n{/if}\n{if $contributeMode ne \'notify\' and !$isAmountzero and !$is_pay_later and !$isOnWaitlist and !$isRequireApproval}\n\n==========================================================={if $pricesetFieldsCount }===================={/if}\n\n{ts}Billing Name and Address{/ts}\n\n==========================================================={if $pricesetFieldsCount }===================={/if}\n\n{$billingName}\n{$address}\n{/if}\n\n{if $contributeMode eq \'direct\' and !$isAmountzero and !$is_pay_later and !$isOnWaitlist and !$isRequireApproval}\n===========================================================\n{ts}Credit Card Information{/ts}\n\n==========================================================={if $pricesetFieldsCount }===================={/if}\n\n{$credit_card_type}\n{$credit_card_number}\n{ts}Expires{/ts}: {$credit_card_exp_date|truncate:7:\'\'|crmDate}\n{/if}\n{/if}\n{/if} {* End of conditional section for Paid events *}\n\n{if $customPre}\n==========================================================={if $pricesetFieldsCount }===================={/if}\n\n{$customPre_grouptitle}\n==========================================================={if $pricesetFieldsCount }===================={/if}\n\n{foreach from=$customPre item=value key=customName}\n{if ( $trackingFields and ! in_array( $customName, $trackingFields ) ) or ! $trackingFields}\n{$customName}: {$value}\n{/if}\n{/foreach}\n{/if}\n\n{if $customPost}\n==========================================================={if $pricesetFieldsCount }===================={/if}\n\n{$customPost_grouptitle}\n==========================================================={if $pricesetFieldsCount }===================={/if}\n\n{foreach from=$customPost item=value key=customName}\n{if ( $trackingFields and ! in_array( $customName, $trackingFields ) ) or ! $trackingFields}\n{$customName}: {$value}\n{/if}\n{/foreach}\n{/if}\n{if $customProfile}\n\n{foreach from=$customProfile item=value key=customName}\n==========================================================={if $pricesetFieldsCount }===================={/if}\n\n{ts 1=$customName+1}Participant Information - Participant %1{/ts}\n\n==========================================================={if $pricesetFieldsCount }===================={/if}\n\n{foreach from=$value item=val key=field}\n{if $field eq \'additionalCustomPre\' or $field eq \'additionalCustomPost\' }\n{if $field eq \'additionalCustomPre\' }\n----------------------------------------------------------{if $pricesetFieldsCount }--------------------{/if}\n\n{$additionalCustomPre_grouptitle}\n----------------------------------------------------------{if $pricesetFieldsCount }--------------------{/if}\n\n{else}\n----------------------------------------------------------{if $pricesetFieldsCount }--------------------{/if}\n\n{$additionalCustomPost_grouptitle}\n----------------------------------------------------------{if $pricesetFieldsCount }--------------------{/if}\n\n{/if}\n{foreach from=$val item=v key=f}\n{$f}: {$v}\n{/foreach}\n{/if}\n{/foreach}\n{/foreach}\n{/if}\n{if $customGroup}\n{foreach from=$customGroup item=value key=customName}\n=========================================================={if $pricesetFieldsCount }===================={/if}\n\n{$customName}\n=========================================================={if $pricesetFieldsCount }===================={/if}\n\n{foreach from=$value item=v key=n}\n{$n}: {$v}\n{/foreach}\n{/foreach}\n{/if}\n\n\n','<!DOCTYPE html PUBLIC \"-//W3C//DTD XHTML 1.0 Transitional//EN\" \"http://www.w3.org/TR/xhtml1/DTD/xhtml1-transitional.dtd\">\n<html xmlns=\"http://www.w3.org/1999/xhtml\">\n<head>\n <meta http-equiv=\"Content-Type\" content=\"text/html; charset=UTF-8\" />\n <title></title>\n</head>\n<body>\n\n{capture assign=headerStyle}colspan=\"2\" style=\"text-align: left; padding: 4px; border-bottom: 1px solid #999; background-color: #eee;\"{/capture}\n{capture assign=labelStyle }style=\"padding: 4px; border-bottom: 1px solid #999; background-color: #f7f7f7;\"{/capture}\n{capture assign=valueStyle }style=\"padding: 4px; border-bottom: 1px solid #999;\"{/capture}\n\n<center>\n <table width=\"620\" border=\"0\" cellpadding=\"0\" cellspacing=\"0\" id=\"crm-event_receipt\" style=\"font-family: Arial, Verdana, sans-serif; text-align: left;\">\n\n  <!-- BEGIN HEADER -->\n  <!-- You can add table row(s) here with logo or other header elements -->\n  <!-- END HEADER -->\n\n  <!-- BEGIN CONTENT -->\n\n  <tr>\n   <td>\n\n    {if $event.confirm_email_text AND (not $isOnWaitlist AND not $isRequireApproval)}\n     <p>{$event.confirm_email_text|htmlize}</p>\n    {/if}\n\n    {if $isOnWaitlist}\n     <p>{ts}You have been added to the WAIT LIST for this event.{/ts}</p>\n     {if $isPrimary}\n       <p>{ts}If space becomes available you will receive an email with\na link to a web page where you can complete your registration.{/ts}</p>\n     {/if}\n    {elseif $isRequireApproval}\n     <p>{ts}Your registration has been submitted.{/ts}</p>\n     {if $isPrimary}\n      <p>{ts}Once your registration has been reviewed, you will receive\nan email with a link to a web page where you can complete the\nregistration process.{/ts}</p>\n     {/if}\n    {elseif $is_pay_later}\n     <p>{$pay_later_receipt}</p> {* FIXME: this might be text rather than HTML *}\n    {else}\n     <p>{ts}Please print this confirmation for your records.{/ts}</p>\n    {/if}\n\n   </td>\n  </tr>\n  <tr>\n   <td>\n    <table style=\"border: 1px solid #999; margin: 1em 0em 1em; border-collapse: collapse; width:100%;\">\n     <tr>\n      <th {$headerStyle}>\n       {ts}Event Information and Location{/ts}\n      </th>\n     </tr>\n     <tr>\n      <td colspan=\"2\" {$valueStyle}>\n       {$event.event_title}<br />\n       {$event.event_start_date|crmDate}{if $event.event_end_date}-{if $event.event_end_date|date_format:\"%Y%m%d\" == $event.event_start_date|date_format:\"%Y%m%d\"}{$event.event_end_date|crmDate:0:1}{else}{$event.event_end_date|crmDate}{/if}{/if}\n      </td>\n     </tr>\n\n     {if $event.participant_role neq \'Attendee\' and $defaultRole}\n      <tr>\n       <td {$labelStyle}>\n        {ts}Participant Role{/ts}\n       </td>\n       <td {$valueStyle}>\n        {$event.participant_role}\n       </td>\n      </tr>\n     {/if}\n\n     {if $isShowLocation}\n      <tr>\n       <td colspan=\"2\" {$valueStyle}>\n        {if $location.address.1.name}\n         {$location.address.1.name}<br />\n        {/if}\n        {if $location.address.1.street_address}\n         {$location.address.1.street_address}<br />\n        {/if}\n        {if $location.address.1.supplemental_address_1}\n         {$location.address.1.supplemental_address_1}<br />\n        {/if}\n        {if $location.address.1.supplemental_address_2}\n         {$location.address.1.supplemental_address_2}<br />\n        {/if}\n        {if $location.address.1.city}\n         {$location.address.1.city} {$location.address.1.postal_code}{if $location.address.1.postal_code_suffix} - {$location.address.1.postal_code_suffix}{/if}<br />\n        {/if}\n       </td>\n      </tr>\n     {/if}\n\n     {if $location.phone.1.phone || $location.email.1.email}\n      <tr>\n       <td colspan=\"2\" {$labelStyle}>\n        {ts}Event Contacts:{/ts}\n       </td>\n      </tr>\n      {foreach from=$location.phone item=phone}\n       {if $phone.phone}\n        <tr>\n         <td {$labelStyle}>\n          {if $phone.phone_type}\n           {$phone.phone_type_display}\n          {else}\n           {ts}Phone{/ts}\n          {/if}\n         </td>\n         <td {$valueStyle}>\n          {$phone.phone}\n         </td>\n        </tr>\n       {/if}\n      {/foreach}\n      {foreach from=$location.email item=eventEmail}\n       {if $eventEmail.email}\n        <tr>\n         <td {$labelStyle}>\n          {ts}Email{/ts}\n         </td>\n         <td {$valueStyle}>\n          {$eventEmail.email}\n         </td>\n        </tr>\n       {/if}\n      {/foreach}\n     {/if}\n     <tr>\n      <td colspan=\"2\" {$valueStyle}>\n       {capture assign=icalFeed}{crmURL p=\'civicrm/event/ical\' q=\"reset=1&id=`$event.id`\" h=0 a=1 fe=1}{/capture}\n       <a href=\"{$icalFeed}\">{ts}Download iCalendar File{/ts}</a>\n      </td>\n     </tr>\n     {if $email}\n      <tr>\n       <th {$headerStyle}>\n        {ts}Registered Email{/ts}\n       </th>\n      </tr>\n      <tr>\n       <td colspan=\"2\" {$valueStyle}>\n        {$email}\n       </td>\n      </tr>\n     {/if}\n\n\n     {if $event.is_monetary}\n\n      <tr>\n       <th {$headerStyle}>\n        {$event.fee_label}\n       </th>\n      </tr>\n\n      {if $lineItem}\n       {foreach from=$lineItem item=value key=priceset}\n        {if $value neq \'skip\'}\n         {if $isPrimary}\n          {if $lineItem|@count GT 1} {* Header for multi participant registration cases. *}\n           <tr>\n            <td colspan=\"2\" {$labelStyle}>\n             {ts 1=$priceset+1}Participant %1{/ts}\n            </td>\n           </tr>\n          {/if}\n         {/if}\n         <tr>\n          <td colspan=\"2\" {$valueStyle}>\n           <table> {* FIXME: style this table so that it looks like the text version (justification, etc.) *}\n            <tr>\n             <th>{ts}Item{/ts}</th>\n             <th>{ts}Qty{/ts}</th>\n             <th>{ts}Each{/ts}</th>\n             <th>{ts}Total{/ts}</th>\n	     {if $pricesetFieldsCount }<th>{ts}Total Participants{/ts}</th>{/if}\n            </tr>\n            {foreach from=$value item=line}\n             <tr>\n              <td>\n	      {if $line.html_type eq \'Text\'}{$line.label}{else}{$line.field_title} - {$line.label}{/if} {if $line.description}<div>{$line.description|truncate:30:\"...\"}</div>{/if}	\n              </td>\n              <td>\n               {$line.qty}\n              </td>\n              <td>\n               {$line.unit_price|crmMoney}\n              </td>\n              <td>\n               {$line.line_total|crmMoney}\n              </td>\n	      {if  $pricesetFieldsCount }\n	      <td>\n		{$line.participant_count}\n              </td>\n	      {/if}\n             </tr>\n            {/foreach}\n           </table>\n          </td>\n         </tr>\n        {/if}\n       {/foreach}\n      {/if}\n\n      {if $amount && !$lineItem}\n       {foreach from=$amount item=amnt key=level}\n        <tr>\n         <td colspan=\"2\" {$valueStyle}>\n          {$amnt.amount|crmMoney} {$amnt.label}\n         </td>\n        </tr>\n       {/foreach}\n      {/if}\n\n      {if $isPrimary}\n       <tr>\n        <td {$labelStyle}>\n         {ts}Total Amount{/ts}\n        </td>\n        <td {$valueStyle}>\n         {$totalAmount|crmMoney} {if $hookDiscount.message}({$hookDiscount.message}){/if}\n        </td>\n       </tr>\n       {if $pricesetFieldsCount }\n     <tr>\n       <td {$labelStyle}> \n	 {ts}Total Participants{/ts}</td>   \n       <td {$valueStyle}>\n	 {assign var=\"count\" value= 0}\n         {foreach from=$lineItem item=pcount}\n         {assign var=\"lineItemCount\" value=0}\n         {if $pcount neq \'skip\'}\n           {foreach from=$pcount item=p_count}\n           {assign var=\"lineItemCount\" value=$lineItemCount+$p_count.participant_count}\n           {/foreach}\n           {if $lineItemCount < 1 }\n           assign var=\"lineItemCount\" value=1}\n           {/if}	\n           {assign var=\"count\" value=$count+$lineItemCount}\n         {/if}\n         {/foreach}\n	 {$count}\n       </td>\n     </tr>\n     {/if}\n       {if $is_pay_later}\n        <tr>\n         <td colspan=\"2\" {$labelStyle}>\n          {$pay_later_receipt}\n         </td>\n        </tr>\n       {/if}\n\n       {if $register_date}\n        <tr>\n         <td {$labelStyle}>\n          {ts}Registration Date{/ts}\n         </td>\n         <td {$valueStyle}>\n          {$register_date|crmDate}\n         </td>\n        </tr>\n       {/if}\n\n       {if $receive_date}\n        <tr>\n         <td {$labelStyle}>\n          {ts}Transaction Date{/ts}\n         </td>\n         <td {$valueStyle}>\n          {$receive_date|crmDate}\n         </td>\n        </tr>\n       {/if}\n\n       {if $contributionTypeName}\n        <tr>\n         <td {$labelStyle}>\n          {ts}Contribution Type{/ts}\n         </td>\n         <td {$valueStyle}>\n          {$contributionTypeName}\n         </td>\n        </tr>\n       {/if}\n\n       {if $trxn_id}\n        <tr>\n         <td {$labelStyle}>\n          {ts}Transaction #{/ts}\n         </td>\n         <td {$valueStyle}>\n          {$trxn_id}\n         </td>\n        </tr>\n       {/if}\n\n       {if $paidBy}\n        <tr>\n         <td {$labelStyle}>\n          {ts}Paid By{/ts}\n         </td>\n         <td {$valueStyle}>\n         {$paidBy}\n         </td>\n        </tr>\n       {/if}\n\n       {if $checkNumber}\n        <tr>\n         <td {$labelStyle}>\n          {ts}Check Number{/ts}\n         </td>\n         <td {$valueStyle}>\n          {$checkNumber}\n         </td>\n        </tr>\n       {/if}\n\n       {if $contributeMode ne \'notify\' and !$isAmountzero and !$is_pay_later and !$isOnWaitlist and !$isRequireApproval}\n        <tr>\n         <th {$headerStyle}>\n          {ts}Billing Name and Address{/ts}\n         </th>\n        </tr>\n        <tr>\n         <td colspan=\"2\" {$valueStyle}>\n          {$billingName}<br />\n          {$address|nl2br}\n         </td>\n        </tr>\n       {/if}\n\n       {if $contributeMode eq \'direct\' and !$isAmountzero and !$is_pay_later and !$isOnWaitlist and !$isRequireApproval}\n        <tr>\n         <th {$headerStyle}>\n          {ts}Credit Card Information{/ts}\n         </th>\n        </tr>\n        <tr>\n         <td colspan=\"2\" {$valueStyle}>\n          {$credit_card_type}<br />\n          {$credit_card_number}<br />\n          {ts}Expires{/ts}: {$credit_card_exp_date|truncate:7:\'\'|crmDate}\n         </td>\n        </tr>\n       {/if}\n\n      {/if}\n\n     {/if} {* End of conditional section for Paid events *}\n\n     {if $customPre}\n      <tr>\n       <th {$headerStyle}>\n        {$customPre_grouptitle}\n       </th>\n      </tr>\n      {foreach from=$customPre item=value key=customName}\n       {if ( $trackingFields and ! in_array( $customName, $trackingFields ) ) or ! $trackingFields}\n        <tr>\n         <td {$labelStyle}>\n          {$customName}\n         </td>\n         <td {$valueStyle}>\n          {$value}\n         </td>\n        </tr>\n       {/if}\n      {/foreach}\n     {/if}\n\n     {if $customPost}\n      <tr>\n       <th {$headerStyle}>\n        {$customPost_grouptitle}\n       </th>\n      </tr>\n      {foreach from=$customPost item=value key=customName}\n       {if ( $trackingFields and ! in_array( $customName, $trackingFields ) ) or ! $trackingFields}\n        <tr>\n         <td {$labelStyle}>\n          {$customName}\n         </td>\n         <td {$valueStyle}>\n          {$value}\n         </td>\n        </tr>\n       {/if}\n      {/foreach}\n     {/if}\n\n     {if $customProfile}\n      {foreach from=$customProfile item=value key=customName}\n       <tr>\n        <th {$headerStyle}>\n         {ts 1=$customName+1}Participant Information - Participant %1{/ts}\n        </th>\n       </tr>\n       {foreach from=$value item=val key=field}\n        {if $field eq \'additionalCustomPre\' or $field eq \'additionalCustomPost\'}\n         <tr>\n          <td colspan=\"2\" {$labelStyle}>\n           {if $field eq \'additionalCustomPre\'}\n            {$additionalCustomPre_grouptitle}\n           {else}\n            {$additionalCustomPost_grouptitle}\n           {/if}\n          </td>\n         </tr>\n         {foreach from=$val item=v key=f}\n          <tr>\n           <td {$labelStyle}>\n            {$f}\n           </td>\n           <td {$valueStyle}>\n            {$v}\n           </td>\n          </tr>\n         {/foreach}\n        {/if}\n       {/foreach}\n      {/foreach}\n     {/if}\n\n     {if $customGroup}\n      {foreach from=$customGroup item=value key=customName}\n       <tr>\n        <th {$headerStyle}>\n         {$customName}\n        </th>\n       </tr>\n       {foreach from=$value item=v key=n}\n        <tr>\n         <td {$labelStyle}>\n          {$n}\n         </td>\n         <td {$valueStyle}>\n          {$v}\n         </td>\n        </tr>\n       {/foreach}\n      {/foreach}\n     {/if}\n\n    </table>\n   </td>\n  </tr>\n\n </table>\n</center>\n\n</body>\n</html>\n',1,544,1,0),(18,'Events - Registration Confirmation and Receipt (off-line)','{ts}Event Confirmation{/ts} - {$event.title}\n','{if $event.confirm_email_text AND (not $isOnWaitlist AND not $isRequireApproval)}\n{$event.confirm_email_text}\n{/if}\n\n{if $isOnWaitlist}\n==========================================================={if $pricesetFieldsCount }===================={/if}\n\n{ts}You have been added to the WAIT LIST for this event.{/ts}\n\n{if $isPrimary}\n{ts}If space becomes available you will receive an email with\na link to a web page where you can complete your registration.{/ts}\n\n{/if}\n==========================================================={if $pricesetFieldsCount }===================={/if}\n\n{elseif $isRequireApproval}\n==========================================================={if $pricesetFieldsCount }===================={/if}\n\n{ts}Your registration has been submitted.{/ts}\n\n{if $isPrimary}\n{ts}Once your registration has been reviewed, you will receive\nan email with a link to a web page where you can complete the\nregistration process.{/ts}\n\n{/if}\n==========================================================={if $pricesetFieldsCount }===================={/if}\n\n{elseif $is_pay_later}\n\n==========================================================={if $pricesetFieldsCount }===================={/if}\n\n{$pay_later_receipt}\n==========================================================={if $pricesetFieldsCount }===================={/if}\n\n{else}\n\n{ts}Please print this confirmation for your records.{/ts}\n{/if}\n\n\n==========================================================={if $pricesetFieldsCount }===================={/if}\n\n{ts}Event Information and Location{/ts}\n\n==========================================================={if $pricesetFieldsCount }===================={/if}\n\n{$event.event_title}\n{$event.event_start_date|crmDate}{if $event.event_end_date}-{if $event.event_end_date|date_format:\"%Y%m%d\" == $event.event_start_date|date_format:\"%Y%m%d\"}{$event.event_end_date|crmDate:0:1}{else}{$event.event_end_date|crmDate}{/if}{/if}\n\n{if $event.participant_role neq \'Attendee\' and $defaultRole}\n{ts}Participant Role{/ts}: {$event.participant_role}\n{/if}\n\n{if $isShowLocation}\n{if $location.address.1.name}\n\n{$location.address.1.name}\n{/if}\n{if $location.address.1.street_address}{$location.address.1.street_address}\n{/if}\n{if $location.address.1.supplemental_address_1}{$location.address.1.supplemental_address_1}\n{/if}\n{if $location.address.1.supplemental_address_2}{$location.address.1.supplemental_address_2}\n{/if}\n{if $location.address.1.city}{$location.address.1.city} {$location.address.1.postal_code}{if $location.address.1.postal_code_suffix} - {$location.address.1.postal_code_suffix}{/if}\n{/if}\n\n{/if}{*End of isShowLocation condition*}\n\n{if $location.phone.1.phone || $location.email.1.email}\n\n{ts}Event Contacts:{/ts}\n{foreach from=$location.phone item=phone}\n{if $phone.phone}\n\n{if $phone.phone_type}{$phone.phone_type_display}{else}{ts}Phone{/ts}{/if}: {$phone.phone}{/if}\n{/foreach}\n{foreach from=$location.email item=eventEmail}\n{if $eventEmail.email}\n\n{ts}Email{/ts}: {$eventEmail.email}{/if}{/foreach}\n{/if}\n\n{capture assign=icalFeed}{crmURL p=\'civicrm/event/ical\' q=\"reset=1&id=`$event.id`\" h=0 a=1 fe=1}{/capture}\n{ts}Download iCalendar File:{/ts} {$icalFeed}\n{if $email}\n\n==========================================================={if $pricesetFieldsCount }===================={/if}\n\n{ts}Registered Email{/ts}\n\n==========================================================={if $pricesetFieldsCount }===================={/if}\n\n{$email}\n{/if}\n{if $event.is_monetary} {* This section for Paid events only.*}\n\n==========================================================={if $pricesetFieldsCount }===================={/if}\n\n{$event.fee_label}\n==========================================================={if $pricesetFieldsCount }===================={/if}\n\n{if $lineItem}{foreach from=$lineItem item=value key=priceset}\n\n{if $value neq \'skip\'}\n{if $isPrimary}\n{if $lineItem|@count GT 1} {* Header for multi participant registration cases. *}\n{ts 1=$priceset+1}Participant %1{/ts}\n{/if}\n{/if}\n---------------------------------------------------------{if $pricesetFieldsCount }--------------------{/if}\n\n{capture assign=ts_item}{ts}Item{/ts}{/capture}\n{capture assign=ts_qty}{ts}Qty{/ts}{/capture}\n{capture assign=ts_each}{ts}Each{/ts}{/capture}\n{capture assign=ts_total}{ts}Total{/ts}{/capture}\n{capture assign=ts_participant_total}{if $pricesetFieldsCount }{ts}Total Participants{/ts}{/if}{/capture}\n{$ts_item|string_format:\"%-30s\"} {$ts_qty|string_format:\"%5s\"} {$ts_each|string_format:\"%10s\"} {$ts_total|string_format:\"%10s\"} {$ts_participant_total|string_format:\"%10s\"}\n----------------------------------------------------------{if $pricesetFieldsCount }--------------------{/if}\n\n{foreach from=$value item=line}\n{if $pricesetFieldsCount }{capture assign=ts_participant_count}{$line.participant_count}{/capture}{/if}\n{capture assign=ts_item}{if $line.html_type eq \'Text\'}{$line.label}{else}{$line.field_title} - {$line.label}{/if} {if $line.description} {$line.description}{/if}{/capture}{$ts_item|truncate:30:\"...\"|string_format:\"%-30s\"} {$line.qty|string_format:\"%5s\"} {$line.unit_price|crmMoney|string_format:\"%10s\"} {$line.line_total|crmMoney|string_format:\"%10s\"} {$ts_participant_count|string_format:\"%10s\"}\n{/foreach}\n{/if}\n{/foreach}\n{/if}\n{if $amount && !$lineItem}\n{foreach from=$amount item=amnt key=level}{$amnt.amount|crmMoney} {$amnt.label}\n{/foreach}\n{/if}\n{if $isPrimary }\n\n{ts}Total Amount{/ts}: {$totalAmount|crmMoney} {if $hookDiscount.message}({$hookDiscount.message}){/if}\n\n{if $pricesetFieldsCount }\n      {assign var=\"count\" value= 0}\n      {foreach from=$lineItem item=pcount}\n      {assign var=\"lineItemCount\" value=0}\n      {if $pcount neq \'skip\'}\n        {foreach from=$pcount item=p_count}\n        {assign var=\"lineItemCount\" value=$lineItemCount+$p_count.participant_count}\n        {/foreach}\n        {if $lineItemCount < 1 }\n        {assign var=\"lineItemCount\" value=1}\n        {/if}	\n      {assign var=\"count\" value=$count+$lineItemCount}\n      {/if}\n      {/foreach}\n\n{ts}Total Participants{/ts}: {$count}\n{/if}\n   \n{if $is_pay_later }\n\n==========================================================={if $pricesetFieldsCount }===================={/if}\n\n{$pay_later_receipt}\n==========================================================={if $pricesetFieldsCount }===================={/if}\n\n{/if}\n\n{if $register_date}\n{ts}Registration Date{/ts}: {$register_date|crmDate}\n{/if}\n{if $receive_date}\n{ts}Transaction Date{/ts}: {$receive_date|crmDate}\n{/if}\n{if $contributionTypeName}\n{ts}Contribution Type{/ts}: {$contributionTypeName}\n{/if}\n{if $trxn_id}\n{ts}Transaction #{/ts}: {$trxn_id}\n{/if}\n{if $paidBy}\n{ts}Paid By{/ts}: {$paidBy}\n{/if}\n{if $checkNumber}\n{ts}Check Number{/ts}: {$checkNumber}\n{/if}\n{if $contributeMode ne \'notify\' and !$isAmountzero and !$is_pay_later and !$isOnWaitlist and !$isRequireApproval}\n\n==========================================================={if $pricesetFieldsCount }===================={/if}\n\n{ts}Billing Name and Address{/ts}\n\n==========================================================={if $pricesetFieldsCount }===================={/if}\n\n{$billingName}\n{$address}\n{/if}\n\n{if $contributeMode eq \'direct\' and !$isAmountzero and !$is_pay_later and !$isOnWaitlist and !$isRequireApproval}\n===========================================================\n{ts}Credit Card Information{/ts}\n\n==========================================================={if $pricesetFieldsCount }===================={/if}\n\n{$credit_card_type}\n{$credit_card_number}\n{ts}Expires{/ts}: {$credit_card_exp_date|truncate:7:\'\'|crmDate}\n{/if}\n{/if}\n{/if} {* End of conditional section for Paid events *}\n\n{if $customPre}\n==========================================================={if $pricesetFieldsCount }===================={/if}\n\n{$customPre_grouptitle}\n==========================================================={if $pricesetFieldsCount }===================={/if}\n\n{foreach from=$customPre item=value key=customName}\n{if ( $trackingFields and ! in_array( $customName, $trackingFields ) ) or ! $trackingFields}\n{$customName}: {$value}\n{/if}\n{/foreach}\n{/if}\n\n{if $customPost}\n==========================================================={if $pricesetFieldsCount }===================={/if}\n\n{$customPost_grouptitle}\n==========================================================={if $pricesetFieldsCount }===================={/if}\n\n{foreach from=$customPost item=value key=customName}\n{if ( $trackingFields and ! in_array( $customName, $trackingFields ) ) or ! $trackingFields}\n{$customName}: {$value}\n{/if}\n{/foreach}\n{/if}\n{if $customProfile}\n\n{foreach from=$customProfile item=value key=customName}\n==========================================================={if $pricesetFieldsCount }===================={/if}\n\n{ts 1=$customName+1}Participant Information - Participant %1{/ts}\n\n==========================================================={if $pricesetFieldsCount }===================={/if}\n\n{foreach from=$value item=val key=field}\n{if $field eq \'additionalCustomPre\' or $field eq \'additionalCustomPost\' }\n{if $field eq \'additionalCustomPre\' }\n----------------------------------------------------------{if $pricesetFieldsCount }--------------------{/if}\n\n{$additionalCustomPre_grouptitle}\n----------------------------------------------------------{if $pricesetFieldsCount }--------------------{/if}\n\n{else}\n----------------------------------------------------------{if $pricesetFieldsCount }--------------------{/if}\n\n{$additionalCustomPost_grouptitle}\n----------------------------------------------------------{if $pricesetFieldsCount }--------------------{/if}\n\n{/if}\n{foreach from=$val item=v key=f}\n{$f}: {$v}\n{/foreach}\n{/if}\n{/foreach}\n{/foreach}\n{/if}\n{if $customGroup}\n{foreach from=$customGroup item=value key=customName}\n=========================================================={if $pricesetFieldsCount }===================={/if}\n\n{$customName}\n=========================================================={if $pricesetFieldsCount }===================={/if}\n\n{foreach from=$value item=v key=n}\n{$n}: {$v}\n{/foreach}\n{/foreach}\n{/if}\n\n\n','<!DOCTYPE html PUBLIC \"-//W3C//DTD XHTML 1.0 Transitional//EN\" \"http://www.w3.org/TR/xhtml1/DTD/xhtml1-transitional.dtd\">\n<html xmlns=\"http://www.w3.org/1999/xhtml\">\n<head>\n <meta http-equiv=\"Content-Type\" content=\"text/html; charset=UTF-8\" />\n <title></title>\n</head>\n<body>\n\n{capture assign=headerStyle}colspan=\"2\" style=\"text-align: left; padding: 4px; border-bottom: 1px solid #999; background-color: #eee;\"{/capture}\n{capture assign=labelStyle }style=\"padding: 4px; border-bottom: 1px solid #999; background-color: #f7f7f7;\"{/capture}\n{capture assign=valueStyle }style=\"padding: 4px; border-bottom: 1px solid #999;\"{/capture}\n\n<center>\n <table width=\"620\" border=\"0\" cellpadding=\"0\" cellspacing=\"0\" id=\"crm-event_receipt\" style=\"font-family: Arial, Verdana, sans-serif; text-align: left;\">\n\n  <!-- BEGIN HEADER -->\n  <!-- You can add table row(s) here with logo or other header elements -->\n  <!-- END HEADER -->\n\n  <!-- BEGIN CONTENT -->\n\n  <tr>\n   <td>\n\n    {if $event.confirm_email_text AND (not $isOnWaitlist AND not $isRequireApproval)}\n     <p>{$event.confirm_email_text|htmlize}</p>\n    {/if}\n\n    {if $isOnWaitlist}\n     <p>{ts}You have been added to the WAIT LIST for this event.{/ts}</p>\n     {if $isPrimary}\n       <p>{ts}If space becomes available you will receive an email with\na link to a web page where you can complete your registration.{/ts}</p>\n     {/if}\n    {elseif $isRequireApproval}\n     <p>{ts}Your registration has been submitted.{/ts}</p>\n     {if $isPrimary}\n      <p>{ts}Once your registration has been reviewed, you will receive\nan email with a link to a web page where you can complete the\nregistration process.{/ts}</p>\n     {/if}\n    {elseif $is_pay_later}\n     <p>{$pay_later_receipt}</p> {* FIXME: this might be text rather than HTML *}\n    {else}\n     <p>{ts}Please print this confirmation for your records.{/ts}</p>\n    {/if}\n\n   </td>\n  </tr>\n  <tr>\n   <td>\n    <table style=\"border: 1px solid #999; margin: 1em 0em 1em; border-collapse: collapse; width:100%;\">\n     <tr>\n      <th {$headerStyle}>\n       {ts}Event Information and Location{/ts}\n      </th>\n     </tr>\n     <tr>\n      <td colspan=\"2\" {$valueStyle}>\n       {$event.event_title}<br />\n       {$event.event_start_date|crmDate}{if $event.event_end_date}-{if $event.event_end_date|date_format:\"%Y%m%d\" == $event.event_start_date|date_format:\"%Y%m%d\"}{$event.event_end_date|crmDate:0:1}{else}{$event.event_end_date|crmDate}{/if}{/if}\n      </td>\n     </tr>\n\n     {if $event.participant_role neq \'Attendee\' and $defaultRole}\n      <tr>\n       <td {$labelStyle}>\n        {ts}Participant Role{/ts}\n       </td>\n       <td {$valueStyle}>\n        {$event.participant_role}\n       </td>\n      </tr>\n     {/if}\n\n     {if $isShowLocation}\n      <tr>\n       <td colspan=\"2\" {$valueStyle}>\n        {if $location.address.1.name}\n         {$location.address.1.name}<br />\n        {/if}\n        {if $location.address.1.street_address}\n         {$location.address.1.street_address}<br />\n        {/if}\n        {if $location.address.1.supplemental_address_1}\n         {$location.address.1.supplemental_address_1}<br />\n        {/if}\n        {if $location.address.1.supplemental_address_2}\n         {$location.address.1.supplemental_address_2}<br />\n        {/if}\n        {if $location.address.1.city}\n         {$location.address.1.city} {$location.address.1.postal_code}{if $location.address.1.postal_code_suffix} - {$location.address.1.postal_code_suffix}{/if}<br />\n        {/if}\n       </td>\n      </tr>\n     {/if}\n\n     {if $location.phone.1.phone || $location.email.1.email}\n      <tr>\n       <td colspan=\"2\" {$labelStyle}>\n        {ts}Event Contacts:{/ts}\n       </td>\n      </tr>\n      {foreach from=$location.phone item=phone}\n       {if $phone.phone}\n        <tr>\n         <td {$labelStyle}>\n          {if $phone.phone_type}\n           {$phone.phone_type_display}\n          {else}\n           {ts}Phone{/ts}\n          {/if}\n         </td>\n         <td {$valueStyle}>\n          {$phone.phone}\n         </td>\n        </tr>\n       {/if}\n      {/foreach}\n      {foreach from=$location.email item=eventEmail}\n       {if $eventEmail.email}\n        <tr>\n         <td {$labelStyle}>\n          {ts}Email{/ts}\n         </td>\n         <td {$valueStyle}>\n          {$eventEmail.email}\n         </td>\n        </tr>\n       {/if}\n      {/foreach}\n     {/if}\n     <tr>\n      <td colspan=\"2\" {$valueStyle}>\n       {capture assign=icalFeed}{crmURL p=\'civicrm/event/ical\' q=\"reset=1&id=`$event.id`\" h=0 a=1 fe=1}{/capture}\n       <a href=\"{$icalFeed}\">{ts}Download iCalendar File{/ts}</a>\n      </td>\n     </tr>\n     {if $email}\n      <tr>\n       <th {$headerStyle}>\n        {ts}Registered Email{/ts}\n       </th>\n      </tr>\n      <tr>\n       <td colspan=\"2\" {$valueStyle}>\n        {$email}\n       </td>\n      </tr>\n     {/if}\n\n\n     {if $event.is_monetary}\n\n      <tr>\n       <th {$headerStyle}>\n        {$event.fee_label}\n       </th>\n      </tr>\n\n      {if $lineItem}\n       {foreach from=$lineItem item=value key=priceset}\n        {if $value neq \'skip\'}\n         {if $isPrimary}\n          {if $lineItem|@count GT 1} {* Header for multi participant registration cases. *}\n           <tr>\n            <td colspan=\"2\" {$labelStyle}>\n             {ts 1=$priceset+1}Participant %1{/ts}\n            </td>\n           </tr>\n          {/if}\n         {/if}\n         <tr>\n          <td colspan=\"2\" {$valueStyle}>\n           <table> {* FIXME: style this table so that it looks like the text version (justification, etc.) *}\n            <tr>\n             <th>{ts}Item{/ts}</th>\n             <th>{ts}Qty{/ts}</th>\n             <th>{ts}Each{/ts}</th>\n             <th>{ts}Total{/ts}</th>\n	     {if $pricesetFieldsCount }<th>{ts}Total Participants{/ts}</th>{/if}\n            </tr>\n            {foreach from=$value item=line}\n             <tr>\n              <td>\n	      {if $line.html_type eq \'Text\'}{$line.label}{else}{$line.field_title} - {$line.label}{/if} {if $line.description}<div>{$line.description|truncate:30:\"...\"}</div>{/if}	\n              </td>\n              <td>\n               {$line.qty}\n              </td>\n              <td>\n               {$line.unit_price|crmMoney}\n              </td>\n              <td>\n               {$line.line_total|crmMoney}\n              </td>\n	      {if  $pricesetFieldsCount }\n	      <td>\n		{$line.participant_count}\n              </td>\n	      {/if}\n             </tr>\n            {/foreach}\n           </table>\n          </td>\n         </tr>\n        {/if}\n       {/foreach}\n      {/if}\n\n      {if $amount && !$lineItem}\n       {foreach from=$amount item=amnt key=level}\n        <tr>\n         <td colspan=\"2\" {$valueStyle}>\n          {$amnt.amount|crmMoney} {$amnt.label}\n         </td>\n        </tr>\n       {/foreach}\n      {/if}\n\n      {if $isPrimary}\n       <tr>\n        <td {$labelStyle}>\n         {ts}Total Amount{/ts}\n        </td>\n        <td {$valueStyle}>\n         {$totalAmount|crmMoney} {if $hookDiscount.message}({$hookDiscount.message}){/if}\n        </td>\n       </tr>\n       {if $pricesetFieldsCount }\n     <tr>\n       <td {$labelStyle}> \n	 {ts}Total Participants{/ts}</td>   \n       <td {$valueStyle}>\n	 {assign var=\"count\" value= 0}\n         {foreach from=$lineItem item=pcount}\n         {assign var=\"lineItemCount\" value=0}\n         {if $pcount neq \'skip\'}\n           {foreach from=$pcount item=p_count}\n           {assign var=\"lineItemCount\" value=$lineItemCount+$p_count.participant_count}\n           {/foreach}\n           {if $lineItemCount < 1 }\n           assign var=\"lineItemCount\" value=1}\n           {/if}	\n           {assign var=\"count\" value=$count+$lineItemCount}\n         {/if}\n         {/foreach}\n	 {$count}\n       </td>\n     </tr>\n     {/if}\n       {if $is_pay_later}\n        <tr>\n         <td colspan=\"2\" {$labelStyle}>\n          {$pay_later_receipt}\n         </td>\n        </tr>\n       {/if}\n\n       {if $register_date}\n        <tr>\n         <td {$labelStyle}>\n          {ts}Registration Date{/ts}\n         </td>\n         <td {$valueStyle}>\n          {$register_date|crmDate}\n         </td>\n        </tr>\n       {/if}\n\n       {if $receive_date}\n        <tr>\n         <td {$labelStyle}>\n          {ts}Transaction Date{/ts}\n         </td>\n         <td {$valueStyle}>\n          {$receive_date|crmDate}\n         </td>\n        </tr>\n       {/if}\n\n       {if $contributionTypeName}\n        <tr>\n         <td {$labelStyle}>\n          {ts}Contribution Type{/ts}\n         </td>\n         <td {$valueStyle}>\n          {$contributionTypeName}\n         </td>\n        </tr>\n       {/if}\n\n       {if $trxn_id}\n        <tr>\n         <td {$labelStyle}>\n          {ts}Transaction #{/ts}\n         </td>\n         <td {$valueStyle}>\n          {$trxn_id}\n         </td>\n        </tr>\n       {/if}\n\n       {if $paidBy}\n        <tr>\n         <td {$labelStyle}>\n          {ts}Paid By{/ts}\n         </td>\n         <td {$valueStyle}>\n         {$paidBy}\n         </td>\n        </tr>\n       {/if}\n\n       {if $checkNumber}\n        <tr>\n         <td {$labelStyle}>\n          {ts}Check Number{/ts}\n         </td>\n         <td {$valueStyle}>\n          {$checkNumber}\n         </td>\n        </tr>\n       {/if}\n\n       {if $contributeMode ne \'notify\' and !$isAmountzero and !$is_pay_later and !$isOnWaitlist and !$isRequireApproval}\n        <tr>\n         <th {$headerStyle}>\n          {ts}Billing Name and Address{/ts}\n         </th>\n        </tr>\n        <tr>\n         <td colspan=\"2\" {$valueStyle}>\n          {$billingName}<br />\n          {$address|nl2br}\n         </td>\n        </tr>\n       {/if}\n\n       {if $contributeMode eq \'direct\' and !$isAmountzero and !$is_pay_later and !$isOnWaitlist and !$isRequireApproval}\n        <tr>\n         <th {$headerStyle}>\n          {ts}Credit Card Information{/ts}\n         </th>\n        </tr>\n        <tr>\n         <td colspan=\"2\" {$valueStyle}>\n          {$credit_card_type}<br />\n          {$credit_card_number}<br />\n          {ts}Expires{/ts}: {$credit_card_exp_date|truncate:7:\'\'|crmDate}\n         </td>\n        </tr>\n       {/if}\n\n      {/if}\n\n     {/if} {* End of conditional section for Paid events *}\n\n     {if $customPre}\n      <tr>\n       <th {$headerStyle}>\n        {$customPre_grouptitle}\n       </th>\n      </tr>\n      {foreach from=$customPre item=value key=customName}\n       {if ( $trackingFields and ! in_array( $customName, $trackingFields ) ) or ! $trackingFields}\n        <tr>\n         <td {$labelStyle}>\n          {$customName}\n         </td>\n         <td {$valueStyle}>\n          {$value}\n         </td>\n        </tr>\n       {/if}\n      {/foreach}\n     {/if}\n\n     {if $customPost}\n      <tr>\n       <th {$headerStyle}>\n        {$customPost_grouptitle}\n       </th>\n      </tr>\n      {foreach from=$customPost item=value key=customName}\n       {if ( $trackingFields and ! in_array( $customName, $trackingFields ) ) or ! $trackingFields}\n        <tr>\n         <td {$labelStyle}>\n          {$customName}\n         </td>\n         <td {$valueStyle}>\n          {$value}\n         </td>\n        </tr>\n       {/if}\n      {/foreach}\n     {/if}\n\n     {if $customProfile}\n      {foreach from=$customProfile item=value key=customName}\n       <tr>\n        <th {$headerStyle}>\n         {ts 1=$customName+1}Participant Information - Participant %1{/ts}\n        </th>\n       </tr>\n       {foreach from=$value item=val key=field}\n        {if $field eq \'additionalCustomPre\' or $field eq \'additionalCustomPost\'}\n         <tr>\n          <td colspan=\"2\" {$labelStyle}>\n           {if $field eq \'additionalCustomPre\'}\n            {$additionalCustomPre_grouptitle}\n           {else}\n            {$additionalCustomPost_grouptitle}\n           {/if}\n          </td>\n         </tr>\n         {foreach from=$val item=v key=f}\n          <tr>\n           <td {$labelStyle}>\n            {$f}\n           </td>\n           <td {$valueStyle}>\n            {$v}\n           </td>\n          </tr>\n         {/foreach}\n        {/if}\n       {/foreach}\n      {/foreach}\n     {/if}\n\n     {if $customGroup}\n      {foreach from=$customGroup item=value key=customName}\n       <tr>\n        <th {$headerStyle}>\n         {$customName}\n        </th>\n       </tr>\n       {foreach from=$value item=v key=n}\n        <tr>\n         <td {$labelStyle}>\n          {$n}\n         </td>\n         <td {$valueStyle}>\n          {$v}\n         </td>\n        </tr>\n       {/foreach}\n      {/foreach}\n     {/if}\n\n    </table>\n   </td>\n  </tr>\n\n </table>\n</center>\n\n</body>\n</html>\n',1,544,0,1),(19,'Events - Registration Confirmation and Receipt (on-line)','{if $isOnWaitlist}{ts}Wait List Confirmation{/ts}{else}{ts}Registration Confirmation{/ts}{/if} - {$title}\n','{if $event.confirm_email_text AND (not $isOnWaitlist AND not $isRequireApproval)}\n{$event.confirm_email_text}\n{/if}\n\n{if $isOnWaitlist}\n==========================================================={if $pricesetFieldsCount }===================={/if}\n\n{ts}You have been added to the WAIT LIST for this event.{/ts}\n\n{if $isPrimary}\n{ts}If space becomes available you will receive an email with\na link to a web page where you can complete your registration.{/ts}\n{/if}\n==========================================================={if $pricesetFieldsCount }===================={/if}\n\n{elseif $isRequireApproval}\n==========================================================={if $pricesetFieldsCount }===================={/if}\n\n{ts}Your registration has been submitted.{/ts}\n\n{if $isPrimary}\n{ts}Once your registration has been reviewed, you will receive\nan email with a link to a web page where you can complete the\nregistration process.{/ts}\n\n{/if}\n==========================================================={if $pricesetFieldsCount }===================={/if}\n\n{elseif $is_pay_later}\n\n==========================================================={if $pricesetFieldsCount }===================={/if}\n\n{$pay_later_receipt}\n==========================================================={if $pricesetFieldsCount }===================={/if}\n\n{else}\n\n{ts}Please print this confirmation for your records.{/ts}\n{/if}\n\n\n==========================================================={if $pricesetFieldsCount }===================={/if}\n\n{ts}Event Information and Location{/ts}\n\n==========================================================={if $pricesetFieldsCount }===================={/if}\n\n{$event.event_title}\n{$event.event_start_date|crmDate}{if $event.event_end_date}-{if $event.event_end_date|date_format:\"%Y%m%d\" == $event.event_start_date|date_format:\"%Y%m%d\"}{$event.event_end_date|crmDate:0:1}{else}{$event.event_end_date|crmDate}{/if}{/if}\n\n{if $event.participant_role neq \'Attendee\' and $defaultRole}\n{ts}Participant Role{/ts}: {$event.participant_role}\n{/if}\n\n{if $isShowLocation}\n{if $location.address.1.name}\n\n{$location.address.1.name}\n{/if}\n{if $location.address.1.street_address}{$location.address.1.street_address}\n{/if}\n{if $location.address.1.supplemental_address_1}{$location.address.1.supplemental_address_1}\n{/if}\n{if $location.address.1.supplemental_address_2}{$location.address.1.supplemental_address_2}\n{/if}\n{if $location.address.1.city}{$location.address.1.city} {$location.address.1.postal_code}{if $location.address.1.postal_code_suffix} - {$location.address.1.postal_code_suffix}{/if}\n{/if}\n\n{/if}{*End of isShowLocation condition*}\n\n{if $location.phone.1.phone || $location.email.1.email}\n\n{ts}Event Contacts:{/ts}\n{foreach from=$location.phone item=phone}\n{if $phone.phone}\n\n{if $phone.phone_type}{$phone.phone_type_display}{else}{ts}Phone{/ts}{/if}: {$phone.phone}{/if}\n{/foreach}\n{foreach from=$location.email item=eventEmail}\n{if $eventEmail.email}\n\n{ts}Email{/ts}: {$eventEmail.email}{/if}{/foreach}\n{/if}\n\n{capture assign=icalFeed}{crmURL p=\'civicrm/event/ical\' q=\"reset=1&id=`$event.id`\" h=0 a=1 fe=1}{/capture}\n{ts}Download iCalendar File:{/ts} {$icalFeed}\n{if $email}\n\n==========================================================={if $pricesetFieldsCount }===================={/if}\n\n{ts}Registered Email{/ts}\n\n==========================================================={if $pricesetFieldsCount }===================={/if}\n\n{$email}\n{/if}\n{if $event.is_monetary} {* This section for Paid events only.*}\n\n==========================================================={if $pricesetFieldsCount }===================={/if}\n\n{$event.fee_label}\n==========================================================={if $pricesetFieldsCount }===================={/if}\n\n{if $lineItem}{foreach from=$lineItem item=value key=priceset}\n\n{if $value neq \'skip\'}\n{if $isPrimary}\n{if $lineItem|@count GT 1} {* Header for multi participant registration cases. *}\n{ts 1=$priceset+1}Participant %1{/ts} {$part.$priceset.info}\n\n{/if}\n{/if}\n-----------------------------------------------------------{if $pricesetFieldsCount }--------------------{/if}\n\n{capture assign=ts_item}{ts}Item{/ts}{/capture}\n{capture assign=ts_qty}{ts}Qty{/ts}{/capture}\n{capture assign=ts_each}{ts}Each{/ts}{/capture}\n{capture assign=ts_total}{ts}Total{/ts}{/capture}\n{if $pricesetFieldsCount }{capture assign=ts_participant_total}{ts}Total Participants{/ts}{/capture}{/if}\n{$ts_item|string_format:\"%-30s\"} {$ts_qty|string_format:\"%5s\"} {$ts_each|string_format:\"%10s\"} {$ts_total|string_format:\"%10s\"} {$ts_participant_total|string_format:\"%10s\"}\n-----------------------------------------------------------{if $pricesetFieldsCount }--------------------{/if}\n\n{foreach from=$value item=line}\n{if $pricesetFieldsCount }{capture assign=ts_participant_count}{$line.participant_count}{/capture}{/if}\n{capture assign=ts_item}{if $line.html_type eq \'Text\'}{$line.label}{else}{$line.field_title} - {$line.label}{/if} {if $line.description} {$line.description}{/if}{/capture}{$ts_item|truncate:30:\"...\"|string_format:\"%-30s\"} {$line.qty|string_format:\"%5s\"} {$line.unit_price|crmMoney|string_format:\"%10s\"} {$line.line_total|crmMoney|string_format:\"%10s\"}{$ts_participant_count|string_format:\"%10s\"}\n{/foreach}\n{/if}\n{/foreach}\n{/if}\n{if $amount && !$lineItem}\n{foreach from=$amount item=amnt key=level}{$amnt.amount|crmMoney} {$amnt.label}\n{/foreach}\n{/if}\n{if $isPrimary }\n\n{ts}Total Amount{/ts}: {$totalAmount|crmMoney} {if $hookDiscount.message}({$hookDiscount.message}){/if}\n\n{if $pricesetFieldsCount }\n      {assign var=\"count\" value= 0}\n      {foreach from=$lineItem item=pcount}\n      {assign var=\"lineItemCount\" value=0}\n      {if $pcount neq \'skip\'}\n        {foreach from=$pcount item=p_count}\n        {assign var=\"lineItemCount\" value=$lineItemCount+$p_count.participant_count}\n        {/foreach}\n      {if $lineItemCount < 1 }\n        {assign var=\"lineItemCount\" value=1}\n      {/if}	\n      {assign var=\"count\" value=$count+$lineItemCount}\n      {/if}\n      {/foreach}\n\n{ts}Total Participants{/ts}: {$count}\n{/if}\n  \n{if $is_pay_later }\n\n==========================================================={if $pricesetFieldsCount }===================={/if}\n\n{$pay_later_receipt}\n==========================================================={if $pricesetFieldsCount }===================={/if}\n\n{/if}\n\n{if $register_date}\n{ts}Registration Date{/ts}: {$register_date|crmDate}\n{/if}\n{if $receive_date}\n{ts}Transaction Date{/ts}: {$receive_date|crmDate}\n{/if}\n{if $contributionTypeName}\n{ts}Contribution Type{/ts}: {$contributionTypeName}\n{/if}\n{if $trxn_id}\n{ts}Transaction #{/ts}: {$trxn_id}\n{/if}\n{if $paidBy}\n{ts}Paid By{/ts}: {$paidBy}\n{/if}\n{if $checkNumber}\n{ts}Check Number{/ts}: {$checkNumber}\n{/if}\n{if $contributeMode ne \'notify\' and !$isAmountzero and !$is_pay_later and !$isOnWaitlist and !$isRequireApproval}\n\n==========================================================={if $pricesetFieldsCount }===================={/if}\n\n{ts}Billing Name and Address{/ts}\n\n==========================================================={if $pricesetFieldsCount }===================={/if}\n\n{$billingName}\n{$address}\n{/if}\n\n{if $contributeMode eq \'direct\' and !$isAmountzero and !$is_pay_later and !$isOnWaitlist and !$isRequireApproval}\n==========================================================={if $pricesetFieldsCount }===================={/if}\n\n{ts}Credit Card Information{/ts}\n\n==========================================================={if $pricesetFieldsCount }===================={/if}\n\n{$credit_card_type}\n{$credit_card_number}\n{ts}Expires{/ts}: {$credit_card_exp_date|truncate:7:\'\'|crmDate}\n{/if}\n{/if}\n{/if} {* End of conditional section for Paid events *}\n\n{if $customPre}\n==========================================================={if $pricesetFieldsCount }===================={/if}\n\n{$customPre_grouptitle}\n==========================================================={if $pricesetFieldsCount }===================={/if}\n\n{foreach from=$customPre item=value key=customName}\n{if ( $trackingFields and ! in_array( $customName, $trackingFields ) ) or ! $trackingFields}\n{$customName}: {$value}\n{/if}\n{/foreach}\n{/if}\n\n{if $customPost}\n==========================================================={if $pricesetFieldsCount }===================={/if}\n\n{$customPost_grouptitle}\n==========================================================={if $pricesetFieldsCount }===================={/if}\n\n{foreach from=$customPost item=value key=customName}\n{if ( $trackingFields and ! in_array( $customName, $trackingFields ) ) or ! $trackingFields}\n{$customName}: {$value}\n{/if}\n{/foreach}\n{/if}\n{if $customProfile}\n\n{foreach from=$customProfile item=value key=customName}\n==========================================================={if $pricesetFieldsCount }===================={/if}\n\n{ts 1=$customName+1}Participant Information - Participant %1{/ts}\n\n==========================================================={if $pricesetFieldsCount }===================={/if}\n\n{foreach from=$value item=val key=field}\n{if $field eq \'additionalCustomPre\' or $field eq \'additionalCustomPost\' }\n{if $field eq \'additionalCustomPre\' }\n----------------------------------------------------------{if $pricesetFieldsCount }--------------------{/if}\n\n{$additionalCustomPre_grouptitle}\n----------------------------------------------------------{if $pricesetFieldsCount }--------------------{/if}\n\n{else}\n----------------------------------------------------------{if $pricesetFieldsCount }--------------------{/if}\n\n{$additionalCustomPost_grouptitle}\n----------------------------------------------------------{if $pricesetFieldsCount }--------------------{/if}\n\n{/if}\n{foreach from=$val item=v key=f}\n{$f}: {$v}\n{/foreach}\n{/if}\n{/foreach}\n{/foreach}\n{/if}\n{if $customGroup}\n{foreach from=$customGroup item=value key=customName}\n=========================================================={if $pricesetFieldsCount }===================={/if}\n\n{$customName}\n=========================================================={if $pricesetFieldsCount }===================={/if}\n\n{foreach from=$value item=v key=n}\n{$n}: {$v}\n{/foreach}\n{/foreach}\n{/if}\n','<!DOCTYPE html PUBLIC \"-//W3C//DTD XHTML 1.0 Transitional//EN\" \"http://www.w3.org/TR/xhtml1/DTD/xhtml1-transitional.dtd\">\n<html xmlns=\"http://www.w3.org/1999/xhtml\">\n<head>\n <meta http-equiv=\"Content-Type\" content=\"text/html; charset=UTF-8\" />\n <title></title>\n</head>\n<body>\n\n{capture assign=headerStyle}colspan=\"2\" style=\"text-align: left; padding: 4px; border-bottom: 1px solid #999; background-color: #eee;\"{/capture}\n{capture assign=labelStyle }style=\"padding: 4px; border-bottom: 1px solid #999; background-color: #f7f7f7;\"{/capture}\n{capture assign=valueStyle }style=\"padding: 4px; border-bottom: 1px solid #999;\"{/capture}\n\n<center>\n <table width=\"620\" border=\"0\" cellpadding=\"0\" cellspacing=\"0\" id=\"crm-event_receipt\" style=\"font-family: Arial, Verdana, sans-serif; text-align: left;\">\n\n  <!-- BEGIN HEADER -->\n  <!-- You can add table row(s) here with logo or other header elements -->\n  <!-- END HEADER -->\n\n  <!-- BEGIN CONTENT -->\n\n  <tr>\n   <td>\n\n    {if $event.confirm_email_text AND (not $isOnWaitlist AND not $isRequireApproval)}\n     <p>{$event.confirm_email_text|htmlize}</p>\n    {/if}\n\n    {if $isOnWaitlist}\n     <p>{ts}You have been added to the WAIT LIST for this event.{/ts}</p>\n     {if $isPrimary}\n       <p>{ts}If space becomes available you will receive an email with\na link to a web page where you can complete your registration.{/ts}</p>\n     {/if}\n    {elseif $isRequireApproval}\n     <p>{ts}Your registration has been submitted.{/ts}</p>\n     {if $isPrimary}\n      <p>{ts}Once your registration has been reviewed, you will receive\nan email with a link to a web page where you can complete the\nregistration process.{/ts}</p>\n     {/if}\n    {elseif $is_pay_later}\n     <p>{$pay_later_receipt}</p> {* FIXME: this might be text rather than HTML *}\n    {else}\n     <p>{ts}Please print this confirmation for your records.{/ts}</p>\n    {/if}\n\n   </td>\n  </tr>\n  <tr>\n   <td>\n    <table style=\"border: 1px solid #999; margin: 1em 0em 1em; border-collapse: collapse; width:100%;\">\n     <tr>\n      <th {$headerStyle}>\n       {ts}Event Information and Location{/ts}\n      </th>\n     </tr>\n     <tr>\n      <td colspan=\"2\" {$valueStyle}>\n       {$event.event_title}<br />\n       {$event.event_start_date|crmDate}{if $event.event_end_date}-{if $event.event_end_date|date_format:\"%Y%m%d\" == $event.event_start_date|date_format:\"%Y%m%d\"}{$event.event_end_date|crmDate:0:1}{else}{$event.event_end_date|crmDate}{/if}{/if}\n      </td>\n     </tr>\n\n     {if $event.participant_role neq \'Attendee\' and $defaultRole}\n      <tr>\n       <td {$labelStyle}>\n        {ts}Participant Role{/ts}\n       </td>\n       <td {$valueStyle}>\n        {$event.participant_role}\n       </td>\n      </tr>\n     {/if}\n\n     {if $isShowLocation}\n      <tr>\n       <td colspan=\"2\" {$valueStyle}>\n        {if $location.address.1.name}\n         {$location.address.1.name}<br />\n        {/if}\n        {if $location.address.1.street_address}\n         {$location.address.1.street_address}<br />\n        {/if}\n        {if $location.address.1.supplemental_address_1}\n         {$location.address.1.supplemental_address_1}<br />\n        {/if}\n        {if $location.address.1.supplemental_address_2}\n         {$location.address.1.supplemental_address_2}<br />\n        {/if}\n        {if $location.address.1.city}\n         {$location.address.1.city} {$location.address.1.postal_code}{if $location.address.1.postal_code_suffix} - {$location.address.1.postal_code_suffix}{/if}<br />\n        {/if}\n       </td>\n      </tr>\n     {/if}\n\n     {if $location.phone.1.phone || $location.email.1.email}\n      <tr>\n       <td colspan=\"2\" {$labelStyle}>\n        {ts}Event Contacts:{/ts}\n       </td>\n      </tr>\n      {foreach from=$location.phone item=phone}\n       {if $phone.phone}\n        <tr>\n         <td {$labelStyle}>\n          {if $phone.phone_type}\n           {$phone.phone_type_display}\n          {else}\n           {ts}Phone{/ts}\n          {/if}\n         </td>\n         <td {$valueStyle}>\n          {$phone.phone}\n         </td>\n        </tr>\n       {/if}\n      {/foreach}\n      {foreach from=$location.email item=eventEmail}\n       {if $eventEmail.email}\n        <tr>\n         <td {$labelStyle}>\n          {ts}Email{/ts}\n         </td>\n         <td {$valueStyle}>\n          {$eventEmail.email}\n         </td>\n        </tr>\n       {/if}\n      {/foreach}\n     {/if}\n     <tr>\n      <td colspan=\"2\" {$valueStyle}>\n       {capture assign=icalFeed}{crmURL p=\'civicrm/event/ical\' q=\"reset=1&id=`$event.id`\" h=0 a=1 fe=1}{/capture}\n       <a href=\"{$icalFeed}\">{ts}Download iCalendar File{/ts}</a>\n      </td>\n     </tr>\n     {if $email}\n      <tr>\n       <th {$headerStyle}>\n        {ts}Registered Email{/ts}\n       </th>\n      </tr>\n      <tr>\n       <td colspan=\"2\" {$valueStyle}>\n        {$email}\n       </td>\n      </tr>\n     {/if}\n\n\n     {if $event.is_monetary}\n\n      <tr>\n       <th {$headerStyle}>\n        {$event.fee_label}\n       </th>\n      </tr>\n\n      {if $lineItem}\n       {foreach from=$lineItem item=value key=priceset}\n        {if $value neq \'skip\'}\n         {if $isPrimary}\n          {if $lineItem|@count GT 1} {* Header for multi participant registration cases. *}\n           <tr>\n            <td colspan=\"2\" {$labelStyle}>\n             {ts 1=$priceset+1}Participant %1{/ts} {$part.$priceset.info}\n            </td>\n           </tr>\n          {/if}\n         {/if}\n         <tr>\n          <td colspan=\"2\" {$valueStyle}>\n           <table> {* FIXME: style this table so that it looks like the text version (justification, etc.) *}\n            <tr>\n             <th>{ts}Item{/ts}</th>\n             <th>{ts}Qty{/ts}</th>\n             <th>{ts}Each{/ts}</th>\n             <th>{ts}Total{/ts}</th>\n	     {if  $pricesetFieldsCount }<th>{ts}Total Participants{/ts}</th>{/if}\n            </tr>\n            {foreach from=$value item=line}\n             <tr>\n              <td>\n              {if $line.html_type eq \'Text\'}{$line.label}{else}{$line.field_title} - {$line.label}{/if} {if $line.description}<div>{$line.description|truncate:30:\"...\"}</div>{/if}\n              </td>\n              <td>\n               {$line.qty}\n              </td>\n              <td>\n               {$line.unit_price|crmMoney}\n              </td>\n              <td>\n               {$line.line_total|crmMoney}\n              </td>\n	      {if $pricesetFieldsCount }<td>{$line.participant_count}</td> {/if}\n             </tr>\n            {/foreach}\n           </table>\n          </td>\n         </tr>\n        {/if}\n       {/foreach}\n      {/if}\n\n      {if $amount && !$lineItem}\n       {foreach from=$amount item=amnt key=level}\n        <tr>\n         <td colspan=\"2\" {$valueStyle}>\n          {$amnt.amount|crmMoney} {$amnt.label}\n         </td>\n        </tr>\n       {/foreach}\n      {/if}\n\n      {if $isPrimary}\n       <tr>\n        <td {$labelStyle}>\n         {ts}Total Amount{/ts}\n        </td>  \n        <td {$valueStyle}>\n         {$totalAmount|crmMoney} {if $hookDiscount.message}({$hookDiscount.message}){/if}\n        </td>\n       </tr>\n       {if $pricesetFieldsCount }\n     <tr>\n       <td {$labelStyle}> \n      {ts}Total Participants{/ts}</td>   \n      <td {$valueStyle}>\n      {assign var=\"count\" value= 0}	 \n      {foreach from=$lineItem item=pcount}\n      {assign var=\"lineItemCount\" value=0}\n      {if $pcount neq \'skip\'}\n        {foreach from=$pcount item=p_count}\n        {assign var=\"lineItemCount\" value=$lineItemCount+$p_count.participant_count}\n        {/foreach}\n      {if $lineItemCount < 1 }\n        {assign var=\"lineItemCount\" value=1}\n      {/if}	\n      {assign var=\"count\" value=$count+$lineItemCount}\n      {/if}\n      {/foreach}\n     {$count}\n     </td> </tr>\n      {/if}\n       {if $is_pay_later}\n        <tr>\n         <td colspan=\"2\" {$labelStyle}>\n          {$pay_later_receipt}\n         </td>\n        </tr>\n       {/if}\n\n       {if $register_date}\n        <tr>\n         <td {$labelStyle}>\n          {ts}Registration Date{/ts}\n         </td>\n         <td {$valueStyle}>\n          {$register_date|crmDate}\n         </td>\n        </tr>\n       {/if}\n\n       {if $receive_date}\n        <tr>\n         <td {$labelStyle}>\n          {ts}Transaction Date{/ts}\n         </td>\n         <td {$valueStyle}>\n          {$receive_date|crmDate}\n         </td>\n        </tr>\n       {/if}\n\n       {if $contributionTypeName}\n        <tr>\n         <td {$labelStyle}>\n          {ts}Contribution Type{/ts}\n         </td>\n         <td {$valueStyle}>\n          {$contributionTypeName}\n         </td>\n        </tr>\n       {/if}\n\n       {if $trxn_id}\n        <tr>\n         <td {$labelStyle}>\n          {ts}Transaction #{/ts}\n         </td>\n         <td {$valueStyle}>\n          {$trxn_id}\n         </td>\n        </tr>\n       {/if}\n\n       {if $paidBy}\n        <tr>\n         <td {$labelStyle}>\n          {ts}Paid By{/ts}\n         </td>\n         <td {$valueStyle}>\n         {$paidBy}\n         </td>\n        </tr>\n       {/if}\n\n       {if $checkNumber}\n        <tr>\n         <td {$labelStyle}>\n          {ts}Check Number{/ts}\n         </td>\n         <td {$valueStyle}>\n          {$checkNumber}\n         </td>\n        </tr>\n       {/if}\n\n       {if $contributeMode ne \'notify\' and !$isAmountzero and !$is_pay_later and !$isOnWaitlist and !$isRequireApproval}\n        <tr>\n         <th {$headerStyle}>\n          {ts}Billing Name and Address{/ts}\n         </th>\n        </tr>\n        <tr>\n         <td colspan=\"2\" {$valueStyle}>\n          {$billingName}<br />\n          {$address|nl2br}\n         </td>\n        </tr>\n       {/if}\n\n       {if $contributeMode eq \'direct\' and !$isAmountzero and !$is_pay_later and !$isOnWaitlist and !$isRequireApproval}\n        <tr>\n         <th {$headerStyle}>\n          {ts}Credit Card Information{/ts}\n         </th>\n        </tr>\n        <tr>\n         <td colspan=\"2\" {$valueStyle}>\n          {$credit_card_type}<br />\n          {$credit_card_number}<br />\n          {ts}Expires{/ts}: {$credit_card_exp_date|truncate:7:\'\'|crmDate}\n         </td>\n        </tr>\n       {/if}\n\n      {/if}\n\n     {/if} {* End of conditional section for Paid events *}\n\n     {if $customPre}\n      <tr>\n       <th {$headerStyle}>\n        {$customPre_grouptitle}\n       </th>\n      </tr>\n      {foreach from=$customPre item=value key=customName}\n       {if ( $trackingFields and ! in_array( $customName, $trackingFields ) ) or ! $trackingFields}\n        <tr>\n         <td {$labelStyle}>\n          {$customName}\n         </td>\n         <td {$valueStyle}>\n          {$value}\n         </td>\n        </tr>\n       {/if}\n      {/foreach}\n     {/if}\n\n     {if $customPost}\n      <tr>\n       <th {$headerStyle}>\n        {$customPost_grouptitle}\n       </th>\n      </tr>\n      {foreach from=$customPost item=value key=customName}\n       {if ( $trackingFields and ! in_array( $customName, $trackingFields ) ) or ! $trackingFields}\n        <tr>\n         <td {$labelStyle}>\n          {$customName}\n         </td>\n         <td {$valueStyle}>\n          {$value}\n         </td>\n        </tr>\n       {/if}\n      {/foreach}\n     {/if}\n\n     {if $customProfile}\n      {foreach from=$customProfile item=value key=customName}\n       <tr>\n        <th {$headerStyle}>\n         {ts 1=$customName+1}Participant Information - Participant %1{/ts}\n        </th>\n       </tr>\n       {foreach from=$value item=val key=field}\n        {if $field eq \'additionalCustomPre\' or $field eq \'additionalCustomPost\'}\n         <tr>\n          <td colspan=\"2\" {$labelStyle}>\n           {if $field eq \'additionalCustomPre\'}\n            {$additionalCustomPre_grouptitle}\n           {else}\n            {$additionalCustomPost_grouptitle}\n           {/if}\n          </td>\n         </tr>\n         {foreach from=$val item=v key=f}\n          <tr>\n           <td {$labelStyle}>\n            {$f}\n           </td>\n           <td {$valueStyle}>\n            {$v}\n           </td>\n          </tr>\n         {/foreach}\n        {/if}\n       {/foreach}\n      {/foreach}\n     {/if}\n\n     {if $customGroup}\n      {foreach from=$customGroup item=value key=customName}\n       <tr>\n        <th {$headerStyle}>\n         {$customName}\n        </th>\n       </tr>\n       {foreach from=$value item=v key=n}\n        <tr>\n         <td {$labelStyle}>\n          {$n}\n         </td>\n         <td {$valueStyle}>\n          {$v}\n         </td>\n        </tr>\n       {/foreach}\n      {/foreach}\n     {/if}\n\n    </table>\n   </td>\n  </tr>\n\n </table>\n</center>\n\n</body>\n</html>\n',1,545,1,0),(20,'Events - Registration Confirmation and Receipt (on-line)','{if $isOnWaitlist}{ts}Wait List Confirmation{/ts}{else}{ts}Registration Confirmation{/ts}{/if} - {$title}\n','{if $event.confirm_email_text AND (not $isOnWaitlist AND not $isRequireApproval)}\n{$event.confirm_email_text}\n{/if}\n\n{if $isOnWaitlist}\n==========================================================={if $pricesetFieldsCount }===================={/if}\n\n{ts}You have been added to the WAIT LIST for this event.{/ts}\n\n{if $isPrimary}\n{ts}If space becomes available you will receive an email with\na link to a web page where you can complete your registration.{/ts}\n{/if}\n==========================================================={if $pricesetFieldsCount }===================={/if}\n\n{elseif $isRequireApproval}\n==========================================================={if $pricesetFieldsCount }===================={/if}\n\n{ts}Your registration has been submitted.{/ts}\n\n{if $isPrimary}\n{ts}Once your registration has been reviewed, you will receive\nan email with a link to a web page where you can complete the\nregistration process.{/ts}\n\n{/if}\n==========================================================={if $pricesetFieldsCount }===================={/if}\n\n{elseif $is_pay_later}\n\n==========================================================={if $pricesetFieldsCount }===================={/if}\n\n{$pay_later_receipt}\n==========================================================={if $pricesetFieldsCount }===================={/if}\n\n{else}\n\n{ts}Please print this confirmation for your records.{/ts}\n{/if}\n\n\n==========================================================={if $pricesetFieldsCount }===================={/if}\n\n{ts}Event Information and Location{/ts}\n\n==========================================================={if $pricesetFieldsCount }===================={/if}\n\n{$event.event_title}\n{$event.event_start_date|crmDate}{if $event.event_end_date}-{if $event.event_end_date|date_format:\"%Y%m%d\" == $event.event_start_date|date_format:\"%Y%m%d\"}{$event.event_end_date|crmDate:0:1}{else}{$event.event_end_date|crmDate}{/if}{/if}\n\n{if $event.participant_role neq \'Attendee\' and $defaultRole}\n{ts}Participant Role{/ts}: {$event.participant_role}\n{/if}\n\n{if $isShowLocation}\n{if $location.address.1.name}\n\n{$location.address.1.name}\n{/if}\n{if $location.address.1.street_address}{$location.address.1.street_address}\n{/if}\n{if $location.address.1.supplemental_address_1}{$location.address.1.supplemental_address_1}\n{/if}\n{if $location.address.1.supplemental_address_2}{$location.address.1.supplemental_address_2}\n{/if}\n{if $location.address.1.city}{$location.address.1.city} {$location.address.1.postal_code}{if $location.address.1.postal_code_suffix} - {$location.address.1.postal_code_suffix}{/if}\n{/if}\n\n{/if}{*End of isShowLocation condition*}\n\n{if $location.phone.1.phone || $location.email.1.email}\n\n{ts}Event Contacts:{/ts}\n{foreach from=$location.phone item=phone}\n{if $phone.phone}\n\n{if $phone.phone_type}{$phone.phone_type_display}{else}{ts}Phone{/ts}{/if}: {$phone.phone}{/if}\n{/foreach}\n{foreach from=$location.email item=eventEmail}\n{if $eventEmail.email}\n\n{ts}Email{/ts}: {$eventEmail.email}{/if}{/foreach}\n{/if}\n\n{capture assign=icalFeed}{crmURL p=\'civicrm/event/ical\' q=\"reset=1&id=`$event.id`\" h=0 a=1 fe=1}{/capture}\n{ts}Download iCalendar File:{/ts} {$icalFeed}\n{if $email}\n\n==========================================================={if $pricesetFieldsCount }===================={/if}\n\n{ts}Registered Email{/ts}\n\n==========================================================={if $pricesetFieldsCount }===================={/if}\n\n{$email}\n{/if}\n{if $event.is_monetary} {* This section for Paid events only.*}\n\n==========================================================={if $pricesetFieldsCount }===================={/if}\n\n{$event.fee_label}\n==========================================================={if $pricesetFieldsCount }===================={/if}\n\n{if $lineItem}{foreach from=$lineItem item=value key=priceset}\n\n{if $value neq \'skip\'}\n{if $isPrimary}\n{if $lineItem|@count GT 1} {* Header for multi participant registration cases. *}\n{ts 1=$priceset+1}Participant %1{/ts} {$part.$priceset.info}\n\n{/if}\n{/if}\n-----------------------------------------------------------{if $pricesetFieldsCount }--------------------{/if}\n\n{capture assign=ts_item}{ts}Item{/ts}{/capture}\n{capture assign=ts_qty}{ts}Qty{/ts}{/capture}\n{capture assign=ts_each}{ts}Each{/ts}{/capture}\n{capture assign=ts_total}{ts}Total{/ts}{/capture}\n{if $pricesetFieldsCount }{capture assign=ts_participant_total}{ts}Total Participants{/ts}{/capture}{/if}\n{$ts_item|string_format:\"%-30s\"} {$ts_qty|string_format:\"%5s\"} {$ts_each|string_format:\"%10s\"} {$ts_total|string_format:\"%10s\"} {$ts_participant_total|string_format:\"%10s\"}\n-----------------------------------------------------------{if $pricesetFieldsCount }--------------------{/if}\n\n{foreach from=$value item=line}\n{if $pricesetFieldsCount }{capture assign=ts_participant_count}{$line.participant_count}{/capture}{/if}\n{capture assign=ts_item}{if $line.html_type eq \'Text\'}{$line.label}{else}{$line.field_title} - {$line.label}{/if} {if $line.description} {$line.description}{/if}{/capture}{$ts_item|truncate:30:\"...\"|string_format:\"%-30s\"} {$line.qty|string_format:\"%5s\"} {$line.unit_price|crmMoney|string_format:\"%10s\"} {$line.line_total|crmMoney|string_format:\"%10s\"}{$ts_participant_count|string_format:\"%10s\"}\n{/foreach}\n{/if}\n{/foreach}\n{/if}\n{if $amount && !$lineItem}\n{foreach from=$amount item=amnt key=level}{$amnt.amount|crmMoney} {$amnt.label}\n{/foreach}\n{/if}\n{if $isPrimary }\n\n{ts}Total Amount{/ts}: {$totalAmount|crmMoney} {if $hookDiscount.message}({$hookDiscount.message}){/if}\n\n{if $pricesetFieldsCount }\n      {assign var=\"count\" value= 0}\n      {foreach from=$lineItem item=pcount}\n      {assign var=\"lineItemCount\" value=0}\n      {if $pcount neq \'skip\'}\n        {foreach from=$pcount item=p_count}\n        {assign var=\"lineItemCount\" value=$lineItemCount+$p_count.participant_count}\n        {/foreach}\n      {if $lineItemCount < 1 }\n        {assign var=\"lineItemCount\" value=1}\n      {/if}	\n      {assign var=\"count\" value=$count+$lineItemCount}\n      {/if}\n      {/foreach}\n\n{ts}Total Participants{/ts}: {$count}\n{/if}\n  \n{if $is_pay_later }\n\n==========================================================={if $pricesetFieldsCount }===================={/if}\n\n{$pay_later_receipt}\n==========================================================={if $pricesetFieldsCount }===================={/if}\n\n{/if}\n\n{if $register_date}\n{ts}Registration Date{/ts}: {$register_date|crmDate}\n{/if}\n{if $receive_date}\n{ts}Transaction Date{/ts}: {$receive_date|crmDate}\n{/if}\n{if $contributionTypeName}\n{ts}Contribution Type{/ts}: {$contributionTypeName}\n{/if}\n{if $trxn_id}\n{ts}Transaction #{/ts}: {$trxn_id}\n{/if}\n{if $paidBy}\n{ts}Paid By{/ts}: {$paidBy}\n{/if}\n{if $checkNumber}\n{ts}Check Number{/ts}: {$checkNumber}\n{/if}\n{if $contributeMode ne \'notify\' and !$isAmountzero and !$is_pay_later and !$isOnWaitlist and !$isRequireApproval}\n\n==========================================================={if $pricesetFieldsCount }===================={/if}\n\n{ts}Billing Name and Address{/ts}\n\n==========================================================={if $pricesetFieldsCount }===================={/if}\n\n{$billingName}\n{$address}\n{/if}\n\n{if $contributeMode eq \'direct\' and !$isAmountzero and !$is_pay_later and !$isOnWaitlist and !$isRequireApproval}\n==========================================================={if $pricesetFieldsCount }===================={/if}\n\n{ts}Credit Card Information{/ts}\n\n==========================================================={if $pricesetFieldsCount }===================={/if}\n\n{$credit_card_type}\n{$credit_card_number}\n{ts}Expires{/ts}: {$credit_card_exp_date|truncate:7:\'\'|crmDate}\n{/if}\n{/if}\n{/if} {* End of conditional section for Paid events *}\n\n{if $customPre}\n==========================================================={if $pricesetFieldsCount }===================={/if}\n\n{$customPre_grouptitle}\n==========================================================={if $pricesetFieldsCount }===================={/if}\n\n{foreach from=$customPre item=value key=customName}\n{if ( $trackingFields and ! in_array( $customName, $trackingFields ) ) or ! $trackingFields}\n{$customName}: {$value}\n{/if}\n{/foreach}\n{/if}\n\n{if $customPost}\n==========================================================={if $pricesetFieldsCount }===================={/if}\n\n{$customPost_grouptitle}\n==========================================================={if $pricesetFieldsCount }===================={/if}\n\n{foreach from=$customPost item=value key=customName}\n{if ( $trackingFields and ! in_array( $customName, $trackingFields ) ) or ! $trackingFields}\n{$customName}: {$value}\n{/if}\n{/foreach}\n{/if}\n{if $customProfile}\n\n{foreach from=$customProfile item=value key=customName}\n==========================================================={if $pricesetFieldsCount }===================={/if}\n\n{ts 1=$customName+1}Participant Information - Participant %1{/ts}\n\n==========================================================={if $pricesetFieldsCount }===================={/if}\n\n{foreach from=$value item=val key=field}\n{if $field eq \'additionalCustomPre\' or $field eq \'additionalCustomPost\' }\n{if $field eq \'additionalCustomPre\' }\n----------------------------------------------------------{if $pricesetFieldsCount }--------------------{/if}\n\n{$additionalCustomPre_grouptitle}\n----------------------------------------------------------{if $pricesetFieldsCount }--------------------{/if}\n\n{else}\n----------------------------------------------------------{if $pricesetFieldsCount }--------------------{/if}\n\n{$additionalCustomPost_grouptitle}\n----------------------------------------------------------{if $pricesetFieldsCount }--------------------{/if}\n\n{/if}\n{foreach from=$val item=v key=f}\n{$f}: {$v}\n{/foreach}\n{/if}\n{/foreach}\n{/foreach}\n{/if}\n{if $customGroup}\n{foreach from=$customGroup item=value key=customName}\n=========================================================={if $pricesetFieldsCount }===================={/if}\n\n{$customName}\n=========================================================={if $pricesetFieldsCount }===================={/if}\n\n{foreach from=$value item=v key=n}\n{$n}: {$v}\n{/foreach}\n{/foreach}\n{/if}\n','<!DOCTYPE html PUBLIC \"-//W3C//DTD XHTML 1.0 Transitional//EN\" \"http://www.w3.org/TR/xhtml1/DTD/xhtml1-transitional.dtd\">\n<html xmlns=\"http://www.w3.org/1999/xhtml\">\n<head>\n <meta http-equiv=\"Content-Type\" content=\"text/html; charset=UTF-8\" />\n <title></title>\n</head>\n<body>\n\n{capture assign=headerStyle}colspan=\"2\" style=\"text-align: left; padding: 4px; border-bottom: 1px solid #999; background-color: #eee;\"{/capture}\n{capture assign=labelStyle }style=\"padding: 4px; border-bottom: 1px solid #999; background-color: #f7f7f7;\"{/capture}\n{capture assign=valueStyle }style=\"padding: 4px; border-bottom: 1px solid #999;\"{/capture}\n\n<center>\n <table width=\"620\" border=\"0\" cellpadding=\"0\" cellspacing=\"0\" id=\"crm-event_receipt\" style=\"font-family: Arial, Verdana, sans-serif; text-align: left;\">\n\n  <!-- BEGIN HEADER -->\n  <!-- You can add table row(s) here with logo or other header elements -->\n  <!-- END HEADER -->\n\n  <!-- BEGIN CONTENT -->\n\n  <tr>\n   <td>\n\n    {if $event.confirm_email_text AND (not $isOnWaitlist AND not $isRequireApproval)}\n     <p>{$event.confirm_email_text|htmlize}</p>\n    {/if}\n\n    {if $isOnWaitlist}\n     <p>{ts}You have been added to the WAIT LIST for this event.{/ts}</p>\n     {if $isPrimary}\n       <p>{ts}If space becomes available you will receive an email with\na link to a web page where you can complete your registration.{/ts}</p>\n     {/if}\n    {elseif $isRequireApproval}\n     <p>{ts}Your registration has been submitted.{/ts}</p>\n     {if $isPrimary}\n      <p>{ts}Once your registration has been reviewed, you will receive\nan email with a link to a web page where you can complete the\nregistration process.{/ts}</p>\n     {/if}\n    {elseif $is_pay_later}\n     <p>{$pay_later_receipt}</p> {* FIXME: this might be text rather than HTML *}\n    {else}\n     <p>{ts}Please print this confirmation for your records.{/ts}</p>\n    {/if}\n\n   </td>\n  </tr>\n  <tr>\n   <td>\n    <table style=\"border: 1px solid #999; margin: 1em 0em 1em; border-collapse: collapse; width:100%;\">\n     <tr>\n      <th {$headerStyle}>\n       {ts}Event Information and Location{/ts}\n      </th>\n     </tr>\n     <tr>\n      <td colspan=\"2\" {$valueStyle}>\n       {$event.event_title}<br />\n       {$event.event_start_date|crmDate}{if $event.event_end_date}-{if $event.event_end_date|date_format:\"%Y%m%d\" == $event.event_start_date|date_format:\"%Y%m%d\"}{$event.event_end_date|crmDate:0:1}{else}{$event.event_end_date|crmDate}{/if}{/if}\n      </td>\n     </tr>\n\n     {if $event.participant_role neq \'Attendee\' and $defaultRole}\n      <tr>\n       <td {$labelStyle}>\n        {ts}Participant Role{/ts}\n       </td>\n       <td {$valueStyle}>\n        {$event.participant_role}\n       </td>\n      </tr>\n     {/if}\n\n     {if $isShowLocation}\n      <tr>\n       <td colspan=\"2\" {$valueStyle}>\n        {if $location.address.1.name}\n         {$location.address.1.name}<br />\n        {/if}\n        {if $location.address.1.street_address}\n         {$location.address.1.street_address}<br />\n        {/if}\n        {if $location.address.1.supplemental_address_1}\n         {$location.address.1.supplemental_address_1}<br />\n        {/if}\n        {if $location.address.1.supplemental_address_2}\n         {$location.address.1.supplemental_address_2}<br />\n        {/if}\n        {if $location.address.1.city}\n         {$location.address.1.city} {$location.address.1.postal_code}{if $location.address.1.postal_code_suffix} - {$location.address.1.postal_code_suffix}{/if}<br />\n        {/if}\n       </td>\n      </tr>\n     {/if}\n\n     {if $location.phone.1.phone || $location.email.1.email}\n      <tr>\n       <td colspan=\"2\" {$labelStyle}>\n        {ts}Event Contacts:{/ts}\n       </td>\n      </tr>\n      {foreach from=$location.phone item=phone}\n       {if $phone.phone}\n        <tr>\n         <td {$labelStyle}>\n          {if $phone.phone_type}\n           {$phone.phone_type_display}\n          {else}\n           {ts}Phone{/ts}\n          {/if}\n         </td>\n         <td {$valueStyle}>\n          {$phone.phone}\n         </td>\n        </tr>\n       {/if}\n      {/foreach}\n      {foreach from=$location.email item=eventEmail}\n       {if $eventEmail.email}\n        <tr>\n         <td {$labelStyle}>\n          {ts}Email{/ts}\n         </td>\n         <td {$valueStyle}>\n          {$eventEmail.email}\n         </td>\n        </tr>\n       {/if}\n      {/foreach}\n     {/if}\n     <tr>\n      <td colspan=\"2\" {$valueStyle}>\n       {capture assign=icalFeed}{crmURL p=\'civicrm/event/ical\' q=\"reset=1&id=`$event.id`\" h=0 a=1 fe=1}{/capture}\n       <a href=\"{$icalFeed}\">{ts}Download iCalendar File{/ts}</a>\n      </td>\n     </tr>\n     {if $email}\n      <tr>\n       <th {$headerStyle}>\n        {ts}Registered Email{/ts}\n       </th>\n      </tr>\n      <tr>\n       <td colspan=\"2\" {$valueStyle}>\n        {$email}\n       </td>\n      </tr>\n     {/if}\n\n\n     {if $event.is_monetary}\n\n      <tr>\n       <th {$headerStyle}>\n        {$event.fee_label}\n       </th>\n      </tr>\n\n      {if $lineItem}\n       {foreach from=$lineItem item=value key=priceset}\n        {if $value neq \'skip\'}\n         {if $isPrimary}\n          {if $lineItem|@count GT 1} {* Header for multi participant registration cases. *}\n           <tr>\n            <td colspan=\"2\" {$labelStyle}>\n             {ts 1=$priceset+1}Participant %1{/ts} {$part.$priceset.info}\n            </td>\n           </tr>\n          {/if}\n         {/if}\n         <tr>\n          <td colspan=\"2\" {$valueStyle}>\n           <table> {* FIXME: style this table so that it looks like the text version (justification, etc.) *}\n            <tr>\n             <th>{ts}Item{/ts}</th>\n             <th>{ts}Qty{/ts}</th>\n             <th>{ts}Each{/ts}</th>\n             <th>{ts}Total{/ts}</th>\n	     {if  $pricesetFieldsCount }<th>{ts}Total Participants{/ts}</th>{/if}\n            </tr>\n            {foreach from=$value item=line}\n             <tr>\n              <td>\n              {if $line.html_type eq \'Text\'}{$line.label}{else}{$line.field_title} - {$line.label}{/if} {if $line.description}<div>{$line.description|truncate:30:\"...\"}</div>{/if}\n              </td>\n              <td>\n               {$line.qty}\n              </td>\n              <td>\n               {$line.unit_price|crmMoney}\n              </td>\n              <td>\n               {$line.line_total|crmMoney}\n              </td>\n	      {if $pricesetFieldsCount }<td>{$line.participant_count}</td> {/if}\n             </tr>\n            {/foreach}\n           </table>\n          </td>\n         </tr>\n        {/if}\n       {/foreach}\n      {/if}\n\n      {if $amount && !$lineItem}\n       {foreach from=$amount item=amnt key=level}\n        <tr>\n         <td colspan=\"2\" {$valueStyle}>\n          {$amnt.amount|crmMoney} {$amnt.label}\n         </td>\n        </tr>\n       {/foreach}\n      {/if}\n\n      {if $isPrimary}\n       <tr>\n        <td {$labelStyle}>\n         {ts}Total Amount{/ts}\n        </td>  \n        <td {$valueStyle}>\n         {$totalAmount|crmMoney} {if $hookDiscount.message}({$hookDiscount.message}){/if}\n        </td>\n       </tr>\n       {if $pricesetFieldsCount }\n     <tr>\n       <td {$labelStyle}> \n      {ts}Total Participants{/ts}</td>   \n      <td {$valueStyle}>\n      {assign var=\"count\" value= 0}	 \n      {foreach from=$lineItem item=pcount}\n      {assign var=\"lineItemCount\" value=0}\n      {if $pcount neq \'skip\'}\n        {foreach from=$pcount item=p_count}\n        {assign var=\"lineItemCount\" value=$lineItemCount+$p_count.participant_count}\n        {/foreach}\n      {if $lineItemCount < 1 }\n        {assign var=\"lineItemCount\" value=1}\n      {/if}	\n      {assign var=\"count\" value=$count+$lineItemCount}\n      {/if}\n      {/foreach}\n     {$count}\n     </td> </tr>\n      {/if}\n       {if $is_pay_later}\n        <tr>\n         <td colspan=\"2\" {$labelStyle}>\n          {$pay_later_receipt}\n         </td>\n        </tr>\n       {/if}\n\n       {if $register_date}\n        <tr>\n         <td {$labelStyle}>\n          {ts}Registration Date{/ts}\n         </td>\n         <td {$valueStyle}>\n          {$register_date|crmDate}\n         </td>\n        </tr>\n       {/if}\n\n       {if $receive_date}\n        <tr>\n         <td {$labelStyle}>\n          {ts}Transaction Date{/ts}\n         </td>\n         <td {$valueStyle}>\n          {$receive_date|crmDate}\n         </td>\n        </tr>\n       {/if}\n\n       {if $contributionTypeName}\n        <tr>\n         <td {$labelStyle}>\n          {ts}Contribution Type{/ts}\n         </td>\n         <td {$valueStyle}>\n          {$contributionTypeName}\n         </td>\n        </tr>\n       {/if}\n\n       {if $trxn_id}\n        <tr>\n         <td {$labelStyle}>\n          {ts}Transaction #{/ts}\n         </td>\n         <td {$valueStyle}>\n          {$trxn_id}\n         </td>\n        </tr>\n       {/if}\n\n       {if $paidBy}\n        <tr>\n         <td {$labelStyle}>\n          {ts}Paid By{/ts}\n         </td>\n         <td {$valueStyle}>\n         {$paidBy}\n         </td>\n        </tr>\n       {/if}\n\n       {if $checkNumber}\n        <tr>\n         <td {$labelStyle}>\n          {ts}Check Number{/ts}\n         </td>\n         <td {$valueStyle}>\n          {$checkNumber}\n         </td>\n        </tr>\n       {/if}\n\n       {if $contributeMode ne \'notify\' and !$isAmountzero and !$is_pay_later and !$isOnWaitlist and !$isRequireApproval}\n        <tr>\n         <th {$headerStyle}>\n          {ts}Billing Name and Address{/ts}\n         </th>\n        </tr>\n        <tr>\n         <td colspan=\"2\" {$valueStyle}>\n          {$billingName}<br />\n          {$address|nl2br}\n         </td>\n        </tr>\n       {/if}\n\n       {if $contributeMode eq \'direct\' and !$isAmountzero and !$is_pay_later and !$isOnWaitlist and !$isRequireApproval}\n        <tr>\n         <th {$headerStyle}>\n          {ts}Credit Card Information{/ts}\n         </th>\n        </tr>\n        <tr>\n         <td colspan=\"2\" {$valueStyle}>\n          {$credit_card_type}<br />\n          {$credit_card_number}<br />\n          {ts}Expires{/ts}: {$credit_card_exp_date|truncate:7:\'\'|crmDate}\n         </td>\n        </tr>\n       {/if}\n\n      {/if}\n\n     {/if} {* End of conditional section for Paid events *}\n\n     {if $customPre}\n      <tr>\n       <th {$headerStyle}>\n        {$customPre_grouptitle}\n       </th>\n      </tr>\n      {foreach from=$customPre item=value key=customName}\n       {if ( $trackingFields and ! in_array( $customName, $trackingFields ) ) or ! $trackingFields}\n        <tr>\n         <td {$labelStyle}>\n          {$customName}\n         </td>\n         <td {$valueStyle}>\n          {$value}\n         </td>\n        </tr>\n       {/if}\n      {/foreach}\n     {/if}\n\n     {if $customPost}\n      <tr>\n       <th {$headerStyle}>\n        {$customPost_grouptitle}\n       </th>\n      </tr>\n      {foreach from=$customPost item=value key=customName}\n       {if ( $trackingFields and ! in_array( $customName, $trackingFields ) ) or ! $trackingFields}\n        <tr>\n         <td {$labelStyle}>\n          {$customName}\n         </td>\n         <td {$valueStyle}>\n          {$value}\n         </td>\n        </tr>\n       {/if}\n      {/foreach}\n     {/if}\n\n     {if $customProfile}\n      {foreach from=$customProfile item=value key=customName}\n       <tr>\n        <th {$headerStyle}>\n         {ts 1=$customName+1}Participant Information - Participant %1{/ts}\n        </th>\n       </tr>\n       {foreach from=$value item=val key=field}\n        {if $field eq \'additionalCustomPre\' or $field eq \'additionalCustomPost\'}\n         <tr>\n          <td colspan=\"2\" {$labelStyle}>\n           {if $field eq \'additionalCustomPre\'}\n            {$additionalCustomPre_grouptitle}\n           {else}\n            {$additionalCustomPost_grouptitle}\n           {/if}\n          </td>\n         </tr>\n         {foreach from=$val item=v key=f}\n          <tr>\n           <td {$labelStyle}>\n            {$f}\n           </td>\n           <td {$valueStyle}>\n            {$v}\n           </td>\n          </tr>\n         {/foreach}\n        {/if}\n       {/foreach}\n      {/foreach}\n     {/if}\n\n     {if $customGroup}\n      {foreach from=$customGroup item=value key=customName}\n       <tr>\n        <th {$headerStyle}>\n         {$customName}\n        </th>\n       </tr>\n       {foreach from=$value item=v key=n}\n        <tr>\n         <td {$labelStyle}>\n          {$n}\n         </td>\n         <td {$valueStyle}>\n          {$v}\n         </td>\n        </tr>\n       {/foreach}\n      {/foreach}\n     {/if}\n\n    </table>\n   </td>\n  </tr>\n\n </table>\n</center>\n\n</body>\n</html>\n',1,545,0,1),(21,'Events - Registration Cancellation Notice','{ts 1=$event.event_title}Event Registration Cancelled for %1{/ts}\n','{ts 1=$contact.display_name}Dear %1{/ts},\n\n{ts}Your Event Registration has been cancelled.{/ts}\n\n\n===========================================================\n{ts}Event Information and Location{/ts}\n\n===========================================================\n{$event.event_title}\n{$event.event_start_date|crmDate}{if $event.event_end_date}-{if $event.event_end_date|date_format:\"%Y%m%d\" == $event.event_start_date|date_format:\"%Y%m%d\"}{$event.event_end_date|crmDate:0:1}{else}{$event.event_end_date|crmDate}{/if}{/if}\n\n{ts}Participant Role{/ts}: {$participant.role}\n\n{if $isShowLocation}\n{if $event.location.address.1.name}\n\n{$event.location.address.1.name}\n{/if}\n{if $event.location.address.1.street_address}{$event.location.address.1.street_address}\n{/if}\n{if $event.location.address.1.supplemental_address_1}{$event.location.address.1.supplemental_address_1}\n{/if}\n{if $event.location.address.1.supplemental_address_2}{$event.location.address.1.supplemental_address_2}\n{/if}\n{if $event.location.address.1.city}{$event.location.address.1.city} {$event.location.address.1.postal_code}{if $event.location.address.1.postal_code_suffix} - {$event.location.address.1.postal_code_suffix}{/if}\n{/if}\n\n{/if}{*End of isShowLocation condition*}\n\n{if $event.location.phone.1.phone || $event.location.email.1.email}\n\n{ts}Event Contacts:{/ts}\n{foreach from=$event.location.phone item=phone}\n{if $phone.phone}\n\n{if $phone.phone_type}{$phone.phone_type_display}{else}{ts}Phone{/ts}{/if}: {$phone.phone}{/if}\n{/foreach}\n{foreach from=$event.location.email item=eventEmail}\n{if $eventEmail.email}\n\n{ts}Email{/ts}: {$eventEmail.email}{/if}{/foreach}\n{/if}\n\n{capture assign=icalFeed}{crmURL p=\'civicrm/event/ical\' q=\"reset=1&id=`$event.id`\" h=0 a=1 fe=1}{/capture}\n{ts}Download iCalendar File{/ts}: {$icalFeed}\n{if $contact.email}\n\n===========================================================\n{ts}Registered Email{/ts}\n\n===========================================================\n{$contact.email}\n{/if}\n\n{if $register_date}\n{ts}Registration Date{/ts}: {$participant.register_date|crmDate}\n{/if}\n\n{ts 1=$domain.phone 2=$domain.email}Please contact us at %1 or send email to %2 if you have questions.{/ts}\n\n','<!DOCTYPE html PUBLIC \"-//W3C//DTD XHTML 1.0 Transitional//EN\" \"http://www.w3.org/TR/xhtml1/DTD/xhtml1-transitional.dtd\">\n<html xmlns=\"http://www.w3.org/1999/xhtml\">\n<head>\n <meta http-equiv=\"Content-Type\" content=\"text/html; charset=UTF-8\" />\n <title></title>\n</head>\n<body>\n\n{capture assign=headerStyle}colspan=\"2\" style=\"text-align: left; padding: 4px; border-bottom: 1px solid #999; background-color: #eee;\"{/capture}\n{capture assign=labelStyle }style=\"padding: 4px; border-bottom: 1px solid #999; background-color: #f7f7f7;\"{/capture}\n{capture assign=valueStyle }style=\"padding: 4px; border-bottom: 1px solid #999;\"{/capture}\n\n<center>\n <table width=\"620\" border=\"0\" cellpadding=\"0\" cellspacing=\"0\" id=\"crm-event_receipt\" style=\"font-family: Arial, Verdana, sans-serif; text-align: left;\">\n\n  <!-- BEGIN HEADER -->\n  <!-- You can add table row(s) here with logo or other header elements -->\n  <!-- END HEADER -->\n\n  <!-- BEGIN CONTENT -->\n\n  <tr>\n   <td>\n    <p>{ts 1=$contact.display_name}Dear %1{/ts},</p>\n    <p>{ts}Your Event Registration has been cancelled.{/ts}</p>\n   </td>\n  </tr>\n  <tr>\n   <td>\n    <table style=\"border: 1px solid #999; margin: 1em 0em 1em; border-collapse: collapse; width:100%;\">\n     <tr>\n      <th {$headerStyle}>\n       {ts}Event Information and Location{/ts}\n      </th>\n     </tr>\n     <tr>\n      <td colspan=\"2\" {$valueStyle}>\n       {$event.event_title}<br />\n       {$event.event_start_date|crmDate}{if $event.event_end_date}-{if $event.event_end_date|date_format:\"%Y%m%d\" == $event.event_start_date|date_format:\"%Y%m%d\"}{$event.event_end_date|crmDate:0:1}{else}{$event.event_end_date|crmDate}{/if}{/if}\n      </td>\n     </tr>\n     <tr>\n      <td {$labelStyle}>\n       {ts}Participant Role{/ts}:\n      </td>\n      <td {$valueStyle}>\n       {$participant.role}\n      </td>\n     </tr>\n\n     {if $isShowLocation}\n      <tr>\n       <td colspan=\"2\" {$valueStyle}>\n        {if $event.location.address.1.name}\n         {$event.location.address.1.name}<br />\n        {/if}\n        {if $event.location.address.1.street_address}\n         {$event.location.address.1.street_address}<br />\n        {/if}\n        {if $event.location.address.1.supplemental_address_1}\n         {$event.location.address.1.supplemental_address_1}<br />\n        {/if}\n        {if $event.location.address.1.supplemental_address_2}\n         {$event.location.address.1.supplemental_address_2}<br />\n        {/if}\n        {if $event.location.address.1.city}\n         {$event.location.address.1.city} {$event.location.address.1.postal_code}\n         {if $event.location.address.1.postal_code_suffix}\n          - {$event.location.address.1.postal_code_suffix}\n         {/if}\n        {/if}\n       </td>\n      </tr>\n     {/if}\n\n     {if $event.location.phone.1.phone || $event.location.email.1.email}\n      <tr>\n       <td colspan=\"2\" {$labelStyle}>\n        {ts}Event Contacts:{/ts}\n       </td>\n      </tr>\n      {foreach from=$event.location.phone item=phone}\n       {if $phone.phone}\n        <tr>\n         <td {$labelStyle}>\n          {if $phone.phone_type}{$phone.phone_type_display}{else}{ts}Phone{/ts}{/if}\n         </td>\n         <td {$valueStyle}>\n          {$phone.phone}\n         </td>\n        </tr>\n       {/if}\n      {/foreach}\n      {foreach from=$event.location.email item=eventEmail}\n       {if $eventEmail.email}\n        <tr>\n         <td {$labelStyle}>\n          {ts}Email{/ts}\n         </td>\n         <td {$valueStyle}>\n          {$eventEmail.email}\n         </td>\n        </tr>\n       {/if}\n      {/foreach}\n     {/if}\n\n     {capture assign=icalFeed}{crmURL p=\'civicrm/event/ical\' q=\"reset=1&id=`$event.id`\" h=0 a=1 fe=1}{/capture}\n     <tr>\n      <td colspan=\"2\" {$valueStyle}>\n       <a href=\"{$icalFeed}\">{ts}Download iCalendar File{/ts}</a>\n      </td>\n     </tr>\n\n     {if $contact.email}\n      <tr>\n       <th {$headerStyle}>\n        {ts}Registered Email{/ts}\n       </th>\n      </tr>\n      <tr>\n       <td colspan=\"2\" {$valueStyle}>\n        {$contact.email}\n       </td>\n      </tr>\n     {/if}\n\n     {if $register_date}\n      <tr>\n       <td {$labelStyle}>\n        {ts}Registration Date{/ts}\n       </td>\n       <td {$valueStyle}>\n        {$participant.register_date|crmDate}\n       </td>\n      </tr>\n     {/if}\n\n    </table>\n   </td>\n  </tr>\n\n  <tr>\n   <td>\n    <p>{ts 1=$domain.phone 2=$domain.email}Please contact us at %1 or send email to %2 if you have questions.{/ts}</p>\n   </td>\n  </tr>\n\n </table>\n</center>\n\n</body>\n</html>\n',1,546,1,0),(22,'Events - Registration Cancellation Notice','{ts 1=$event.event_title}Event Registration Cancelled for %1{/ts}\n','{ts 1=$contact.display_name}Dear %1{/ts},\n\n{ts}Your Event Registration has been cancelled.{/ts}\n\n\n===========================================================\n{ts}Event Information and Location{/ts}\n\n===========================================================\n{$event.event_title}\n{$event.event_start_date|crmDate}{if $event.event_end_date}-{if $event.event_end_date|date_format:\"%Y%m%d\" == $event.event_start_date|date_format:\"%Y%m%d\"}{$event.event_end_date|crmDate:0:1}{else}{$event.event_end_date|crmDate}{/if}{/if}\n\n{ts}Participant Role{/ts}: {$participant.role}\n\n{if $isShowLocation}\n{if $event.location.address.1.name}\n\n{$event.location.address.1.name}\n{/if}\n{if $event.location.address.1.street_address}{$event.location.address.1.street_address}\n{/if}\n{if $event.location.address.1.supplemental_address_1}{$event.location.address.1.supplemental_address_1}\n{/if}\n{if $event.location.address.1.supplemental_address_2}{$event.location.address.1.supplemental_address_2}\n{/if}\n{if $event.location.address.1.city}{$event.location.address.1.city} {$event.location.address.1.postal_code}{if $event.location.address.1.postal_code_suffix} - {$event.location.address.1.postal_code_suffix}{/if}\n{/if}\n\n{/if}{*End of isShowLocation condition*}\n\n{if $event.location.phone.1.phone || $event.location.email.1.email}\n\n{ts}Event Contacts:{/ts}\n{foreach from=$event.location.phone item=phone}\n{if $phone.phone}\n\n{if $phone.phone_type}{$phone.phone_type_display}{else}{ts}Phone{/ts}{/if}: {$phone.phone}{/if}\n{/foreach}\n{foreach from=$event.location.email item=eventEmail}\n{if $eventEmail.email}\n\n{ts}Email{/ts}: {$eventEmail.email}{/if}{/foreach}\n{/if}\n\n{capture assign=icalFeed}{crmURL p=\'civicrm/event/ical\' q=\"reset=1&id=`$event.id`\" h=0 a=1 fe=1}{/capture}\n{ts}Download iCalendar File{/ts}: {$icalFeed}\n{if $contact.email}\n\n===========================================================\n{ts}Registered Email{/ts}\n\n===========================================================\n{$contact.email}\n{/if}\n\n{if $register_date}\n{ts}Registration Date{/ts}: {$participant.register_date|crmDate}\n{/if}\n\n{ts 1=$domain.phone 2=$domain.email}Please contact us at %1 or send email to %2 if you have questions.{/ts}\n\n','<!DOCTYPE html PUBLIC \"-//W3C//DTD XHTML 1.0 Transitional//EN\" \"http://www.w3.org/TR/xhtml1/DTD/xhtml1-transitional.dtd\">\n<html xmlns=\"http://www.w3.org/1999/xhtml\">\n<head>\n <meta http-equiv=\"Content-Type\" content=\"text/html; charset=UTF-8\" />\n <title></title>\n</head>\n<body>\n\n{capture assign=headerStyle}colspan=\"2\" style=\"text-align: left; padding: 4px; border-bottom: 1px solid #999; background-color: #eee;\"{/capture}\n{capture assign=labelStyle }style=\"padding: 4px; border-bottom: 1px solid #999; background-color: #f7f7f7;\"{/capture}\n{capture assign=valueStyle }style=\"padding: 4px; border-bottom: 1px solid #999;\"{/capture}\n\n<center>\n <table width=\"620\" border=\"0\" cellpadding=\"0\" cellspacing=\"0\" id=\"crm-event_receipt\" style=\"font-family: Arial, Verdana, sans-serif; text-align: left;\">\n\n  <!-- BEGIN HEADER -->\n  <!-- You can add table row(s) here with logo or other header elements -->\n  <!-- END HEADER -->\n\n  <!-- BEGIN CONTENT -->\n\n  <tr>\n   <td>\n    <p>{ts 1=$contact.display_name}Dear %1{/ts},</p>\n    <p>{ts}Your Event Registration has been cancelled.{/ts}</p>\n   </td>\n  </tr>\n  <tr>\n   <td>\n    <table style=\"border: 1px solid #999; margin: 1em 0em 1em; border-collapse: collapse; width:100%;\">\n     <tr>\n      <th {$headerStyle}>\n       {ts}Event Information and Location{/ts}\n      </th>\n     </tr>\n     <tr>\n      <td colspan=\"2\" {$valueStyle}>\n       {$event.event_title}<br />\n       {$event.event_start_date|crmDate}{if $event.event_end_date}-{if $event.event_end_date|date_format:\"%Y%m%d\" == $event.event_start_date|date_format:\"%Y%m%d\"}{$event.event_end_date|crmDate:0:1}{else}{$event.event_end_date|crmDate}{/if}{/if}\n      </td>\n     </tr>\n     <tr>\n      <td {$labelStyle}>\n       {ts}Participant Role{/ts}:\n      </td>\n      <td {$valueStyle}>\n       {$participant.role}\n      </td>\n     </tr>\n\n     {if $isShowLocation}\n      <tr>\n       <td colspan=\"2\" {$valueStyle}>\n        {if $event.location.address.1.name}\n         {$event.location.address.1.name}<br />\n        {/if}\n        {if $event.location.address.1.street_address}\n         {$event.location.address.1.street_address}<br />\n        {/if}\n        {if $event.location.address.1.supplemental_address_1}\n         {$event.location.address.1.supplemental_address_1}<br />\n        {/if}\n        {if $event.location.address.1.supplemental_address_2}\n         {$event.location.address.1.supplemental_address_2}<br />\n        {/if}\n        {if $event.location.address.1.city}\n         {$event.location.address.1.city} {$event.location.address.1.postal_code}\n         {if $event.location.address.1.postal_code_suffix}\n          - {$event.location.address.1.postal_code_suffix}\n         {/if}\n        {/if}\n       </td>\n      </tr>\n     {/if}\n\n     {if $event.location.phone.1.phone || $event.location.email.1.email}\n      <tr>\n       <td colspan=\"2\" {$labelStyle}>\n        {ts}Event Contacts:{/ts}\n       </td>\n      </tr>\n      {foreach from=$event.location.phone item=phone}\n       {if $phone.phone}\n        <tr>\n         <td {$labelStyle}>\n          {if $phone.phone_type}{$phone.phone_type_display}{else}{ts}Phone{/ts}{/if}\n         </td>\n         <td {$valueStyle}>\n          {$phone.phone}\n         </td>\n        </tr>\n       {/if}\n      {/foreach}\n      {foreach from=$event.location.email item=eventEmail}\n       {if $eventEmail.email}\n        <tr>\n         <td {$labelStyle}>\n          {ts}Email{/ts}\n         </td>\n         <td {$valueStyle}>\n          {$eventEmail.email}\n         </td>\n        </tr>\n       {/if}\n      {/foreach}\n     {/if}\n\n     {capture assign=icalFeed}{crmURL p=\'civicrm/event/ical\' q=\"reset=1&id=`$event.id`\" h=0 a=1 fe=1}{/capture}\n     <tr>\n      <td colspan=\"2\" {$valueStyle}>\n       <a href=\"{$icalFeed}\">{ts}Download iCalendar File{/ts}</a>\n      </td>\n     </tr>\n\n     {if $contact.email}\n      <tr>\n       <th {$headerStyle}>\n        {ts}Registered Email{/ts}\n       </th>\n      </tr>\n      <tr>\n       <td colspan=\"2\" {$valueStyle}>\n        {$contact.email}\n       </td>\n      </tr>\n     {/if}\n\n     {if $register_date}\n      <tr>\n       <td {$labelStyle}>\n        {ts}Registration Date{/ts}\n       </td>\n       <td {$valueStyle}>\n        {$participant.register_date|crmDate}\n       </td>\n      </tr>\n     {/if}\n\n    </table>\n   </td>\n  </tr>\n\n  <tr>\n   <td>\n    <p>{ts 1=$domain.phone 2=$domain.email}Please contact us at %1 or send email to %2 if you have questions.{/ts}</p>\n   </td>\n  </tr>\n\n </table>\n</center>\n\n</body>\n</html>\n',1,546,0,1),(23,'Events - Registration Confirmation Invite','{ts 1=$event.event_title}Confirm your registration for %1{/ts}\n','{ts 1=$contact.display_name}Dear %1{/ts},\n{if !$isAdditional and $participant.id}\n\n===========================================================\n{ts}Confirm Your Registration{/ts}\n\n===========================================================\n{capture assign=confirmUrl}{crmURL p=\'civicrm/event/confirm\' q=\"reset=1&participantId=`$participant.id`&cs=`$checksumValue`\" a=true h=0 fe=1}{/capture}\nClick this link to go to a web page where you can confirm your registration online:\n{$confirmUrl}\n{/if}\n\n===========================================================\n{ts}Event Information and Location{/ts}\n\n===========================================================\n{$event.event_title}\n{$event.event_start_date|crmDate}{if $event.event_end_date}-{if $event.event_end_date|date_format:\"%Y%m%d\" == $event.event_start_date|date_format:\"%Y%m%d\"}{$event.event_end_date|crmDate:0:1}{else}{$event.event_end_date|crmDate}{/if}{/if}\n\n{ts}Participant Role{/ts}: {$participant.role}\n\n{if $isShowLocation}\n{if $event.location.address.1.name}\n\n{$event.location.address.1.name}\n{/if}\n{if $event.location.address.1.street_address}{$event.location.address.1.street_address}\n{/if}\n{if $event.location.address.1.supplemental_address_1}{$event.location.address.1.supplemental_address_1}\n{/if}\n{if $event.location.address.1.supplemental_address_2}{$event.location.address.1.supplemental_address_2}\n{/if}\n{if $event.location.address.1.city}{$event.location.address.1.city} {$event.location.address.1.postal_code}{if $event.location.address.1.postal_code_suffix} - {$event.location.address.1.postal_code_suffix}{/if}\n{/if}\n\n{/if}{*End of isShowLocation condition*}\n\n{if $event.location.phone.1.phone || $event.location.email.1.email}\n\n{ts}Event Contacts:{/ts}\n{foreach from=$event.location.phone item=phone}\n{if $phone.phone}\n\n{if $phone.phone_type}{$phone.phone_type_display}{else}{ts}Phone{/ts}{/if}: {$phone.phone}{/if}\n{/foreach}\n{foreach from=$event.location.email item=eventEmail}\n{if $eventEmail.email}\n\n{ts}Email{/ts}: {$eventEmail.email}{/if}{/foreach}\n{/if}\n\n{capture assign=icalFeed}{crmURL p=\'civicrm/event/ical\' q=\"reset=1&id=`$event.id`\" h=0 a=1 fe=1}{/capture}\n{ts}Download iCalendar File{/ts}: {$icalFeed}\n{if $contact.email}\n\n===========================================================\n{ts}Registered Email{/ts}\n\n===========================================================\n{$contact.email}\n{/if}\n\n{if $register_date}\n{ts}Registration Date{/ts}: {$participant.register_date|crmDate}\n{/if}\n\n{ts 1=$domain.phone 2=$domain.email}Please contact us at %1 or send email to %2 if you have questions.{/ts}\n\n','<!DOCTYPE html PUBLIC \"-//W3C//DTD XHTML 1.0 Transitional//EN\" \"http://www.w3.org/TR/xhtml1/DTD/xhtml1-transitional.dtd\">\n<html xmlns=\"http://www.w3.org/1999/xhtml\">\n<head>\n <meta http-equiv=\"Content-Type\" content=\"text/html; charset=UTF-8\" />\n <title></title>\n</head>\n<body>\n\n{capture assign=headerStyle}colspan=\"2\" style=\"text-align: left; padding: 4px; border-bottom: 1px solid #999; background-color: #eee;\"{/capture}\n{capture assign=labelStyle }style=\"padding: 4px; border-bottom: 1px solid #999; background-color: #f7f7f7;\"{/capture}\n{capture assign=valueStyle }style=\"padding: 4px; border-bottom: 1px solid #999;\"{/capture}\n\n<center>\n <table width=\"620\" border=\"0\" cellpadding=\"0\" cellspacing=\"0\" id=\"crm-event_receipt\" style=\"font-family: Arial, Verdana, sans-serif; text-align: left;\">\n\n  <!-- BEGIN HEADER -->\n  <!-- You can add table row(s) here with logo or other header elements -->\n  <!-- END HEADER -->\n\n  <!-- BEGIN CONTENT -->\n\n  <tr>\n   <td>\n    <p>{ts 1=$contact.display_name}Dear %1{/ts},</p>\n   </td>\n  </tr>\n  {if !$isAdditional and $participant.id}\n   <tr>\n    <th {$headerStyle}>\n     {ts}Confirm Your Registration{/ts}\n    </th>\n   </tr>\n   <tr>\n    <td colspan=\"2\" {$valueStyle}>\n     {capture assign=confirmUrl}{crmURL p=\'civicrm/event/confirm\' q=\"reset=1&participantId=`$participant.id`&cs=`$checksumValue`\" a=true h=0 fe=1}{/capture}\n     <a href=\"{$confirmUrl}\">Go to a web page where you can confirm your registration online</a>\n    </td>\n   </tr>\n  {/if}\n  <tr>\n   <td>\n    <table style=\"border: 1px solid #999; margin: 1em 0em 1em; border-collapse: collapse; width:100%;\">\n     <tr>\n      <th {$headerStyle}>\n       {ts}Event Information and Location{/ts}\n      </th>\n     </tr>\n     <tr>\n      <td colspan=\"2\" {$valueStyle}>\n       {$event.event_title}<br />\n       {$event.event_start_date|crmDate}{if $event.event_end_date}-{if $event.event_end_date|date_format:\"%Y%m%d\" == $event.event_start_date|date_format:\"%Y%m%d\"}{$event.event_end_date|crmDate:0:1}{else}{$event.event_end_date|crmDate}{/if}{/if}\n      </td>\n     </tr>\n     <tr>\n      <td {$labelStyle}>\n       {ts}Participant Role{/ts}:\n      </td>\n      <td {$valueStyle}>\n       {$participant.role}\n      </td>\n     </tr>\n\n     {if $isShowLocation}\n      <tr>\n       <td colspan=\"2\" {$valueStyle}>\n        {if $event.location.address.1.name}\n         {$event.location.address.1.name}<br />\n        {/if}\n        {if $event.location.address.1.street_address}\n         {$event.location.address.1.street_address}<br />\n        {/if}\n        {if $event.location.address.1.supplemental_address_1}\n         {$event.location.address.1.supplemental_address_1}<br />\n        {/if}\n        {if $event.location.address.1.supplemental_address_2}\n         {$event.location.address.1.supplemental_address_2}<br />\n        {/if}\n        {if $event.location.address.1.city}\n         {$event.location.address.1.city} {$event.location.address.1.postal_code}\n         {if $event.location.address.1.postal_code_suffix}\n          - {$event.location.address.1.postal_code_suffix}\n         {/if}\n        {/if}\n       </td>\n      </tr>\n     {/if}\n\n     {if $event.location.phone.1.phone || $event.location.email.1.email}\n      <tr>\n       <td colspan=\"2\" {$labelStyle}>\n        {ts}Event Contacts:{/ts}\n       </td>\n      </tr>\n      {foreach from=$event.location.phone item=phone}\n       {if $phone.phone}\n        <tr>\n         <td {$labelStyle}>\n          {if $phone.phone_type}{$phone.phone_type_display}{else}{ts}Phone{/ts}{/if}\n         </td>\n         <td {$valueStyle}>\n          {$phone.phone}\n         </td>\n        </tr>\n       {/if}\n      {/foreach}\n      {foreach from=$event.location.email item=eventEmail}\n       {if $eventEmail.email}\n        <tr>\n         <td {$labelStyle}>\n          {ts}Email{/ts}\n         </td>\n         <td {$valueStyle}>\n          {$eventEmail.email}\n         </td>\n        </tr>\n       {/if}\n      {/foreach}\n     {/if}\n\n     {capture assign=icalFeed}{crmURL p=\'civicrm/event/ical\' q=\"reset=1&id=`$event.id`\" h=0 a=1 fe=1}{/capture}\n     <tr>\n      <td colspan=\"2\" {$valueStyle}>\n       <a href=\"{$icalFeed}\">{ts}Download iCalendar File{/ts}</a>\n      </td>\n     </tr>\n\n     {if $contact.email}\n      <tr>\n       <th {$headerStyle}>\n        {ts}Registered Email{/ts}\n       </th>\n      </tr>\n      <tr>\n       <td colspan=\"2\" {$valueStyle}>\n        {$contact.email}\n       </td>\n      </tr>\n     {/if}\n\n     {if $register_date}\n      <tr>\n       <td {$labelStyle}>\n        {ts}Registration Date{/ts}\n       </td>\n       <td {$valueStyle}>\n        {$participant.register_date|crmDate}\n       </td>\n      </tr>\n     {/if}\n\n    </table>\n   </td>\n  </tr>\n\n  <tr>\n   <td>\n    <p>{ts 1=$domain.phone 2=$domain.email}Please contact us at %1 or send email to %2 if you have questions.{/ts}</p>\n   </td>\n  </tr>\n\n </table>\n</center>\n\n</body>\n</html>\n',1,547,1,0),(24,'Events - Registration Confirmation Invite','{ts 1=$event.event_title}Confirm your registration for %1{/ts}\n','{ts 1=$contact.display_name}Dear %1{/ts},\n{if !$isAdditional and $participant.id}\n\n===========================================================\n{ts}Confirm Your Registration{/ts}\n\n===========================================================\n{capture assign=confirmUrl}{crmURL p=\'civicrm/event/confirm\' q=\"reset=1&participantId=`$participant.id`&cs=`$checksumValue`\" a=true h=0 fe=1}{/capture}\nClick this link to go to a web page where you can confirm your registration online:\n{$confirmUrl}\n{/if}\n\n===========================================================\n{ts}Event Information and Location{/ts}\n\n===========================================================\n{$event.event_title}\n{$event.event_start_date|crmDate}{if $event.event_end_date}-{if $event.event_end_date|date_format:\"%Y%m%d\" == $event.event_start_date|date_format:\"%Y%m%d\"}{$event.event_end_date|crmDate:0:1}{else}{$event.event_end_date|crmDate}{/if}{/if}\n\n{ts}Participant Role{/ts}: {$participant.role}\n\n{if $isShowLocation}\n{if $event.location.address.1.name}\n\n{$event.location.address.1.name}\n{/if}\n{if $event.location.address.1.street_address}{$event.location.address.1.street_address}\n{/if}\n{if $event.location.address.1.supplemental_address_1}{$event.location.address.1.supplemental_address_1}\n{/if}\n{if $event.location.address.1.supplemental_address_2}{$event.location.address.1.supplemental_address_2}\n{/if}\n{if $event.location.address.1.city}{$event.location.address.1.city} {$event.location.address.1.postal_code}{if $event.location.address.1.postal_code_suffix} - {$event.location.address.1.postal_code_suffix}{/if}\n{/if}\n\n{/if}{*End of isShowLocation condition*}\n\n{if $event.location.phone.1.phone || $event.location.email.1.email}\n\n{ts}Event Contacts:{/ts}\n{foreach from=$event.location.phone item=phone}\n{if $phone.phone}\n\n{if $phone.phone_type}{$phone.phone_type_display}{else}{ts}Phone{/ts}{/if}: {$phone.phone}{/if}\n{/foreach}\n{foreach from=$event.location.email item=eventEmail}\n{if $eventEmail.email}\n\n{ts}Email{/ts}: {$eventEmail.email}{/if}{/foreach}\n{/if}\n\n{capture assign=icalFeed}{crmURL p=\'civicrm/event/ical\' q=\"reset=1&id=`$event.id`\" h=0 a=1 fe=1}{/capture}\n{ts}Download iCalendar File{/ts}: {$icalFeed}\n{if $contact.email}\n\n===========================================================\n{ts}Registered Email{/ts}\n\n===========================================================\n{$contact.email}\n{/if}\n\n{if $register_date}\n{ts}Registration Date{/ts}: {$participant.register_date|crmDate}\n{/if}\n\n{ts 1=$domain.phone 2=$domain.email}Please contact us at %1 or send email to %2 if you have questions.{/ts}\n\n','<!DOCTYPE html PUBLIC \"-//W3C//DTD XHTML 1.0 Transitional//EN\" \"http://www.w3.org/TR/xhtml1/DTD/xhtml1-transitional.dtd\">\n<html xmlns=\"http://www.w3.org/1999/xhtml\">\n<head>\n <meta http-equiv=\"Content-Type\" content=\"text/html; charset=UTF-8\" />\n <title></title>\n</head>\n<body>\n\n{capture assign=headerStyle}colspan=\"2\" style=\"text-align: left; padding: 4px; border-bottom: 1px solid #999; background-color: #eee;\"{/capture}\n{capture assign=labelStyle }style=\"padding: 4px; border-bottom: 1px solid #999; background-color: #f7f7f7;\"{/capture}\n{capture assign=valueStyle }style=\"padding: 4px; border-bottom: 1px solid #999;\"{/capture}\n\n<center>\n <table width=\"620\" border=\"0\" cellpadding=\"0\" cellspacing=\"0\" id=\"crm-event_receipt\" style=\"font-family: Arial, Verdana, sans-serif; text-align: left;\">\n\n  <!-- BEGIN HEADER -->\n  <!-- You can add table row(s) here with logo or other header elements -->\n  <!-- END HEADER -->\n\n  <!-- BEGIN CONTENT -->\n\n  <tr>\n   <td>\n    <p>{ts 1=$contact.display_name}Dear %1{/ts},</p>\n   </td>\n  </tr>\n  {if !$isAdditional and $participant.id}\n   <tr>\n    <th {$headerStyle}>\n     {ts}Confirm Your Registration{/ts}\n    </th>\n   </tr>\n   <tr>\n    <td colspan=\"2\" {$valueStyle}>\n     {capture assign=confirmUrl}{crmURL p=\'civicrm/event/confirm\' q=\"reset=1&participantId=`$participant.id`&cs=`$checksumValue`\" a=true h=0 fe=1}{/capture}\n     <a href=\"{$confirmUrl}\">Go to a web page where you can confirm your registration online</a>\n    </td>\n   </tr>\n  {/if}\n  <tr>\n   <td>\n    <table style=\"border: 1px solid #999; margin: 1em 0em 1em; border-collapse: collapse; width:100%;\">\n     <tr>\n      <th {$headerStyle}>\n       {ts}Event Information and Location{/ts}\n      </th>\n     </tr>\n     <tr>\n      <td colspan=\"2\" {$valueStyle}>\n       {$event.event_title}<br />\n       {$event.event_start_date|crmDate}{if $event.event_end_date}-{if $event.event_end_date|date_format:\"%Y%m%d\" == $event.event_start_date|date_format:\"%Y%m%d\"}{$event.event_end_date|crmDate:0:1}{else}{$event.event_end_date|crmDate}{/if}{/if}\n      </td>\n     </tr>\n     <tr>\n      <td {$labelStyle}>\n       {ts}Participant Role{/ts}:\n      </td>\n      <td {$valueStyle}>\n       {$participant.role}\n      </td>\n     </tr>\n\n     {if $isShowLocation}\n      <tr>\n       <td colspan=\"2\" {$valueStyle}>\n        {if $event.location.address.1.name}\n         {$event.location.address.1.name}<br />\n        {/if}\n        {if $event.location.address.1.street_address}\n         {$event.location.address.1.street_address}<br />\n        {/if}\n        {if $event.location.address.1.supplemental_address_1}\n         {$event.location.address.1.supplemental_address_1}<br />\n        {/if}\n        {if $event.location.address.1.supplemental_address_2}\n         {$event.location.address.1.supplemental_address_2}<br />\n        {/if}\n        {if $event.location.address.1.city}\n         {$event.location.address.1.city} {$event.location.address.1.postal_code}\n         {if $event.location.address.1.postal_code_suffix}\n          - {$event.location.address.1.postal_code_suffix}\n         {/if}\n        {/if}\n       </td>\n      </tr>\n     {/if}\n\n     {if $event.location.phone.1.phone || $event.location.email.1.email}\n      <tr>\n       <td colspan=\"2\" {$labelStyle}>\n        {ts}Event Contacts:{/ts}\n       </td>\n      </tr>\n      {foreach from=$event.location.phone item=phone}\n       {if $phone.phone}\n        <tr>\n         <td {$labelStyle}>\n          {if $phone.phone_type}{$phone.phone_type_display}{else}{ts}Phone{/ts}{/if}\n         </td>\n         <td {$valueStyle}>\n          {$phone.phone}\n         </td>\n        </tr>\n       {/if}\n      {/foreach}\n      {foreach from=$event.location.email item=eventEmail}\n       {if $eventEmail.email}\n        <tr>\n         <td {$labelStyle}>\n          {ts}Email{/ts}\n         </td>\n         <td {$valueStyle}>\n          {$eventEmail.email}\n         </td>\n        </tr>\n       {/if}\n      {/foreach}\n     {/if}\n\n     {capture assign=icalFeed}{crmURL p=\'civicrm/event/ical\' q=\"reset=1&id=`$event.id`\" h=0 a=1 fe=1}{/capture}\n     <tr>\n      <td colspan=\"2\" {$valueStyle}>\n       <a href=\"{$icalFeed}\">{ts}Download iCalendar File{/ts}</a>\n      </td>\n     </tr>\n\n     {if $contact.email}\n      <tr>\n       <th {$headerStyle}>\n        {ts}Registered Email{/ts}\n       </th>\n      </tr>\n      <tr>\n       <td colspan=\"2\" {$valueStyle}>\n        {$contact.email}\n       </td>\n      </tr>\n     {/if}\n\n     {if $register_date}\n      <tr>\n       <td {$labelStyle}>\n        {ts}Registration Date{/ts}\n       </td>\n       <td {$valueStyle}>\n        {$participant.register_date|crmDate}\n       </td>\n      </tr>\n     {/if}\n\n    </table>\n   </td>\n  </tr>\n\n  <tr>\n   <td>\n    <p>{ts 1=$domain.phone 2=$domain.email}Please contact us at %1 or send email to %2 if you have questions.{/ts}</p>\n   </td>\n  </tr>\n\n </table>\n</center>\n\n</body>\n</html>\n',1,547,0,1),(25,'Events - Pending Registration Expiration Notice','{ts 1=$event.event_title}Event registration has expired for %1{/ts}\n','{ts 1=$contact.display_name}Dear %1{/ts},\n\n{ts 1=$event.event_title}Your pending event registration for %1 has expired\nbecause you did not confirm your registration.{/ts}\n\n\n{ts 1=$domain.phone 2=$domain.email}Please contact us at %1 or send email to %2 if you have questions\nor want to inquire about reinstating your registration for this event.{/ts}\n\n===========================================================\n{ts}Event Information and Location{/ts}\n\n===========================================================\n{$event.event_title}\n{$event.event_start_date|crmDate}{if $event.event_end_date}-{if $event.event_end_date|date_format:\"%Y%m%d\" == $event.event_start_date|date_format:\"%Y%m%d\"}{$event.event_end_date|crmDate:0:1}{else}{$event.event_end_date|crmDate}{/if}{/if}\n\n{ts}Participant Role{/ts}: {$participant.role}\n\n{if $isShowLocation}\n{if $event.location.address.1.name}\n\n{$event.location.address.1.name}\n{/if}\n{if $event.location.address.1.street_address}{$event.location.address.1.street_address}\n{/if}\n{if $event.location.address.1.supplemental_address_1}{$event.location.address.1.supplemental_address_1}\n{/if}\n{if $event.location.address.1.supplemental_address_2}{$event.location.address.1.supplemental_address_2}\n{/if}\n{if $event.location.address.1.city}{$event.location.address.1.city} {$event.location.address.1.postal_code}{if $event.location.address.1.postal_code_suffix} - {$event.location.address.1.postal_code_suffix}{/if}\n{/if}\n\n{/if}{*End of isShowLocation condition*}\n\n{if $event.location.phone.1.phone || $event.location.email.1.email}\n\n{ts}Event Contacts:{/ts}\n{foreach from=$event.location.phone item=phone}\n{if $phone.phone}\n\n{if $phone.phone_type}{$phone.phone_type_display}{else}{ts}Phone{/ts}{/if}: {$phone.phone}{/if}\n{/foreach}\n{foreach from=$event.location.email item=eventEmail}\n{if $eventEmail.email}\n\n{ts}Email{/ts}: {$eventEmail.email}{/if}{/foreach}\n{/if}\n\n{capture assign=icalFeed}{crmURL p=\'civicrm/event/ical\' q=\"reset=1&id=`$event.id`\" h=0 a=1 fe=1}{/capture}\n{ts}Download iCalendar File{/ts}: {$icalFeed}\n{if $contact.email}\n\n===========================================================\n{ts}Registered Email{/ts}\n\n===========================================================\n{$contact.email}\n{/if}\n\n{if $register_date}\n{ts}Registration Date{/ts}: {$participant.register_date|crmDate}\n{/if}\n\n{ts 1=$domain.phone 2=$domain.email}Please contact us at %1 or send email to %2 if you have questions.{/ts}\n\n','<!DOCTYPE html PUBLIC \"-//W3C//DTD XHTML 1.0 Transitional//EN\" \"http://www.w3.org/TR/xhtml1/DTD/xhtml1-transitional.dtd\">\n<html xmlns=\"http://www.w3.org/1999/xhtml\">\n<head>\n <meta http-equiv=\"Content-Type\" content=\"text/html; charset=UTF-8\" />\n <title></title>\n</head>\n<body>\n\n{capture assign=headerStyle}colspan=\"2\" style=\"text-align: left; padding: 4px; border-bottom: 1px solid #999; background-color: #eee;\"{/capture}\n{capture assign=labelStyle }style=\"padding: 4px; border-bottom: 1px solid #999; background-color: #f7f7f7;\"{/capture}\n{capture assign=valueStyle }style=\"padding: 4px; border-bottom: 1px solid #999;\"{/capture}\n\n<center>\n <table width=\"620\" border=\"0\" cellpadding=\"0\" cellspacing=\"0\" id=\"crm-event_receipt\" style=\"font-family: Arial, Verdana, sans-serif; text-align: left;\">\n\n  <!-- BEGIN HEADER -->\n  <!-- You can add table row(s) here with logo or other header elements -->\n  <!-- END HEADER -->\n\n  <!-- BEGIN CONTENT -->\n\n  <tr>\n   <td>\n    <p>{ts 1=$contact.display_name}Dear %1{/ts},</p>\n    <p>{ts 1=$event.event_title}Your pending event registration for %1 has expired\nbecause you did not confirm your registration.{/ts}</p>\n    <p>{ts 1=$domain.phone 2=$domain.email}Please contact us at %1 or send email to %2 if you have questions\nor want to inquire about reinstating your registration for this event.{/ts}</p>\n   </td>\n  </tr>\n  <tr>\n   <td>\n    <table style=\"border: 1px solid #999; margin: 1em 0em 1em; border-collapse: collapse; width:100%;\">\n     <tr>\n      <th {$headerStyle}>\n       {ts}Event Information and Location{/ts}\n      </th>\n     </tr>\n     <tr>\n      <td colspan=\"2\" {$valueStyle}>\n       {$event.event_title}<br />\n       {$event.event_start_date|crmDate}{if $event.event_end_date}-{if $event.event_end_date|date_format:\"%Y%m%d\" == $event.event_start_date|date_format:\"%Y%m%d\"}{$event.event_end_date|crmDate:0:1}{else}{$event.event_end_date|crmDate}{/if}{/if}\n      </td>\n     </tr>\n     <tr>\n      <td {$labelStyle}>\n       {ts}Participant Role{/ts}:\n      </td>\n      <td {$valueStyle}>\n       {$participant.role}\n      </td>\n     </tr>\n\n     {if $isShowLocation}\n      <tr>\n       <td colspan=\"2\" {$valueStyle}>\n        {if $event.location.address.1.name}\n         {$event.location.address.1.name}<br />\n        {/if}\n        {if $event.location.address.1.street_address}\n         {$event.location.address.1.street_address}<br />\n        {/if}\n        {if $event.location.address.1.supplemental_address_1}\n         {$event.location.address.1.supplemental_address_1}<br />\n        {/if}\n        {if $event.location.address.1.supplemental_address_2}\n         {$event.location.address.1.supplemental_address_2}<br />\n        {/if}\n        {if $event.location.address.1.city}\n         {$event.location.address.1.city} {$event.location.address.1.postal_code}\n         {if $event.location.address.1.postal_code_suffix}\n          - {$event.location.address.1.postal_code_suffix}\n         {/if}\n        {/if}\n       </td>\n      </tr>\n     {/if}\n\n     {if $event.location.phone.1.phone || $event.location.email.1.email}\n      <tr>\n       <td colspan=\"2\" {$labelStyle}>\n        {ts}Event Contacts:{/ts}\n       </td>\n      </tr>\n      {foreach from=$event.location.phone item=phone}\n       {if $phone.phone}\n        <tr>\n         <td {$labelStyle}>\n          {if $phone.phone_type}{$phone.phone_type_display}{else}{ts}Phone{/ts}{/if}\n         </td>\n         <td {$valueStyle}>\n          {$phone.phone}\n         </td>\n        </tr>\n       {/if}\n      {/foreach}\n      {foreach from=$event.location.email item=eventEmail}\n       {if $eventEmail.email}\n        <tr>\n         <td {$labelStyle}>\n          {ts}Email{/ts}\n         </td>\n         <td {$valueStyle}>\n          {$eventEmail.email}\n         </td>\n        </tr>\n       {/if}\n      {/foreach}\n     {/if}\n\n     {capture assign=icalFeed}{crmURL p=\'civicrm/event/ical\' q=\"reset=1&id=`$event.id`\" h=0 a=1 fe=1}{/capture}\n     <tr>\n      <td colspan=\"2\" {$valueStyle}>\n       <a href=\"{$icalFeed}\">{ts}Download iCalendar File{/ts}</a>\n      </td>\n     </tr>\n\n     {if $contact.email}\n      <tr>\n       <th {$headerStyle}>\n        {ts}Registered Email{/ts}\n       </th>\n      </tr>\n      <tr>\n       <td colspan=\"2\" {$valueStyle}>\n        {$contact.email}\n       </td>\n      </tr>\n     {/if}\n\n     {if $register_date}\n      <tr>\n       <td {$labelStyle}>\n        {ts}Registration Date{/ts}\n       </td>\n       <td {$valueStyle}>\n        {$participant.register_date|crmDate}\n       </td>\n      </tr>\n     {/if}\n\n    </table>\n   </td>\n  </tr>\n\n  <tr>\n   <td>\n    <p>{ts 1=$domain.phone 2=$domain.email}Please contact us at %1 or send email to %2 if you have questions.{/ts}</p>\n   </td>\n  </tr>\n\n </table>\n</center>\n\n</body>\n</html>\n',1,548,1,0),(26,'Events - Pending Registration Expiration Notice','{ts 1=$event.event_title}Event registration has expired for %1{/ts}\n','{ts 1=$contact.display_name}Dear %1{/ts},\n\n{ts 1=$event.event_title}Your pending event registration for %1 has expired\nbecause you did not confirm your registration.{/ts}\n\n\n{ts 1=$domain.phone 2=$domain.email}Please contact us at %1 or send email to %2 if you have questions\nor want to inquire about reinstating your registration for this event.{/ts}\n\n===========================================================\n{ts}Event Information and Location{/ts}\n\n===========================================================\n{$event.event_title}\n{$event.event_start_date|crmDate}{if $event.event_end_date}-{if $event.event_end_date|date_format:\"%Y%m%d\" == $event.event_start_date|date_format:\"%Y%m%d\"}{$event.event_end_date|crmDate:0:1}{else}{$event.event_end_date|crmDate}{/if}{/if}\n\n{ts}Participant Role{/ts}: {$participant.role}\n\n{if $isShowLocation}\n{if $event.location.address.1.name}\n\n{$event.location.address.1.name}\n{/if}\n{if $event.location.address.1.street_address}{$event.location.address.1.street_address}\n{/if}\n{if $event.location.address.1.supplemental_address_1}{$event.location.address.1.supplemental_address_1}\n{/if}\n{if $event.location.address.1.supplemental_address_2}{$event.location.address.1.supplemental_address_2}\n{/if}\n{if $event.location.address.1.city}{$event.location.address.1.city} {$event.location.address.1.postal_code}{if $event.location.address.1.postal_code_suffix} - {$event.location.address.1.postal_code_suffix}{/if}\n{/if}\n\n{/if}{*End of isShowLocation condition*}\n\n{if $event.location.phone.1.phone || $event.location.email.1.email}\n\n{ts}Event Contacts:{/ts}\n{foreach from=$event.location.phone item=phone}\n{if $phone.phone}\n\n{if $phone.phone_type}{$phone.phone_type_display}{else}{ts}Phone{/ts}{/if}: {$phone.phone}{/if}\n{/foreach}\n{foreach from=$event.location.email item=eventEmail}\n{if $eventEmail.email}\n\n{ts}Email{/ts}: {$eventEmail.email}{/if}{/foreach}\n{/if}\n\n{capture assign=icalFeed}{crmURL p=\'civicrm/event/ical\' q=\"reset=1&id=`$event.id`\" h=0 a=1 fe=1}{/capture}\n{ts}Download iCalendar File{/ts}: {$icalFeed}\n{if $contact.email}\n\n===========================================================\n{ts}Registered Email{/ts}\n\n===========================================================\n{$contact.email}\n{/if}\n\n{if $register_date}\n{ts}Registration Date{/ts}: {$participant.register_date|crmDate}\n{/if}\n\n{ts 1=$domain.phone 2=$domain.email}Please contact us at %1 or send email to %2 if you have questions.{/ts}\n\n','<!DOCTYPE html PUBLIC \"-//W3C//DTD XHTML 1.0 Transitional//EN\" \"http://www.w3.org/TR/xhtml1/DTD/xhtml1-transitional.dtd\">\n<html xmlns=\"http://www.w3.org/1999/xhtml\">\n<head>\n <meta http-equiv=\"Content-Type\" content=\"text/html; charset=UTF-8\" />\n <title></title>\n</head>\n<body>\n\n{capture assign=headerStyle}colspan=\"2\" style=\"text-align: left; padding: 4px; border-bottom: 1px solid #999; background-color: #eee;\"{/capture}\n{capture assign=labelStyle }style=\"padding: 4px; border-bottom: 1px solid #999; background-color: #f7f7f7;\"{/capture}\n{capture assign=valueStyle }style=\"padding: 4px; border-bottom: 1px solid #999;\"{/capture}\n\n<center>\n <table width=\"620\" border=\"0\" cellpadding=\"0\" cellspacing=\"0\" id=\"crm-event_receipt\" style=\"font-family: Arial, Verdana, sans-serif; text-align: left;\">\n\n  <!-- BEGIN HEADER -->\n  <!-- You can add table row(s) here with logo or other header elements -->\n  <!-- END HEADER -->\n\n  <!-- BEGIN CONTENT -->\n\n  <tr>\n   <td>\n    <p>{ts 1=$contact.display_name}Dear %1{/ts},</p>\n    <p>{ts 1=$event.event_title}Your pending event registration for %1 has expired\nbecause you did not confirm your registration.{/ts}</p>\n    <p>{ts 1=$domain.phone 2=$domain.email}Please contact us at %1 or send email to %2 if you have questions\nor want to inquire about reinstating your registration for this event.{/ts}</p>\n   </td>\n  </tr>\n  <tr>\n   <td>\n    <table style=\"border: 1px solid #999; margin: 1em 0em 1em; border-collapse: collapse; width:100%;\">\n     <tr>\n      <th {$headerStyle}>\n       {ts}Event Information and Location{/ts}\n      </th>\n     </tr>\n     <tr>\n      <td colspan=\"2\" {$valueStyle}>\n       {$event.event_title}<br />\n       {$event.event_start_date|crmDate}{if $event.event_end_date}-{if $event.event_end_date|date_format:\"%Y%m%d\" == $event.event_start_date|date_format:\"%Y%m%d\"}{$event.event_end_date|crmDate:0:1}{else}{$event.event_end_date|crmDate}{/if}{/if}\n      </td>\n     </tr>\n     <tr>\n      <td {$labelStyle}>\n       {ts}Participant Role{/ts}:\n      </td>\n      <td {$valueStyle}>\n       {$participant.role}\n      </td>\n     </tr>\n\n     {if $isShowLocation}\n      <tr>\n       <td colspan=\"2\" {$valueStyle}>\n        {if $event.location.address.1.name}\n         {$event.location.address.1.name}<br />\n        {/if}\n        {if $event.location.address.1.street_address}\n         {$event.location.address.1.street_address}<br />\n        {/if}\n        {if $event.location.address.1.supplemental_address_1}\n         {$event.location.address.1.supplemental_address_1}<br />\n        {/if}\n        {if $event.location.address.1.supplemental_address_2}\n         {$event.location.address.1.supplemental_address_2}<br />\n        {/if}\n        {if $event.location.address.1.city}\n         {$event.location.address.1.city} {$event.location.address.1.postal_code}\n         {if $event.location.address.1.postal_code_suffix}\n          - {$event.location.address.1.postal_code_suffix}\n         {/if}\n        {/if}\n       </td>\n      </tr>\n     {/if}\n\n     {if $event.location.phone.1.phone || $event.location.email.1.email}\n      <tr>\n       <td colspan=\"2\" {$labelStyle}>\n        {ts}Event Contacts:{/ts}\n       </td>\n      </tr>\n      {foreach from=$event.location.phone item=phone}\n       {if $phone.phone}\n        <tr>\n         <td {$labelStyle}>\n          {if $phone.phone_type}{$phone.phone_type_display}{else}{ts}Phone{/ts}{/if}\n         </td>\n         <td {$valueStyle}>\n          {$phone.phone}\n         </td>\n        </tr>\n       {/if}\n      {/foreach}\n      {foreach from=$event.location.email item=eventEmail}\n       {if $eventEmail.email}\n        <tr>\n         <td {$labelStyle}>\n          {ts}Email{/ts}\n         </td>\n         <td {$valueStyle}>\n          {$eventEmail.email}\n         </td>\n        </tr>\n       {/if}\n      {/foreach}\n     {/if}\n\n     {capture assign=icalFeed}{crmURL p=\'civicrm/event/ical\' q=\"reset=1&id=`$event.id`\" h=0 a=1 fe=1}{/capture}\n     <tr>\n      <td colspan=\"2\" {$valueStyle}>\n       <a href=\"{$icalFeed}\">{ts}Download iCalendar File{/ts}</a>\n      </td>\n     </tr>\n\n     {if $contact.email}\n      <tr>\n       <th {$headerStyle}>\n        {ts}Registered Email{/ts}\n       </th>\n      </tr>\n      <tr>\n       <td colspan=\"2\" {$valueStyle}>\n        {$contact.email}\n       </td>\n      </tr>\n     {/if}\n\n     {if $register_date}\n      <tr>\n       <td {$labelStyle}>\n        {ts}Registration Date{/ts}\n       </td>\n       <td {$valueStyle}>\n        {$participant.register_date|crmDate}\n       </td>\n      </tr>\n     {/if}\n\n    </table>\n   </td>\n  </tr>\n\n  <tr>\n   <td>\n    <p>{ts 1=$domain.phone 2=$domain.email}Please contact us at %1 or send email to %2 if you have questions.{/ts}</p>\n   </td>\n  </tr>\n\n </table>\n</center>\n\n</body>\n</html>\n',1,548,0,1),(27,'Tell-a-Friend Email','{ts 1=$senderContactName 2=$title}%1 wants you to know about %2{/ts}\n','{$senderMessage}\n\n{if $generalLink}{ts}For more information, visit:{/ts}\n>> {$generalLink}\n\n{/if}\n{if $contribute}{ts}To make a contribution, go to:{/ts}\n>> {$pageURL}\n\n{/if}\n{if $event}{ts}To find out more about this event, go to:{/ts}\n>> {$pageURL}\n{/if}\n\n\n','<!DOCTYPE html PUBLIC \"-//W3C//DTD XHTML 1.0 Transitional//EN\" \"http://www.w3.org/TR/xhtml1/DTD/xhtml1-transitional.dtd\">\n<html xmlns=\"http://www.w3.org/1999/xhtml\">\n<head>\n <meta http-equiv=\"Content-Type\" content=\"text/html; charset=UTF-8\" />\n <title></title>\n</head>\n<body>\n\n{capture assign=headerStyle}colspan=\"2\" style=\"text-align: left; padding: 4px; border-bottom: 1px solid #999; background-color: #eee;\"{/capture}\n{capture assign=labelStyle }style=\"padding: 4px; border-bottom: 1px solid #999; background-color: #f7f7f7;\"{/capture}\n{capture assign=valueStyle }style=\"padding: 4px; border-bottom: 1px solid #999;\"{/capture}\n\n<center>\n <table width=\"620\" border=\"0\" cellpadding=\"0\" cellspacing=\"0\" id=\"crm-event_receipt\" style=\"font-family: Arial, Verdana, sans-serif; text-align: left;\">\n\n  <!-- BEGIN HEADER -->\n  <!-- You can add table row(s) here with logo or other header elements -->\n  <!-- END HEADER -->\n\n  <!-- BEGIN CONTENT -->\n\n  <tr>\n   <td>\n    <p>{$senderMessage}</p>\n    {if $generalLink}\n     <p><a href=\"{$generalLink}\">{ts}More information{/ts}</a></p>\n    {/if}\n    {if $contribute}\n     <p><a href=\"{$pageURL}\">{ts}Make a contribution{/ts}</a></p>\n    {/if}\n    {if $event}\n     <p><a href=\"{$pageURL}\">{ts}Find out more about this event{/ts}</a></p>\n    {/if}\n   </td>\n  </tr>\n </table>\n</center>\n\n</body>\n</html>\n',1,549,1,0),(28,'Tell-a-Friend Email','{ts 1=$senderContactName 2=$title}%1 wants you to know about %2{/ts}\n','{$senderMessage}\n\n{if $generalLink}{ts}For more information, visit:{/ts}\n>> {$generalLink}\n\n{/if}\n{if $contribute}{ts}To make a contribution, go to:{/ts}\n>> {$pageURL}\n\n{/if}\n{if $event}{ts}To find out more about this event, go to:{/ts}\n>> {$pageURL}\n{/if}\n\n\n','<!DOCTYPE html PUBLIC \"-//W3C//DTD XHTML 1.0 Transitional//EN\" \"http://www.w3.org/TR/xhtml1/DTD/xhtml1-transitional.dtd\">\n<html xmlns=\"http://www.w3.org/1999/xhtml\">\n<head>\n <meta http-equiv=\"Content-Type\" content=\"text/html; charset=UTF-8\" />\n <title></title>\n</head>\n<body>\n\n{capture assign=headerStyle}colspan=\"2\" style=\"text-align: left; padding: 4px; border-bottom: 1px solid #999; background-color: #eee;\"{/capture}\n{capture assign=labelStyle }style=\"padding: 4px; border-bottom: 1px solid #999; background-color: #f7f7f7;\"{/capture}\n{capture assign=valueStyle }style=\"padding: 4px; border-bottom: 1px solid #999;\"{/capture}\n\n<center>\n <table width=\"620\" border=\"0\" cellpadding=\"0\" cellspacing=\"0\" id=\"crm-event_receipt\" style=\"font-family: Arial, Verdana, sans-serif; text-align: left;\">\n\n  <!-- BEGIN HEADER -->\n  <!-- You can add table row(s) here with logo or other header elements -->\n  <!-- END HEADER -->\n\n  <!-- BEGIN CONTENT -->\n\n  <tr>\n   <td>\n    <p>{$senderMessage}</p>\n    {if $generalLink}\n     <p><a href=\"{$generalLink}\">{ts}More information{/ts}</a></p>\n    {/if}\n    {if $contribute}\n     <p><a href=\"{$pageURL}\">{ts}Make a contribution{/ts}</a></p>\n    {/if}\n    {if $event}\n     <p><a href=\"{$pageURL}\">{ts}Find out more about this event{/ts}</a></p>\n    {/if}\n   </td>\n  </tr>\n </table>\n</center>\n\n</body>\n</html>\n',1,549,0,1),(29,'Memberships - Signup and Renewal Receipts (off-line)','{if $receiptType EQ \'membership signup\'}\n{ts}Membership Confirmation and Receipt{/ts}\n{elseif $receiptType EQ \'membership renewal\'}\n{ts}Membership Renewal Confirmation and Receipt{/ts}\n{/if}\n','{if $formValues.receipt_text_signup}\n{$formValues.receipt_text_signup}\n{elseif $formValues.receipt_text_renewal}\n{$formValues.receipt_text_renewal}\n{else}{ts}Thanks for your support.{/ts}{/if}\n\n{if ! $cancelled}{ts}Please print this receipt for your records.{/ts}\n\n\n{/if}\n===========================================================\n{ts}Membership Information{/ts}\n\n===========================================================\n{ts}Membership Type{/ts}: {$membership_name}\n{if ! $cancelled}\n{ts}Membership Start Date{/ts}: {$mem_start_date}\n{ts}Membership End Date{/ts}: {$mem_end_date}\n{if $formValues.total_amount}\n===========================================================\n{ts}Membership Fee{/ts}\n\n===========================================================\n{if $formValues.contributionType_name}\n{ts}Contribution Type{/ts}: {$formValues.contributionType_name}\n{/if}\n{ts}Amount{/ts}: {$formValues.total_amount|crmMoney}\n{if $receive_date}\n{ts}Received Date{/ts}: {$receive_date|truncate:10:\'\'|crmDate}\n{/if}\n{if $formValues.paidBy}\n{ts}Paid By{/ts}: {$formValues.paidBy}\n{if $formValues.check_number}\n{ts}Check Number{/ts}: {$formValues.check_number} \n{/if}\n{/if}\n{/if}\n{/if}\n\n{if $isPrimary }\n{if $contributeMode ne \'notify\' and !$isAmountzero and !$is_pay_later  }\n\n===========================================================\n{ts}Billing Name and Address{/ts}\n\n===========================================================\n{$billingName}\n{$address}\n{/if}\n\n{if $contributeMode eq \'direct\' and !$isAmountzero and !$is_pay_later}\n===========================================================\n{ts}Credit Card Information{/ts}\n\n===========================================================\n{$credit_card_type}\n{$credit_card_number}\n{ts}Expires{/ts}: {$credit_card_exp_date|truncate:7:\'\'|crmDate}\n{/if}\n{/if}\n\n{if $customValues}\n===========================================================\n{ts}Membership Options{/ts}\n\n===========================================================\n{foreach from=$customValues item=value key=customName}\n {$customName} : {$value}\n{/foreach}\n{/if}\n','<!DOCTYPE html PUBLIC \"-//W3C//DTD XHTML 1.0 Transitional//EN\" \"http://www.w3.org/TR/xhtml1/DTD/xhtml1-transitional.dtd\">\n<html xmlns=\"http://www.w3.org/1999/xhtml\">\n<head>\n <meta http-equiv=\"Content-Type\" content=\"text/html; charset=UTF-8\" />\n <title></title>\n</head>\n<body>\n\n{capture assign=headerStyle}colspan=\"2\" style=\"text-align: left; padding: 4px; border-bottom: 1px solid #999; background-color: #eee;\"{/capture}\n{capture assign=labelStyle }style=\"padding: 4px; border-bottom: 1px solid #999; background-color: #f7f7f7;\"{/capture}\n{capture assign=valueStyle }style=\"padding: 4px; border-bottom: 1px solid #999;\"{/capture}\n\n<center>\n <table width=\"620\" border=\"0\" cellpadding=\"0\" cellspacing=\"0\" id=\"crm-event_receipt\" style=\"font-family: Arial, Verdana, sans-serif; text-align: left;\">\n\n  <!-- BEGIN HEADER -->\n  <!-- You can add table row(s) here with logo or other header elements -->\n  <!-- END HEADER -->\n\n  <!-- BEGIN CONTENT -->\n\n  <tr>\n   <td>\n    {if $formValues.receipt_text_signup}\n     <p>{$formValues.receipt_text_signup|htmlize}</p>\n    {elseif $formValues.receipt_text_renewal}\n     <p>{$formValues.receipt_text_renewal|htmlize}</p>\n    {else}\n     <p>{ts}Thanks for your support.{/ts}</p>\n    {/if}\n    {if ! $cancelled}\n     <p>{ts}Please print this receipt for your records.{/ts}</p>\n    {/if}\n   </td>\n  </tr>\n  <tr>\n   <td>\n    <table style=\"border: 1px solid #999; margin: 1em 0em 1em; border-collapse: collapse; width:100%;\">\n     <tr>\n      <th {$headerStyle}>\n       {ts}Membership Information{/ts}\n      </th>\n     </tr>\n     <tr>\n      <td {$labelStyle}>\n       {ts}Membership Type{/ts}\n      </td>\n      <td {$valueStyle}>\n       {$membership_name}\n      </td>\n     </tr>\n     {if ! $cancelled}\n      <tr>\n       <td {$labelStyle}>\n        {ts}Membership Start Date{/ts}\n       </td>\n       <td {$valueStyle}>\n        {$mem_start_date}\n       </td>\n      </tr>\n      <tr>\n       <td {$labelStyle}>\n        {ts}Membership End Date{/ts}\n       </td>\n       <td {$valueStyle}>\n        {$mem_end_date}\n       </td>\n      </tr>\n      {if $formValues.total_amount}\n       <tr>\n        <th {$headerStyle}>\n         {ts}Membership Fee{/ts}\n        </th>\n       </tr>\n       {if $formValues.contributionType_name}\n        <tr>\n         <td {$labelStyle}>\n          {ts}Contribution Type{/ts}\n         </td>\n         <td {$valueStyle}>\n          {$formValues.contributionType_name}\n         </td>\n        </tr>\n       {/if}\n       <tr>\n        <td {$labelStyle}>\n         {ts}Amount{/ts}\n        </td>\n        <td {$valueStyle}>\n         {$formValues.total_amount|crmMoney}\n        </td>\n       </tr>\n       {if $receive_date}\n        <tr>\n         <td {$labelStyle}>\n          {ts}Received Date{/ts}\n         </td>\n         <td {$valueStyle}>\n          {$receive_date|truncate:10:\'\'|crmDate}\n         </td>\n        </tr>\n       {/if}\n       {if $formValues.paidBy}\n        <tr>\n         <td {$labelStyle}>\n          {ts}Paid By{/ts}\n         </td>\n         <td {$valueStyle}>\n          {$formValues.paidBy}\n         </td>\n        </tr>\n        {if $formValues.check_number}\n         <tr>\n          <td {$labelStyle}>\n           {ts}Check Number{/ts}\n          </td>\n          <td {$valueStyle}>\n           {$formValues.check_number}\n          </td>\n         </tr>\n        {/if}\n       {/if}\n      {/if}\n     {/if}\n    </table>\n   </td>\n  </tr>\n\n  {if $isPrimary}\n   <tr>\n    <td>\n     <table style=\"border: 1px solid #999; margin: 1em 0em 1em; border-collapse: collapse; width:100%;\">\n\n      {if $contributeMode ne \'notify\' and !$isAmountzero and !$is_pay_later }\n       <tr>\n        <th {$headerStyle}>\n         {ts}Billing Name and Address{/ts}\n        </th>\n       </tr>\n       <tr>\n        <td {$labelStyle}>\n         {$billingName}<br />\n         {$address}\n        </td>\n       </tr>\n      {/if}\n\n      {if $contributeMode eq \'direct\' and !$isAmountzero and !$is_pay_later}\n       <tr>\n        <th {$headerStyle}>\n         {ts}Credit Card Information{/ts}\n        </th>\n       </tr>\n       <tr>\n        <td {$valueStyle}>\n         {$credit_card_type}<br />\n         {$credit_card_number}\n        </td>\n       </tr>\n       <tr>\n        <td {$labelStyle}>\n         {ts}Expires{/ts}\n        </td>\n        <td {$valueStyle}>\n         {$credit_card_exp_date|truncate:7:\'\'|crmDate}\n        </td>\n       </tr>\n      {/if}\n\n     </table>\n    </td>\n   </tr>\n  {/if}\n\n  {if $customValues}\n   <tr>\n    <td>\n     <table style=\"border: 1px solid #999; margin: 1em 0em 1em; border-collapse: collapse; width:100%;\">\n      <tr>\n       <th {$headerStyle}>\n        {ts}Membership Options{/ts}\n       </th>\n      </tr>\n      {foreach from=$customValues item=value key=customName}\n       <tr>\n        <td {$labelStyle}>\n         {$customName}\n        </td>\n        <td {$valueStyle}>\n         {$value}\n        </td>\n       </tr>\n      {/foreach}\n     </table>\n    </td>\n   </tr>\n  {/if}\n\n </table>\n</center>\n\n</body>\n</html>\n',1,550,1,0),(30,'Memberships - Signup and Renewal Receipts (off-line)','{if $receiptType EQ \'membership signup\'}\n{ts}Membership Confirmation and Receipt{/ts}\n{elseif $receiptType EQ \'membership renewal\'}\n{ts}Membership Renewal Confirmation and Receipt{/ts}\n{/if}\n','{if $formValues.receipt_text_signup}\n{$formValues.receipt_text_signup}\n{elseif $formValues.receipt_text_renewal}\n{$formValues.receipt_text_renewal}\n{else}{ts}Thanks for your support.{/ts}{/if}\n\n{if ! $cancelled}{ts}Please print this receipt for your records.{/ts}\n\n\n{/if}\n===========================================================\n{ts}Membership Information{/ts}\n\n===========================================================\n{ts}Membership Type{/ts}: {$membership_name}\n{if ! $cancelled}\n{ts}Membership Start Date{/ts}: {$mem_start_date}\n{ts}Membership End Date{/ts}: {$mem_end_date}\n{if $formValues.total_amount}\n===========================================================\n{ts}Membership Fee{/ts}\n\n===========================================================\n{if $formValues.contributionType_name}\n{ts}Contribution Type{/ts}: {$formValues.contributionType_name}\n{/if}\n{ts}Amount{/ts}: {$formValues.total_amount|crmMoney}\n{if $receive_date}\n{ts}Received Date{/ts}: {$receive_date|truncate:10:\'\'|crmDate}\n{/if}\n{if $formValues.paidBy}\n{ts}Paid By{/ts}: {$formValues.paidBy}\n{if $formValues.check_number}\n{ts}Check Number{/ts}: {$formValues.check_number} \n{/if}\n{/if}\n{/if}\n{/if}\n\n{if $isPrimary }\n{if $contributeMode ne \'notify\' and !$isAmountzero and !$is_pay_later  }\n\n===========================================================\n{ts}Billing Name and Address{/ts}\n\n===========================================================\n{$billingName}\n{$address}\n{/if}\n\n{if $contributeMode eq \'direct\' and !$isAmountzero and !$is_pay_later}\n===========================================================\n{ts}Credit Card Information{/ts}\n\n===========================================================\n{$credit_card_type}\n{$credit_card_number}\n{ts}Expires{/ts}: {$credit_card_exp_date|truncate:7:\'\'|crmDate}\n{/if}\n{/if}\n\n{if $customValues}\n===========================================================\n{ts}Membership Options{/ts}\n\n===========================================================\n{foreach from=$customValues item=value key=customName}\n {$customName} : {$value}\n{/foreach}\n{/if}\n','<!DOCTYPE html PUBLIC \"-//W3C//DTD XHTML 1.0 Transitional//EN\" \"http://www.w3.org/TR/xhtml1/DTD/xhtml1-transitional.dtd\">\n<html xmlns=\"http://www.w3.org/1999/xhtml\">\n<head>\n <meta http-equiv=\"Content-Type\" content=\"text/html; charset=UTF-8\" />\n <title></title>\n</head>\n<body>\n\n{capture assign=headerStyle}colspan=\"2\" style=\"text-align: left; padding: 4px; border-bottom: 1px solid #999; background-color: #eee;\"{/capture}\n{capture assign=labelStyle }style=\"padding: 4px; border-bottom: 1px solid #999; background-color: #f7f7f7;\"{/capture}\n{capture assign=valueStyle }style=\"padding: 4px; border-bottom: 1px solid #999;\"{/capture}\n\n<center>\n <table width=\"620\" border=\"0\" cellpadding=\"0\" cellspacing=\"0\" id=\"crm-event_receipt\" style=\"font-family: Arial, Verdana, sans-serif; text-align: left;\">\n\n  <!-- BEGIN HEADER -->\n  <!-- You can add table row(s) here with logo or other header elements -->\n  <!-- END HEADER -->\n\n  <!-- BEGIN CONTENT -->\n\n  <tr>\n   <td>\n    {if $formValues.receipt_text_signup}\n     <p>{$formValues.receipt_text_signup|htmlize}</p>\n    {elseif $formValues.receipt_text_renewal}\n     <p>{$formValues.receipt_text_renewal|htmlize}</p>\n    {else}\n     <p>{ts}Thanks for your support.{/ts}</p>\n    {/if}\n    {if ! $cancelled}\n     <p>{ts}Please print this receipt for your records.{/ts}</p>\n    {/if}\n   </td>\n  </tr>\n  <tr>\n   <td>\n    <table style=\"border: 1px solid #999; margin: 1em 0em 1em; border-collapse: collapse; width:100%;\">\n     <tr>\n      <th {$headerStyle}>\n       {ts}Membership Information{/ts}\n      </th>\n     </tr>\n     <tr>\n      <td {$labelStyle}>\n       {ts}Membership Type{/ts}\n      </td>\n      <td {$valueStyle}>\n       {$membership_name}\n      </td>\n     </tr>\n     {if ! $cancelled}\n      <tr>\n       <td {$labelStyle}>\n        {ts}Membership Start Date{/ts}\n       </td>\n       <td {$valueStyle}>\n        {$mem_start_date}\n       </td>\n      </tr>\n      <tr>\n       <td {$labelStyle}>\n        {ts}Membership End Date{/ts}\n       </td>\n       <td {$valueStyle}>\n        {$mem_end_date}\n       </td>\n      </tr>\n      {if $formValues.total_amount}\n       <tr>\n        <th {$headerStyle}>\n         {ts}Membership Fee{/ts}\n        </th>\n       </tr>\n       {if $formValues.contributionType_name}\n        <tr>\n         <td {$labelStyle}>\n          {ts}Contribution Type{/ts}\n         </td>\n         <td {$valueStyle}>\n          {$formValues.contributionType_name}\n         </td>\n        </tr>\n       {/if}\n       <tr>\n        <td {$labelStyle}>\n         {ts}Amount{/ts}\n        </td>\n        <td {$valueStyle}>\n         {$formValues.total_amount|crmMoney}\n        </td>\n       </tr>\n       {if $receive_date}\n        <tr>\n         <td {$labelStyle}>\n          {ts}Received Date{/ts}\n         </td>\n         <td {$valueStyle}>\n          {$receive_date|truncate:10:\'\'|crmDate}\n         </td>\n        </tr>\n       {/if}\n       {if $formValues.paidBy}\n        <tr>\n         <td {$labelStyle}>\n          {ts}Paid By{/ts}\n         </td>\n         <td {$valueStyle}>\n          {$formValues.paidBy}\n         </td>\n        </tr>\n        {if $formValues.check_number}\n         <tr>\n          <td {$labelStyle}>\n           {ts}Check Number{/ts}\n          </td>\n          <td {$valueStyle}>\n           {$formValues.check_number}\n          </td>\n         </tr>\n        {/if}\n       {/if}\n      {/if}\n     {/if}\n    </table>\n   </td>\n  </tr>\n\n  {if $isPrimary}\n   <tr>\n    <td>\n     <table style=\"border: 1px solid #999; margin: 1em 0em 1em; border-collapse: collapse; width:100%;\">\n\n      {if $contributeMode ne \'notify\' and !$isAmountzero and !$is_pay_later }\n       <tr>\n        <th {$headerStyle}>\n         {ts}Billing Name and Address{/ts}\n        </th>\n       </tr>\n       <tr>\n        <td {$labelStyle}>\n         {$billingName}<br />\n         {$address}\n        </td>\n       </tr>\n      {/if}\n\n      {if $contributeMode eq \'direct\' and !$isAmountzero and !$is_pay_later}\n       <tr>\n        <th {$headerStyle}>\n         {ts}Credit Card Information{/ts}\n        </th>\n       </tr>\n       <tr>\n        <td {$valueStyle}>\n         {$credit_card_type}<br />\n         {$credit_card_number}\n        </td>\n       </tr>\n       <tr>\n        <td {$labelStyle}>\n         {ts}Expires{/ts}\n        </td>\n        <td {$valueStyle}>\n         {$credit_card_exp_date|truncate:7:\'\'|crmDate}\n        </td>\n       </tr>\n      {/if}\n\n     </table>\n    </td>\n   </tr>\n  {/if}\n\n  {if $customValues}\n   <tr>\n    <td>\n     <table style=\"border: 1px solid #999; margin: 1em 0em 1em; border-collapse: collapse; width:100%;\">\n      <tr>\n       <th {$headerStyle}>\n        {ts}Membership Options{/ts}\n       </th>\n      </tr>\n      {foreach from=$customValues item=value key=customName}\n       <tr>\n        <td {$labelStyle}>\n         {$customName}\n        </td>\n        <td {$valueStyle}>\n         {$value}\n        </td>\n       </tr>\n      {/foreach}\n     </table>\n    </td>\n   </tr>\n  {/if}\n\n </table>\n</center>\n\n</body>\n</html>\n',1,550,0,1),(31,'Memberships - Receipt (on-line)','{if $is_pay_later}{ts}Invoice{/ts}{else}{ts}Receipt{/ts}{/if} - {$title}\n','{if $receipt_text}\n{$receipt_text}\n{/if}\n{if $is_pay_later}\n\n===========================================================\n{$pay_later_receipt}\n===========================================================\n{else}\n\n{ts}Please print this receipt for your records.{/ts}\n{/if}\n\n{if $membership_assign}\n===========================================================\n{ts}Membership Information{/ts}\n\n===========================================================\n{ts}Membership Type{/ts}: {$membership_name}\n{if $mem_start_date}{ts}Membership Start Date{/ts}: {$mem_start_date|crmDate}\n{/if}\n{if $mem_end_date}{ts}Membership End Date{/ts}: {$mem_end_date|crmDate}\n{/if}\n\n{/if}\n{if $amount}\n===========================================================\n{ts}Membership Fee{/ts}\n\n===========================================================\n{if $membership_amount }\n{ts 1=$membership_name}%1 Membership{/ts}: {$membership_amount|crmMoney}\n{if $amount}\n{if ! $is_separate_payment }\n{ts}Contribution Amount{/ts}: {$amount|crmMoney}\n{else}\n{ts}Additional Contribution{/ts}: {$amount|crmMoney}\n{/if}\n{/if}\n-------------------------------------------\n{ts}Total{/ts}: {$amount+$membership_amount|crmMoney}\n{elseif $lineItem and $priceSetID}\n{foreach from=$lineItem item=value key=priceset}\n---------------------------------------------------------\n{capture assign=ts_item}{ts}Item{/ts}{/capture}\n{capture assign=ts_qty}{ts}Qty{/ts}{/capture}\n{capture assign=ts_each}{ts}Each{/ts}{/capture}\n{capture assign=ts_total}{ts}Total{/ts}{/capture}\n{$ts_item|string_format:\"%-30s\"} {$ts_qty|string_format:\"%5s\"} {$ts_each|string_format:\"%10s\"} {$ts_total|string_format:\"%10s\"}\n----------------------------------------------------------\n{foreach from=$value item=line}\n{$line.description|truncate:30:\"...\"|string_format:\"%-30s\"} {$line.qty|string_format:\"%5s\"} {$line.unit_price|crmMoney|string_format:\"%10s\"} {$line.line_total|crmMoney|string_format:\"%10s\"}\n{/foreach}\n{/foreach}\n\n{ts}Total Amount{/ts}: {$amount|crmMoney}\n{else}\n{ts}Amount{/ts}: {$amount|crmMoney} {if $amount_level } - {$amount_level} {/if}\n{/if}\n{elseif $membership_amount}\n===========================================================\n{ts}Membership Fee{/ts}\n\n===========================================================\n{ts 1=$membership_name}%1 Membership{/ts}: {$membership_amount|crmMoney}\n{/if}\n{if $receive_date}\n\n{ts}Date{/ts}: {$receive_date|crmDate}\n{/if}\n{if $is_monetary and $trxn_id}\n{ts}Transaction #{/ts}: {$trxn_id}\n\n{/if}\n{if $membership_trx_id}\n{ts}Membership Transaction #{/ts}: {$membership_trx_id}\n\n{/if}\n{if $is_recur}\n{if $contributeMode eq \'notify\' or $contributeMode eq \'directIPN\'}\n{ts 1=$cancelSubscriptionUrl}This membership will be renewed automatically. You can modify or cancel the auto-renewal option by visiting this web page: %1.{/ts}\n{/if}\n{/if}\n\n{if $honor_block_is_active }\n===========================================================\n{$honor_type}\n===========================================================\n{$honor_prefix} {$honor_first_name} {$honor_last_name}\n{if $honor_email}\n{ts}Honoree Email{/ts}: {$honor_email}\n{/if}\n\n{/if}\n{if $pcpBlock}\n===========================================================\n{ts}Personal Campaign Page{/ts}\n\n===========================================================\n{ts}Display In Honor Roll{/ts}: {if $pcp_display_in_roll}{ts}Yes{/ts}{else}{ts}No{/ts}{/if}\n\n{if $pcp_roll_nickname}{ts}Nick Name{/ts}: {$pcp_roll_nickname}{/if}\n\n{if $pcp_personal_note}{ts}Personal Note{/ts}: {$pcp_personal_note}{/if}\n\n{/if}\n{if $onBehalfName}\n===========================================================\n{ts}On Behalf Of{/ts}\n\n===========================================================\n{$onBehalfName}\n{$onBehalfAddress}\n\n{$onBehalfEmail}\n\n{/if}\n\n{if !( $contributeMode eq \'notify\' OR $contributeMode eq \'directIPN\' ) and $is_monetary}\n{if $is_pay_later}\n===========================================================\n{ts}Registered Email{/ts}\n\n===========================================================\n{$email}\n{elseif $amount GT 0 OR $membership_amount GT 0 }\n===========================================================\n{ts}Billing Name and Address{/ts}\n\n===========================================================\n{$billingName}\n{$address}\n\n{$email}\n{/if} {* End ! is_pay_later condition. *}\n{/if}\n{if $contributeMode eq \'direct\' AND !$is_pay_later AND ( $amount GT 0 OR $membership_amount GT 0 ) }\n\n===========================================================\n{ts}Credit Card Information{/ts}\n\n===========================================================\n{$credit_card_type}\n{$credit_card_number}\n{ts}Expires{/ts}: {$credit_card_exp_date|truncate:7:\'\'|crmDate}\n{/if}\n\n{if $selectPremium }\n===========================================================\n{ts}Premium Information{/ts}\n\n===========================================================\n{$product_name}\n{if $option}\n{ts}Option{/ts}: {$option}\n{/if}\n{if $sku}\n{ts}SKU{/ts}: {$sku}\n{/if}\n{if $start_date}\n{ts}Start Date{/ts}: {$start_date|crmDate}\n{/if}\n{if $end_date}\n{ts}End Date{/ts}: {$end_date|crmDate}\n{/if}\n{if $contact_email OR $contact_phone}\n\n{ts}For information about this premium, contact:{/ts}\n\n{if $contact_email}\n  {$contact_email}\n{/if}\n{if $contact_phone}\n  {$contact_phone}\n{/if}\n{/if}\n{if $is_deductible AND $price}\n\n{ts 1=$price|crmMoney}The value of this premium is %1. This may affect the amount of the tax deduction you can claim. Consult your tax advisor for more information.{/ts}{/if}\n{/if}\n\n{if $customPre}\n===========================================================\n{$customPre_grouptitle}\n\n===========================================================\n{foreach from=$customPre item=customValue key=customName}\n{if ( $trackingFields and ! in_array( $customName, $trackingFields ) ) or ! $trackingFields}\n {$customName}: {$customValue}\n{/if}\n{/foreach}\n{/if}\n\n\n{if $customPost}\n===========================================================\n{$customPost_grouptitle}\n\n===========================================================\n{foreach from=$customPost item=customValue key=customName}\n{if ( $trackingFields and ! in_array( $customName, $trackingFields ) ) or ! $trackingFields}\n {$customName}: {$customValue}\n{/if}\n{/foreach}\n{/if}\n','<!DOCTYPE html PUBLIC \"-//W3C//DTD XHTML 1.0 Transitional//EN\" \"http://www.w3.org/TR/xhtml1/DTD/xhtml1-transitional.dtd\">\n<html xmlns=\"http://www.w3.org/1999/xhtml\">\n<head>\n <meta http-equiv=\"Content-Type\" content=\"text/html; charset=UTF-8\" />\n <title></title>\n</head>\n<body>\n\n{capture assign=headerStyle}colspan=\"2\" style=\"text-align: left; padding: 4px; border-bottom: 1px solid #999; background-color: #eee;\"{/capture}\n{capture assign=labelStyle }style=\"padding: 4px; border-bottom: 1px solid #999; background-color: #f7f7f7;\"{/capture}\n{capture assign=valueStyle }style=\"padding: 4px; border-bottom: 1px solid #999;\"{/capture}\n\n<center>\n <table width=\"620\" border=\"0\" cellpadding=\"0\" cellspacing=\"0\" id=\"crm-event_receipt\" style=\"font-family: Arial, Verdana, sans-serif; text-align: left;\">\n\n  <!-- BEGIN HEADER -->\n  <!-- You can add table row(s) here with logo or other header elements -->\n  <!-- END HEADER -->\n\n  <!-- BEGIN CONTENT -->\n\n  <tr>\n   <td>\n\n    {if $receipt_text}\n     <p>{$receipt_text|htmlize}</p>\n    {/if}\n\n    {if $is_pay_later}\n     <p>{$pay_later_receipt}</p> {* FIXME: this might be text rather than HTML *}\n    {else}\n     <p>{ts}Please print this confirmation for your records.{/ts}</p>\n    {/if}\n\n   </td>\n  </tr>\n  <tr>\n   <td>\n    <table style=\"border: 1px solid #999; margin: 1em 0em 1em; border-collapse: collapse; width:100%;\">\n\n     {if $membership_assign}\n      <tr>\n       <th {$headerStyle}>\n        {ts}Membership Information{/ts}\n       </th>\n      </tr>\n      <tr>\n       <td {$labelStyle}>\n        {ts}Membership Type{/ts}\n       </td>\n       <td {$valueStyle}>\n        {$membership_name}\n       </td>\n      </tr>\n      {if $mem_start_date}\n       <tr>\n        <td {$labelStyle}>\n         {ts}Membership Start Date{/ts}\n        </td>\n        <td {$valueStyle}>\n         {$mem_start_date|crmDate}\n        </td>\n       </tr>\n      {/if}\n      {if $mem_end_date}\n       <tr>\n        <td {$labelStyle}>\n         {ts}Membership End Date{/ts}\n        </td>\n        <td {$valueStyle}>\n          {$mem_end_date|crmDate}\n        </td>\n       </tr>\n      {/if}\n     {/if}\n\n\n     {if $amount}\n\n\n      <tr>\n       <th {$headerStyle}>\n        {ts}Membership Fee{/ts}\n       </th>\n      </tr>\n\n      {if $membership_amount}\n\n       <tr>\n        <td {$labelStyle}>\n         {ts 1=$membership_name}%1 Membership{/ts}\n        </td>\n        <td {$valueStyle}>\n         {$membership_amount|crmMoney}\n        </td>\n       </tr>\n       {if $amount}\n        {if ! $is_separate_payment }\n         <tr>\n          <td {$labelStyle}>\n           {ts}Contribution Amount{/ts}\n          </td>\n          <td {$valueStyle}>\n           {$amount|crmMoney}\n          </td>\n         </tr>\n        {else}\n         <tr>\n          <td {$labelStyle}>\n           {ts}Additional Contribution{/ts}\n          </td>\n          <td {$valueStyle}>\n           {$amount|crmMoney}\n          </td>\n         </tr>\n        {/if}\n       {/if}\n       <tr>\n        <td {$labelStyle}>\n         {ts}Total{/ts}\n        </td>\n        <td {$valueStyle}>\n         {$amount+$membership_amount|crmMoney}\n        </td>\n       </tr>\n\n      {elseif $lineItem and $priceSetID}\n\n       {foreach from=$lineItem item=value key=priceset}\n        <tr>\n         <td colspan=\"2\" {$valueStyle}>\n          <table> {* FIXME: style this table so that it looks like the text version (justification, etc.) *}\n           <tr>\n            <th>{ts}Item{/ts}</th>\n            <th>{ts}Qty{/ts}</th>\n            <th>{ts}Each{/ts}</th>\n            <th>{ts}Total{/ts}</th>\n           </tr>\n           {foreach from=$value item=line}\n            <tr>\n             <td>\n              {$line.description|truncate:30:\"...\"}\n             </td>\n             <td>\n              {$line.qty}\n             </td>\n             <td>\n              {$line.unit_price|crmMoney}\n             </td>\n             <td>\n              {$line.line_total|crmMoney}\n             </td>\n            </tr>\n           {/foreach}\n          </table>\n         </td>\n        </tr>\n       {/foreach}\n       <tr>\n        <td {$labelStyle}>\n         {ts}Total Amount{/ts}\n        </td>\n        <td {$valueStyle}>\n         {$amount|crmMoney}\n        </td>\n       </tr>\n\n      {else}\n\n       <tr>\n        <td {$labelStyle}>\n         {ts}Amount{/ts}\n        </td>\n        <td {$valueStyle}>\n         {$amount|crmMoney} {if $amount_level} - {$amount_level}{/if}\n        </td>\n       </tr>\n\n      {/if}\n\n\n     {elseif $membership_amount}\n\n\n      <tr>\n       <th {$headerStyle}>\n        {ts}Membership Fee{/ts}\n       </th>\n      </tr>\n      <tr>\n       <td {$labelStyle}>\n        {ts 1=$membership_name}%1 Membership{/ts}\n       </td>\n       <td {$valueStyle}>\n        {$membership_amount|crmMoney}\n       </td>\n      </tr>\n\n\n     {/if}\n\n\n     {if $receive_date}\n      <tr>\n       <td {$labelStyle}>\n        {ts}Date{/ts}\n       </td>\n       <td {$valueStyle}>\n        {$receive_date|crmDate}\n       </td>\n      </tr>\n     {/if}\n\n     {if $is_monetary and $trxn_id}\n      <tr>\n       <td {$labelStyle}>\n        {ts}Transaction #{/ts}\n       </td>\n       <td {$valueStyle}>\n        {$trxn_id}\n       </td>\n      </tr>\n     {/if}\n\n     {if $membership_trx_id}\n      <tr>\n       <td {$labelStyle}>\n        {ts}Membership Transaction #{/ts}\n       </td>\n       <td {$valueStyle}>\n        {$membership_trx_id}\n       </td>\n      </tr>\n     {/if}\n     {if $is_recur}\n      {if $contributeMode eq \'notify\' or $contributeMode eq \'directIPN\'}\n       <tr>\n        <td {$labelStyle}>\n         {ts 1=$cancelSubscriptionUrl}This membership will be renewed automatically. You can modify or cancel the auto-renewal option by <a href=\"%1\">visiting this web page</a>.{/ts}\n        </td>\n       </tr>\n      {/if}\n     {/if}\n\n     {if $honor_block_is_active}\n      <tr>\n       <th {$headerStyle}>\n        {$honor_type}\n       </th>\n      </tr>\n      <tr>\n       <td colspan=\"2\" {$labelStyle}>\n        {$honor_prefix} {$honor_first_name} {$honor_last_name}\n       </td>\n      </tr>\n      {if $honor_email}\n       <tr>\n        <td {$labelStyle}>\n         {ts}Honoree Email{/ts}\n        </td>\n        <td {$valueStyle}>\n         {$honor_email}\n        </td>\n       </tr>\n      {/if}\n     {/if}\n\n     {if $pcpBlock}\n      <tr>\n       <th {$headerStyle}>\n        {ts}Personal Campaign Page{/ts}\n       </th>\n      </tr>\n      <tr>\n       <td {$labelStyle}>\n        {ts}Display In Honor Roll{/ts}\n       </td>\n       <td {$valueStyle}>\n        {if $pcp_display_in_roll}{ts}Yes{/ts}{else}{ts}No{/ts}{/if}\n       </td>\n      </tr>\n      {if $pcp_roll_nickname}\n       <tr>\n        <td {$labelStyle}>\n         {ts}Nick Name{/ts}\n        </td>\n        <td {$valueStyle}>\n         {$pcp_roll_nickname}\n        </td>\n       </tr>\n      {/if}\n      {if $pcp_personal_note}\n       <tr>\n        <td {$labelStyle}>\n         {ts}Personal Note{/ts}\n        </td>\n        <td {$valueStyle}>\n         {$pcp_personal_note}\n        </td>\n       </tr>\n      {/if}\n     {/if}\n\n     {if $onBehalfName}\n      <tr>\n       <th {$headerStyle}>\n        {ts}On Behalf Of{/ts}\n       </th>\n      </tr>\n      <tr>\n       <td colspan=\"2\" {$valueStyle}>\n        {$onBehalfName}<br />\n        {$onBehalfAddress|nl2br}<br />\n        {$onBehalfEmail}\n       </td>\n      </tr>\n     {/if}\n\n     {if ! ($contributeMode eq \'notify\' OR $contributeMode eq \'directIPN\') and $is_monetary}\n      {if $is_pay_later}\n       <tr>\n        <th {$headerStyle}>\n         {ts}Registered Email{/ts}\n        </th>\n       </tr>\n       <tr>\n        <td colspan=\"2\" {$valueStyle}>\n         {$email}\n        </td>\n       </tr>\n      {elseif $amount GT 0 OR $membership_amount GT 0}\n       <tr>\n        <th {$headerStyle}>\n         {ts}Billing Name and Address{/ts}\n        </th>\n       </tr>\n       <tr>\n        <td colspan=\"2\" {$valueStyle}>\n         {$billingName}<br />\n         {$address|nl2br}<br />\n         {$email}\n        </td>\n       </tr>\n      {/if}\n     {/if}\n\n     {if $contributeMode eq \'direct\' AND !$is_pay_later AND ($amount GT 0 OR $membership_amount GT 0)}\n      <tr>\n       <th {$headerStyle}>\n        {ts}Credit Card Information{/ts}\n       </th>\n      </tr>\n      <tr>\n       <td colspan=\"2\" {$valueStyle}>\n        {$credit_card_type}<br />\n        {$credit_card_number}<br />\n        {ts}Expires{/ts}: {$credit_card_exp_date|truncate:7:\'\'|crmDate}<br />\n       </td>\n      </tr>\n     {/if}\n\n     {if $selectPremium}\n      <tr>\n       <th {$headerStyle}>\n        {ts}Premium Information{/ts}\n       </th>\n      </tr>\n      <tr>\n       <td colspan=\"2\" {$labelStyle}>\n        {$product_name}\n       </td>\n      </tr>\n      {if $option}\n       <tr>\n        <td {$labelStyle}>\n         {ts}Option{/ts}\n        </td>\n        <td {$valueStyle}>\n         {$option}\n        </td>\n       </tr>\n      {/if}\n      {if $sku}\n       <tr>\n        <td {$labelStyle}>\n         {ts}SKU{/ts}\n        </td>\n        <td {$valueStyle}>\n         {$sku}\n        </td>\n       </tr>\n      {/if}\n      {if $start_date}\n       <tr>\n        <td {$labelStyle}>\n         {ts}Start Date{/ts}\n        </td>\n        <td {$valueStyle}>\n         {$start_date|crmDate}\n        </td>\n       </tr>\n      {/if}\n      {if $end_date}\n       <tr>\n        <td {$labelStyle}>\n         {ts}End Date{/ts}\n        </td>\n        <td {$valueStyle}>\n         {$end_date|crmDate}\n        </td>\n       </tr>\n      {/if}\n      {if $contact_email OR $contact_phone}\n       <tr>\n        <td colspan=\"2\" {$valueStyle}>\n         <p>{ts}For information about this premium, contact:{/ts}</p>\n         {if $contact_email}\n          <p>{$contact_email}</p>\n         {/if}\n         {if $contact_phone}\n          <p>{$contact_phone}</p>\n         {/if}\n        </td>\n       </tr>\n      {/if}\n      {if $is_deductible AND $price}\n        <tr>\n         <td colspan=\"2\" {$valueStyle}>\n          <p>{ts 1=$price|crmMoney}The value of this premium is %1. This may affect the amount of the tax deduction you can claim. Consult your tax advisor for more information.{/ts}</p>\n         </td>\n        </tr>\n      {/if}\n     {/if}\n\n     {if $customPre}\n      <tr>\n       <th {$headerStyle}>\n        {$customPre_grouptitle}\n       </th>\n      </tr>\n      {foreach from=$customPre item=customValue key=customName}\n       {if ($trackingFields and ! in_array($customName, $trackingFields)) or ! $trackingFields}\n        <tr>\n         <td {$labelStyle}>\n          {$customName}\n         </td>\n         <td {$valueStyle}>\n          {$customValue}\n         </td>\n        </tr>\n       {/if}\n      {/foreach}\n     {/if}\n\n     {if $customPost}\n      <tr>\n       <th {$headerStyle}>\n        {$customPost_grouptitle}\n       </th>\n      </tr>\n      {foreach from=$customPost item=customValue key=customName}\n       {if ($trackingFields and ! in_array($customName, $trackingFields)) or ! $trackingFields}\n        <tr>\n         <td {$labelStyle}>\n          {$customName}\n         </td>\n         <td {$valueStyle}>\n          {$customValue}\n         </td>\n        </tr>\n       {/if}\n      {/foreach}\n     {/if}\n\n    </table>\n   </td>\n  </tr>\n  \n </table>\n</center>\n\n</body>\n</html>\n',1,551,1,0),(32,'Memberships - Receipt (on-line)','{if $is_pay_later}{ts}Invoice{/ts}{else}{ts}Receipt{/ts}{/if} - {$title}\n','{if $receipt_text}\n{$receipt_text}\n{/if}\n{if $is_pay_later}\n\n===========================================================\n{$pay_later_receipt}\n===========================================================\n{else}\n\n{ts}Please print this receipt for your records.{/ts}\n{/if}\n\n{if $membership_assign}\n===========================================================\n{ts}Membership Information{/ts}\n\n===========================================================\n{ts}Membership Type{/ts}: {$membership_name}\n{if $mem_start_date}{ts}Membership Start Date{/ts}: {$mem_start_date|crmDate}\n{/if}\n{if $mem_end_date}{ts}Membership End Date{/ts}: {$mem_end_date|crmDate}\n{/if}\n\n{/if}\n{if $amount}\n===========================================================\n{ts}Membership Fee{/ts}\n\n===========================================================\n{if $membership_amount }\n{ts 1=$membership_name}%1 Membership{/ts}: {$membership_amount|crmMoney}\n{if $amount}\n{if ! $is_separate_payment }\n{ts}Contribution Amount{/ts}: {$amount|crmMoney}\n{else}\n{ts}Additional Contribution{/ts}: {$amount|crmMoney}\n{/if}\n{/if}\n-------------------------------------------\n{ts}Total{/ts}: {$amount+$membership_amount|crmMoney}\n{elseif $lineItem and $priceSetID}\n{foreach from=$lineItem item=value key=priceset}\n---------------------------------------------------------\n{capture assign=ts_item}{ts}Item{/ts}{/capture}\n{capture assign=ts_qty}{ts}Qty{/ts}{/capture}\n{capture assign=ts_each}{ts}Each{/ts}{/capture}\n{capture assign=ts_total}{ts}Total{/ts}{/capture}\n{$ts_item|string_format:\"%-30s\"} {$ts_qty|string_format:\"%5s\"} {$ts_each|string_format:\"%10s\"} {$ts_total|string_format:\"%10s\"}\n----------------------------------------------------------\n{foreach from=$value item=line}\n{$line.description|truncate:30:\"...\"|string_format:\"%-30s\"} {$line.qty|string_format:\"%5s\"} {$line.unit_price|crmMoney|string_format:\"%10s\"} {$line.line_total|crmMoney|string_format:\"%10s\"}\n{/foreach}\n{/foreach}\n\n{ts}Total Amount{/ts}: {$amount|crmMoney}\n{else}\n{ts}Amount{/ts}: {$amount|crmMoney} {if $amount_level } - {$amount_level} {/if}\n{/if}\n{elseif $membership_amount}\n===========================================================\n{ts}Membership Fee{/ts}\n\n===========================================================\n{ts 1=$membership_name}%1 Membership{/ts}: {$membership_amount|crmMoney}\n{/if}\n{if $receive_date}\n\n{ts}Date{/ts}: {$receive_date|crmDate}\n{/if}\n{if $is_monetary and $trxn_id}\n{ts}Transaction #{/ts}: {$trxn_id}\n\n{/if}\n{if $membership_trx_id}\n{ts}Membership Transaction #{/ts}: {$membership_trx_id}\n\n{/if}\n{if $is_recur}\n{if $contributeMode eq \'notify\' or $contributeMode eq \'directIPN\'}\n{ts 1=$cancelSubscriptionUrl}This membership will be renewed automatically. You can modify or cancel the auto-renewal option by visiting this web page: %1.{/ts}\n{/if}\n{/if}\n\n{if $honor_block_is_active }\n===========================================================\n{$honor_type}\n===========================================================\n{$honor_prefix} {$honor_first_name} {$honor_last_name}\n{if $honor_email}\n{ts}Honoree Email{/ts}: {$honor_email}\n{/if}\n\n{/if}\n{if $pcpBlock}\n===========================================================\n{ts}Personal Campaign Page{/ts}\n\n===========================================================\n{ts}Display In Honor Roll{/ts}: {if $pcp_display_in_roll}{ts}Yes{/ts}{else}{ts}No{/ts}{/if}\n\n{if $pcp_roll_nickname}{ts}Nick Name{/ts}: {$pcp_roll_nickname}{/if}\n\n{if $pcp_personal_note}{ts}Personal Note{/ts}: {$pcp_personal_note}{/if}\n\n{/if}\n{if $onBehalfName}\n===========================================================\n{ts}On Behalf Of{/ts}\n\n===========================================================\n{$onBehalfName}\n{$onBehalfAddress}\n\n{$onBehalfEmail}\n\n{/if}\n\n{if !( $contributeMode eq \'notify\' OR $contributeMode eq \'directIPN\' ) and $is_monetary}\n{if $is_pay_later}\n===========================================================\n{ts}Registered Email{/ts}\n\n===========================================================\n{$email}\n{elseif $amount GT 0 OR $membership_amount GT 0 }\n===========================================================\n{ts}Billing Name and Address{/ts}\n\n===========================================================\n{$billingName}\n{$address}\n\n{$email}\n{/if} {* End ! is_pay_later condition. *}\n{/if}\n{if $contributeMode eq \'direct\' AND !$is_pay_later AND ( $amount GT 0 OR $membership_amount GT 0 ) }\n\n===========================================================\n{ts}Credit Card Information{/ts}\n\n===========================================================\n{$credit_card_type}\n{$credit_card_number}\n{ts}Expires{/ts}: {$credit_card_exp_date|truncate:7:\'\'|crmDate}\n{/if}\n\n{if $selectPremium }\n===========================================================\n{ts}Premium Information{/ts}\n\n===========================================================\n{$product_name}\n{if $option}\n{ts}Option{/ts}: {$option}\n{/if}\n{if $sku}\n{ts}SKU{/ts}: {$sku}\n{/if}\n{if $start_date}\n{ts}Start Date{/ts}: {$start_date|crmDate}\n{/if}\n{if $end_date}\n{ts}End Date{/ts}: {$end_date|crmDate}\n{/if}\n{if $contact_email OR $contact_phone}\n\n{ts}For information about this premium, contact:{/ts}\n\n{if $contact_email}\n  {$contact_email}\n{/if}\n{if $contact_phone}\n  {$contact_phone}\n{/if}\n{/if}\n{if $is_deductible AND $price}\n\n{ts 1=$price|crmMoney}The value of this premium is %1. This may affect the amount of the tax deduction you can claim. Consult your tax advisor for more information.{/ts}{/if}\n{/if}\n\n{if $customPre}\n===========================================================\n{$customPre_grouptitle}\n\n===========================================================\n{foreach from=$customPre item=customValue key=customName}\n{if ( $trackingFields and ! in_array( $customName, $trackingFields ) ) or ! $trackingFields}\n {$customName}: {$customValue}\n{/if}\n{/foreach}\n{/if}\n\n\n{if $customPost}\n===========================================================\n{$customPost_grouptitle}\n\n===========================================================\n{foreach from=$customPost item=customValue key=customName}\n{if ( $trackingFields and ! in_array( $customName, $trackingFields ) ) or ! $trackingFields}\n {$customName}: {$customValue}\n{/if}\n{/foreach}\n{/if}\n','<!DOCTYPE html PUBLIC \"-//W3C//DTD XHTML 1.0 Transitional//EN\" \"http://www.w3.org/TR/xhtml1/DTD/xhtml1-transitional.dtd\">\n<html xmlns=\"http://www.w3.org/1999/xhtml\">\n<head>\n <meta http-equiv=\"Content-Type\" content=\"text/html; charset=UTF-8\" />\n <title></title>\n</head>\n<body>\n\n{capture assign=headerStyle}colspan=\"2\" style=\"text-align: left; padding: 4px; border-bottom: 1px solid #999; background-color: #eee;\"{/capture}\n{capture assign=labelStyle }style=\"padding: 4px; border-bottom: 1px solid #999; background-color: #f7f7f7;\"{/capture}\n{capture assign=valueStyle }style=\"padding: 4px; border-bottom: 1px solid #999;\"{/capture}\n\n<center>\n <table width=\"620\" border=\"0\" cellpadding=\"0\" cellspacing=\"0\" id=\"crm-event_receipt\" style=\"font-family: Arial, Verdana, sans-serif; text-align: left;\">\n\n  <!-- BEGIN HEADER -->\n  <!-- You can add table row(s) here with logo or other header elements -->\n  <!-- END HEADER -->\n\n  <!-- BEGIN CONTENT -->\n\n  <tr>\n   <td>\n\n    {if $receipt_text}\n     <p>{$receipt_text|htmlize}</p>\n    {/if}\n\n    {if $is_pay_later}\n     <p>{$pay_later_receipt}</p> {* FIXME: this might be text rather than HTML *}\n    {else}\n     <p>{ts}Please print this confirmation for your records.{/ts}</p>\n    {/if}\n\n   </td>\n  </tr>\n  <tr>\n   <td>\n    <table style=\"border: 1px solid #999; margin: 1em 0em 1em; border-collapse: collapse; width:100%;\">\n\n     {if $membership_assign}\n      <tr>\n       <th {$headerStyle}>\n        {ts}Membership Information{/ts}\n       </th>\n      </tr>\n      <tr>\n       <td {$labelStyle}>\n        {ts}Membership Type{/ts}\n       </td>\n       <td {$valueStyle}>\n        {$membership_name}\n       </td>\n      </tr>\n      {if $mem_start_date}\n       <tr>\n        <td {$labelStyle}>\n         {ts}Membership Start Date{/ts}\n        </td>\n        <td {$valueStyle}>\n         {$mem_start_date|crmDate}\n        </td>\n       </tr>\n      {/if}\n      {if $mem_end_date}\n       <tr>\n        <td {$labelStyle}>\n         {ts}Membership End Date{/ts}\n        </td>\n        <td {$valueStyle}>\n          {$mem_end_date|crmDate}\n        </td>\n       </tr>\n      {/if}\n     {/if}\n\n\n     {if $amount}\n\n\n      <tr>\n       <th {$headerStyle}>\n        {ts}Membership Fee{/ts}\n       </th>\n      </tr>\n\n      {if $membership_amount}\n\n       <tr>\n        <td {$labelStyle}>\n         {ts 1=$membership_name}%1 Membership{/ts}\n        </td>\n        <td {$valueStyle}>\n         {$membership_amount|crmMoney}\n        </td>\n       </tr>\n       {if $amount}\n        {if ! $is_separate_payment }\n         <tr>\n          <td {$labelStyle}>\n           {ts}Contribution Amount{/ts}\n          </td>\n          <td {$valueStyle}>\n           {$amount|crmMoney}\n          </td>\n         </tr>\n        {else}\n         <tr>\n          <td {$labelStyle}>\n           {ts}Additional Contribution{/ts}\n          </td>\n          <td {$valueStyle}>\n           {$amount|crmMoney}\n          </td>\n         </tr>\n        {/if}\n       {/if}\n       <tr>\n        <td {$labelStyle}>\n         {ts}Total{/ts}\n        </td>\n        <td {$valueStyle}>\n         {$amount+$membership_amount|crmMoney}\n        </td>\n       </tr>\n\n      {elseif $lineItem and $priceSetID}\n\n       {foreach from=$lineItem item=value key=priceset}\n        <tr>\n         <td colspan=\"2\" {$valueStyle}>\n          <table> {* FIXME: style this table so that it looks like the text version (justification, etc.) *}\n           <tr>\n            <th>{ts}Item{/ts}</th>\n            <th>{ts}Qty{/ts}</th>\n            <th>{ts}Each{/ts}</th>\n            <th>{ts}Total{/ts}</th>\n           </tr>\n           {foreach from=$value item=line}\n            <tr>\n             <td>\n              {$line.description|truncate:30:\"...\"}\n             </td>\n             <td>\n              {$line.qty}\n             </td>\n             <td>\n              {$line.unit_price|crmMoney}\n             </td>\n             <td>\n              {$line.line_total|crmMoney}\n             </td>\n            </tr>\n           {/foreach}\n          </table>\n         </td>\n        </tr>\n       {/foreach}\n       <tr>\n        <td {$labelStyle}>\n         {ts}Total Amount{/ts}\n        </td>\n        <td {$valueStyle}>\n         {$amount|crmMoney}\n        </td>\n       </tr>\n\n      {else}\n\n       <tr>\n        <td {$labelStyle}>\n         {ts}Amount{/ts}\n        </td>\n        <td {$valueStyle}>\n         {$amount|crmMoney} {if $amount_level} - {$amount_level}{/if}\n        </td>\n       </tr>\n\n      {/if}\n\n\n     {elseif $membership_amount}\n\n\n      <tr>\n       <th {$headerStyle}>\n        {ts}Membership Fee{/ts}\n       </th>\n      </tr>\n      <tr>\n       <td {$labelStyle}>\n        {ts 1=$membership_name}%1 Membership{/ts}\n       </td>\n       <td {$valueStyle}>\n        {$membership_amount|crmMoney}\n       </td>\n      </tr>\n\n\n     {/if}\n\n\n     {if $receive_date}\n      <tr>\n       <td {$labelStyle}>\n        {ts}Date{/ts}\n       </td>\n       <td {$valueStyle}>\n        {$receive_date|crmDate}\n       </td>\n      </tr>\n     {/if}\n\n     {if $is_monetary and $trxn_id}\n      <tr>\n       <td {$labelStyle}>\n        {ts}Transaction #{/ts}\n       </td>\n       <td {$valueStyle}>\n        {$trxn_id}\n       </td>\n      </tr>\n     {/if}\n\n     {if $membership_trx_id}\n      <tr>\n       <td {$labelStyle}>\n        {ts}Membership Transaction #{/ts}\n       </td>\n       <td {$valueStyle}>\n        {$membership_trx_id}\n       </td>\n      </tr>\n     {/if}\n     {if $is_recur}\n      {if $contributeMode eq \'notify\' or $contributeMode eq \'directIPN\'}\n       <tr>\n        <td {$labelStyle}>\n         {ts 1=$cancelSubscriptionUrl}This membership will be renewed automatically. You can modify or cancel the auto-renewal option by <a href=\"%1\">visiting this web page</a>.{/ts}\n        </td>\n       </tr>\n      {/if}\n     {/if}\n\n     {if $honor_block_is_active}\n      <tr>\n       <th {$headerStyle}>\n        {$honor_type}\n       </th>\n      </tr>\n      <tr>\n       <td colspan=\"2\" {$labelStyle}>\n        {$honor_prefix} {$honor_first_name} {$honor_last_name}\n       </td>\n      </tr>\n      {if $honor_email}\n       <tr>\n        <td {$labelStyle}>\n         {ts}Honoree Email{/ts}\n        </td>\n        <td {$valueStyle}>\n         {$honor_email}\n        </td>\n       </tr>\n      {/if}\n     {/if}\n\n     {if $pcpBlock}\n      <tr>\n       <th {$headerStyle}>\n        {ts}Personal Campaign Page{/ts}\n       </th>\n      </tr>\n      <tr>\n       <td {$labelStyle}>\n        {ts}Display In Honor Roll{/ts}\n       </td>\n       <td {$valueStyle}>\n        {if $pcp_display_in_roll}{ts}Yes{/ts}{else}{ts}No{/ts}{/if}\n       </td>\n      </tr>\n      {if $pcp_roll_nickname}\n       <tr>\n        <td {$labelStyle}>\n         {ts}Nick Name{/ts}\n        </td>\n        <td {$valueStyle}>\n         {$pcp_roll_nickname}\n        </td>\n       </tr>\n      {/if}\n      {if $pcp_personal_note}\n       <tr>\n        <td {$labelStyle}>\n         {ts}Personal Note{/ts}\n        </td>\n        <td {$valueStyle}>\n         {$pcp_personal_note}\n        </td>\n       </tr>\n      {/if}\n     {/if}\n\n     {if $onBehalfName}\n      <tr>\n       <th {$headerStyle}>\n        {ts}On Behalf Of{/ts}\n       </th>\n      </tr>\n      <tr>\n       <td colspan=\"2\" {$valueStyle}>\n        {$onBehalfName}<br />\n        {$onBehalfAddress|nl2br}<br />\n        {$onBehalfEmail}\n       </td>\n      </tr>\n     {/if}\n\n     {if ! ($contributeMode eq \'notify\' OR $contributeMode eq \'directIPN\') and $is_monetary}\n      {if $is_pay_later}\n       <tr>\n        <th {$headerStyle}>\n         {ts}Registered Email{/ts}\n        </th>\n       </tr>\n       <tr>\n        <td colspan=\"2\" {$valueStyle}>\n         {$email}\n        </td>\n       </tr>\n      {elseif $amount GT 0 OR $membership_amount GT 0}\n       <tr>\n        <th {$headerStyle}>\n         {ts}Billing Name and Address{/ts}\n        </th>\n       </tr>\n       <tr>\n        <td colspan=\"2\" {$valueStyle}>\n         {$billingName}<br />\n         {$address|nl2br}<br />\n         {$email}\n        </td>\n       </tr>\n      {/if}\n     {/if}\n\n     {if $contributeMode eq \'direct\' AND !$is_pay_later AND ($amount GT 0 OR $membership_amount GT 0)}\n      <tr>\n       <th {$headerStyle}>\n        {ts}Credit Card Information{/ts}\n       </th>\n      </tr>\n      <tr>\n       <td colspan=\"2\" {$valueStyle}>\n        {$credit_card_type}<br />\n        {$credit_card_number}<br />\n        {ts}Expires{/ts}: {$credit_card_exp_date|truncate:7:\'\'|crmDate}<br />\n       </td>\n      </tr>\n     {/if}\n\n     {if $selectPremium}\n      <tr>\n       <th {$headerStyle}>\n        {ts}Premium Information{/ts}\n       </th>\n      </tr>\n      <tr>\n       <td colspan=\"2\" {$labelStyle}>\n        {$product_name}\n       </td>\n      </tr>\n      {if $option}\n       <tr>\n        <td {$labelStyle}>\n         {ts}Option{/ts}\n        </td>\n        <td {$valueStyle}>\n         {$option}\n        </td>\n       </tr>\n      {/if}\n      {if $sku}\n       <tr>\n        <td {$labelStyle}>\n         {ts}SKU{/ts}\n        </td>\n        <td {$valueStyle}>\n         {$sku}\n        </td>\n       </tr>\n      {/if}\n      {if $start_date}\n       <tr>\n        <td {$labelStyle}>\n         {ts}Start Date{/ts}\n        </td>\n        <td {$valueStyle}>\n         {$start_date|crmDate}\n        </td>\n       </tr>\n      {/if}\n      {if $end_date}\n       <tr>\n        <td {$labelStyle}>\n         {ts}End Date{/ts}\n        </td>\n        <td {$valueStyle}>\n         {$end_date|crmDate}\n        </td>\n       </tr>\n      {/if}\n      {if $contact_email OR $contact_phone}\n       <tr>\n        <td colspan=\"2\" {$valueStyle}>\n         <p>{ts}For information about this premium, contact:{/ts}</p>\n         {if $contact_email}\n          <p>{$contact_email}</p>\n         {/if}\n         {if $contact_phone}\n          <p>{$contact_phone}</p>\n         {/if}\n        </td>\n       </tr>\n      {/if}\n      {if $is_deductible AND $price}\n        <tr>\n         <td colspan=\"2\" {$valueStyle}>\n          <p>{ts 1=$price|crmMoney}The value of this premium is %1. This may affect the amount of the tax deduction you can claim. Consult your tax advisor for more information.{/ts}</p>\n         </td>\n        </tr>\n      {/if}\n     {/if}\n\n     {if $customPre}\n      <tr>\n       <th {$headerStyle}>\n        {$customPre_grouptitle}\n       </th>\n      </tr>\n      {foreach from=$customPre item=customValue key=customName}\n       {if ($trackingFields and ! in_array($customName, $trackingFields)) or ! $trackingFields}\n        <tr>\n         <td {$labelStyle}>\n          {$customName}\n         </td>\n         <td {$valueStyle}>\n          {$customValue}\n         </td>\n        </tr>\n       {/if}\n      {/foreach}\n     {/if}\n\n     {if $customPost}\n      <tr>\n       <th {$headerStyle}>\n        {$customPost_grouptitle}\n       </th>\n      </tr>\n      {foreach from=$customPost item=customValue key=customName}\n       {if ($trackingFields and ! in_array($customName, $trackingFields)) or ! $trackingFields}\n        <tr>\n         <td {$labelStyle}>\n          {$customName}\n         </td>\n         <td {$valueStyle}>\n          {$customValue}\n         </td>\n        </tr>\n       {/if}\n      {/foreach}\n     {/if}\n\n    </table>\n   </td>\n  </tr>\n  \n </table>\n</center>\n\n</body>\n</html>\n',1,551,0,1),(33,'Test-drive - Receipt Header','[TEST] \n','***********************************************************\n\n{ts}Test-drive Email / Receipt{/ts} \n\n{ts}This is a test-drive email. No live financial transaction has occurred.{/ts}\n\n***********************************************************\n','<center>\n <table width=\"620\" border=\"0\" cellpadding=\"0\" cellspacing=\"0\" id=\"crm-event_receipt\" style=\"font-family: Arial, Verdana, sans-serif; text-align: left\">\n  <tr>\n   <td>\n    <p>{ts}Test-drive Email / Receipt{/ts}</p>\n    <p>{ts}This is a test-drive email. No live financial transaction has occurred.{/ts}</p>\n   </td>\n  </tr>\n </table>\n</center>\n',1,552,1,0),(34,'Test-drive - Receipt Header','[TEST] \n','***********************************************************\n\n{ts}Test-drive Email / Receipt{/ts} \n\n{ts}This is a test-drive email. No live financial transaction has occurred.{/ts}\n\n***********************************************************\n','<center>\n <table width=\"620\" border=\"0\" cellpadding=\"0\" cellspacing=\"0\" id=\"crm-event_receipt\" style=\"font-family: Arial, Verdana, sans-serif; text-align: left\">\n  <tr>\n   <td>\n    <p>{ts}Test-drive Email / Receipt{/ts}</p>\n    <p>{ts}This is a test-drive email. No live financial transaction has occurred.{/ts}</p>\n   </td>\n  </tr>\n </table>\n</center>\n',1,552,0,1),(35,'Pledges - Acknowledgement','{ts}Thank you for your Pledge{/ts}\n','{ts 1=$contact.display_name}Dear %1{/ts},\n\n{ts}Thank you for your generous pledge. Please print this acknowledgment for your records.{/ts}\n\n===========================================================\n{ts}Pledge Information{/ts}\n\n===========================================================\n{ts}Pledge Received{/ts}: {$create_date|truncate:10:\'\'|crmDate}\n{ts}Total Pledge Amount{/ts}: {$total_pledge_amount|crmMoney}\n\n===========================================================\n{ts}Payment Schedule{/ts}\n\n===========================================================\n{ts 1=$scheduled_amount|crmMoney 2=$frequency_interval 3=$frequency_unit 4=$installments}%1 every %2 %3 for %4 installments.{/ts}\n\n{if $frequency_day}\n\n{ts 1=$frequency_day 2=$frequency_unit}Payments are due on day %1 of the %2.{/ts}\n{/if}\n\n{if $payments}\n{assign var=\"count\" value=\"1\"}\n{foreach from=$payments item=payment}\n\n{ts 1=$count}Payment %1{/ts}: {$payment.amount|crmMoney} {if $payment.status eq 1}{ts}paid{/ts} {$payment.receive_date|truncate:10:\'\'|crmDate}{else}{ts}due{/ts} {$payment.due_date|truncate:10:\'\'|crmDate}{/if}\n{assign var=\"count\" value=`$count+1`}\n{/foreach}\n{/if}\n\n\n{ts 1=$domain.phone 2=$domain.email}Please contact us at %1 or send email to %2 if you have questions\nor need to modify your payment schedule.{/ts}\n\n{if $honor_block_is_active}\n===========================================================\n{$honor_type}\n===========================================================\n{$honor_prefix} {$honor_first_name} {$honor_last_name}\n{if $honor_email}\n{ts}Honoree Email{/ts}: {$honor_email}\n{/if}\n{/if}\n\n{if $customGroup}\n{foreach from=$customGroup item=value key=customName}\n===========================================================\n{$customName}\n===========================================================\n{foreach from=$value item=v key=n}\n{$n}: {$v}\n{/foreach}\n{/foreach}\n{/if}\n','<!DOCTYPE html PUBLIC \"-//W3C//DTD XHTML 1.0 Transitional//EN\" \"http://www.w3.org/TR/xhtml1/DTD/xhtml1-transitional.dtd\">\n<html xmlns=\"http://www.w3.org/1999/xhtml\">\n<head>\n <meta http-equiv=\"Content-Type\" content=\"text/html; charset=UTF-8\" />\n <title></title>\n</head>\n<body>\n\n{capture assign=headerStyle}colspan=\"2\" style=\"text-align: left; padding: 4px; border-bottom: 1px solid #999; background-color: #eee;\"{/capture}\n{capture assign=labelStyle }style=\"padding: 4px; border-bottom: 1px solid #999; background-color: #f7f7f7;\"{/capture}\n{capture assign=valueStyle }style=\"padding: 4px; border-bottom: 1px solid #999;\"{/capture}\n\n<center>\n <table width=\"620\" border=\"0\" cellpadding=\"0\" cellspacing=\"0\" id=\"crm-event_receipt\" style=\"font-family: Arial, Verdana, sans-serif; text-align: left;\">\n\n  <!-- BEGIN HEADER -->\n  <!-- You can add table row(s) here with logo or other header elements -->\n  <!-- END HEADER -->\n\n  <!-- BEGIN CONTENT -->\n\n  <tr>\n   <td>\n    <p>{ts 1=$contact.display_name}dear %1{/ts},</p>\n    <p>{ts}thank you for your generous pledge. please print this acknowledgment for your records.{/ts}</p>\n   </td>\n  </tr>\n  <tr>\n   <td>\n    <table style=\"border: 1px solid #999; margin: 1em 0em 1em; border-collapse: collapse; width:100%;\">\n     <tr>\n      <th {$headerStyle}>\n       {ts}Pledge Information{/ts}\n      </th>\n     </tr>\n     <tr>\n      <td {$labelStyle}>\n       {ts}Pledge Received{/ts}\n      </td>\n      <td {$valueStyle}>\n       {$create_date|truncate:10:\'\'|crmDate}\n      </td>\n     </tr>\n     <tr>\n      <td {$labelStyle}>\n       {ts}Total Pledge Amount{/ts}\n      </td>\n      <td {$valueStyle}>\n       {$total_pledge_amount|crmMoney}\n      </td>\n     </tr>\n     <tr>\n      <th {$headerStyle}>\n       {ts}Payment Schedule{/ts}\n      </th>\n     </tr>\n     <tr>\n      <td colspan=\"2\" {$valueStyle}>\n       <p>{ts 1=$scheduled_amount|crmMoney 2=$frequency_interval 3=$frequency_unit 4=$installments}%1 every %2 %3 for %4 installments.{/ts}</p>\n\n       {if $frequency_day}\n        <p>{ts 1=$frequency_day 2=$frequency_unit}Payments are due on day %1 of the %2.{/ts}</p>\n       {/if}\n      </td>\n     </tr>\n\n     {if $payments}\n      {assign var=\"count\" value=\"1\"}\n      {foreach from=$payments item=payment}\n       <tr>\n        <td {$labelStyle}>\n         {ts 1=$count}Payment %1{/ts}\n        </td>\n        <td {$valueStyle}>\n         {$payment.amount|crmMoney} {if $payment.status eq 1}{ts}paid{/ts} {$payment.receive_date|truncate:10:\'\'|crmDate}{else}{ts}due{/ts} {$payment.due_date|truncate:10:\'\'|crmDate}{/if}\n        </td>\n       </tr>\n       {assign var=\"count\" value=`$count+1`}\n      {/foreach}\n     {/if}\n\n     <tr>\n      <td colspan=\"2\" {$valueStyle}>\n       <p>{ts 1=$domain.phone 2=$domain.email}Please contact us at %1 or send email to %2 if you have questions\nor need to modify your payment schedule.{/ts}</p>\n      </td>\n     </tr>\n     {if $honor_block_is_active}\n      <tr>\n       <th {$headerStyle}>\n        {$honor_type}\n       </th>\n      </tr>\n      <tr>\n       <td colspan=\"2\" {$valueStyle}>\n        <p>{$honor_prefix} {$honor_first_name} {$honor_last_name}</p>\n        {if $honor_email}\n         <p>{ts}Honoree Email{/ts}: {$honor_email}</p>\n        {/if}\n       </td>\n      </tr>\n     {/if}\n\n     {if $customGroup}\n      {foreach from=$customGroup item=value key=customName}\n       <tr>\n        <th {$headerStyle}>\n         {$customName}\n        </th>\n       </tr>\n       {foreach from=$value item=v key=n}\n        <tr>\n         <td {$labelStyle}>\n          {$n}\n         </td>\n         <td {$valueStyle}>\n          {$v}\n         </td>\n        </tr>\n       {/foreach}\n      {/foreach}\n     {/if}\n\n    </table>\n   </td>\n  </tr>\n\n </table>\n</center>\n\n</body>\n</html>\n',1,553,1,0),(36,'Pledges - Acknowledgement','{ts}Thank you for your Pledge{/ts}\n','{ts 1=$contact.display_name}Dear %1{/ts},\n\n{ts}Thank you for your generous pledge. Please print this acknowledgment for your records.{/ts}\n\n===========================================================\n{ts}Pledge Information{/ts}\n\n===========================================================\n{ts}Pledge Received{/ts}: {$create_date|truncate:10:\'\'|crmDate}\n{ts}Total Pledge Amount{/ts}: {$total_pledge_amount|crmMoney}\n\n===========================================================\n{ts}Payment Schedule{/ts}\n\n===========================================================\n{ts 1=$scheduled_amount|crmMoney 2=$frequency_interval 3=$frequency_unit 4=$installments}%1 every %2 %3 for %4 installments.{/ts}\n\n{if $frequency_day}\n\n{ts 1=$frequency_day 2=$frequency_unit}Payments are due on day %1 of the %2.{/ts}\n{/if}\n\n{if $payments}\n{assign var=\"count\" value=\"1\"}\n{foreach from=$payments item=payment}\n\n{ts 1=$count}Payment %1{/ts}: {$payment.amount|crmMoney} {if $payment.status eq 1}{ts}paid{/ts} {$payment.receive_date|truncate:10:\'\'|crmDate}{else}{ts}due{/ts} {$payment.due_date|truncate:10:\'\'|crmDate}{/if}\n{assign var=\"count\" value=`$count+1`}\n{/foreach}\n{/if}\n\n\n{ts 1=$domain.phone 2=$domain.email}Please contact us at %1 or send email to %2 if you have questions\nor need to modify your payment schedule.{/ts}\n\n{if $honor_block_is_active}\n===========================================================\n{$honor_type}\n===========================================================\n{$honor_prefix} {$honor_first_name} {$honor_last_name}\n{if $honor_email}\n{ts}Honoree Email{/ts}: {$honor_email}\n{/if}\n{/if}\n\n{if $customGroup}\n{foreach from=$customGroup item=value key=customName}\n===========================================================\n{$customName}\n===========================================================\n{foreach from=$value item=v key=n}\n{$n}: {$v}\n{/foreach}\n{/foreach}\n{/if}\n','<!DOCTYPE html PUBLIC \"-//W3C//DTD XHTML 1.0 Transitional//EN\" \"http://www.w3.org/TR/xhtml1/DTD/xhtml1-transitional.dtd\">\n<html xmlns=\"http://www.w3.org/1999/xhtml\">\n<head>\n <meta http-equiv=\"Content-Type\" content=\"text/html; charset=UTF-8\" />\n <title></title>\n</head>\n<body>\n\n{capture assign=headerStyle}colspan=\"2\" style=\"text-align: left; padding: 4px; border-bottom: 1px solid #999; background-color: #eee;\"{/capture}\n{capture assign=labelStyle }style=\"padding: 4px; border-bottom: 1px solid #999; background-color: #f7f7f7;\"{/capture}\n{capture assign=valueStyle }style=\"padding: 4px; border-bottom: 1px solid #999;\"{/capture}\n\n<center>\n <table width=\"620\" border=\"0\" cellpadding=\"0\" cellspacing=\"0\" id=\"crm-event_receipt\" style=\"font-family: Arial, Verdana, sans-serif; text-align: left;\">\n\n  <!-- BEGIN HEADER -->\n  <!-- You can add table row(s) here with logo or other header elements -->\n  <!-- END HEADER -->\n\n  <!-- BEGIN CONTENT -->\n\n  <tr>\n   <td>\n    <p>{ts 1=$contact.display_name}dear %1{/ts},</p>\n    <p>{ts}thank you for your generous pledge. please print this acknowledgment for your records.{/ts}</p>\n   </td>\n  </tr>\n  <tr>\n   <td>\n    <table style=\"border: 1px solid #999; margin: 1em 0em 1em; border-collapse: collapse; width:100%;\">\n     <tr>\n      <th {$headerStyle}>\n       {ts}Pledge Information{/ts}\n      </th>\n     </tr>\n     <tr>\n      <td {$labelStyle}>\n       {ts}Pledge Received{/ts}\n      </td>\n      <td {$valueStyle}>\n       {$create_date|truncate:10:\'\'|crmDate}\n      </td>\n     </tr>\n     <tr>\n      <td {$labelStyle}>\n       {ts}Total Pledge Amount{/ts}\n      </td>\n      <td {$valueStyle}>\n       {$total_pledge_amount|crmMoney}\n      </td>\n     </tr>\n     <tr>\n      <th {$headerStyle}>\n       {ts}Payment Schedule{/ts}\n      </th>\n     </tr>\n     <tr>\n      <td colspan=\"2\" {$valueStyle}>\n       <p>{ts 1=$scheduled_amount|crmMoney 2=$frequency_interval 3=$frequency_unit 4=$installments}%1 every %2 %3 for %4 installments.{/ts}</p>\n\n       {if $frequency_day}\n        <p>{ts 1=$frequency_day 2=$frequency_unit}Payments are due on day %1 of the %2.{/ts}</p>\n       {/if}\n      </td>\n     </tr>\n\n     {if $payments}\n      {assign var=\"count\" value=\"1\"}\n      {foreach from=$payments item=payment}\n       <tr>\n        <td {$labelStyle}>\n         {ts 1=$count}Payment %1{/ts}\n        </td>\n        <td {$valueStyle}>\n         {$payment.amount|crmMoney} {if $payment.status eq 1}{ts}paid{/ts} {$payment.receive_date|truncate:10:\'\'|crmDate}{else}{ts}due{/ts} {$payment.due_date|truncate:10:\'\'|crmDate}{/if}\n        </td>\n       </tr>\n       {assign var=\"count\" value=`$count+1`}\n      {/foreach}\n     {/if}\n\n     <tr>\n      <td colspan=\"2\" {$valueStyle}>\n       <p>{ts 1=$domain.phone 2=$domain.email}Please contact us at %1 or send email to %2 if you have questions\nor need to modify your payment schedule.{/ts}</p>\n      </td>\n     </tr>\n     {if $honor_block_is_active}\n      <tr>\n       <th {$headerStyle}>\n        {$honor_type}\n       </th>\n      </tr>\n      <tr>\n       <td colspan=\"2\" {$valueStyle}>\n        <p>{$honor_prefix} {$honor_first_name} {$honor_last_name}</p>\n        {if $honor_email}\n         <p>{ts}Honoree Email{/ts}: {$honor_email}</p>\n        {/if}\n       </td>\n      </tr>\n     {/if}\n\n     {if $customGroup}\n      {foreach from=$customGroup item=value key=customName}\n       <tr>\n        <th {$headerStyle}>\n         {$customName}\n        </th>\n       </tr>\n       {foreach from=$value item=v key=n}\n        <tr>\n         <td {$labelStyle}>\n          {$n}\n         </td>\n         <td {$valueStyle}>\n          {$v}\n         </td>\n        </tr>\n       {/foreach}\n      {/foreach}\n     {/if}\n\n    </table>\n   </td>\n  </tr>\n\n </table>\n</center>\n\n</body>\n</html>\n',1,553,0,1),(37,'Pledges - Payment Reminder','{ts}Pledge Payment Reminder{/ts}\n','{ts 1=$contact.display_name}Dear %1{/ts},\n\n{ts 1=$next_payment|truncate:10:\'\'|crmDate}This is a reminder that the next payment on your pledge is due on %1.{/ts}\n\n===========================================================\n{ts}Payment Due{/ts}\n\n===========================================================\n{ts}Amount Due{/ts}: {$amount_due|crmMoney}\n{ts}Due Date{/ts}: {$scheduled_payment_date|truncate:10:\'\'|crmDate}\n\n{if $contribution_page_id}\n{capture assign=contributionUrl}{crmURL p=\'civicrm/contribute/transact\' q=\"reset=1&id=`$contribution_page_id`&cid=`$contact.contact_id`&pledgeId=`$pledge_id`&cs=`$checksumValue`\" a=true h=0}{/capture}\nClick this link to go to a web page where you can make your payment online:\n{$contributionUrl}\n{else}\n{ts}Please mail your payment to{/ts}:\n{$domain.address}\n{/if}\n\n===========================================================\n{ts}Pledge Information{/ts}\n\n===========================================================\n{ts}Pledge Received{/ts}: {$create_date|truncate:10:\'\'|crmDate}\n{ts}Total Pledge Amount{/ts}: {$amount|crmMoney}\n{ts}Total Paid{/ts}: {$amount_paid|crmMoney}\n\n{ts 1=$domain.phone 2=$domain.email}Please contact us at %1 or send email to %2 if you have questions\nor need to modify your payment schedule.{/ts}\n\n\n{ts}Thank your for your generous support.{/ts}\n','<!DOCTYPE html PUBLIC \"-//W3C//DTD XHTML 1.0 Transitional//EN\" \"http://www.w3.org/TR/xhtml1/DTD/xhtml1-transitional.dtd\">\n<html xmlns=\"http://www.w3.org/1999/xhtml\">\n<head>\n <meta http-equiv=\"Content-Type\" content=\"text/html; charset=UTF-8\" />\n <title></title>\n</head>\n<body>\n\n{capture assign=headerStyle}colspan=\"2\" style=\"text-align: left; padding: 4px; border-bottom: 1px solid #999; background-color: #eee;\"{/capture}\n{capture assign=labelStyle }style=\"padding: 4px; border-bottom: 1px solid #999; background-color: #f7f7f7;\"{/capture}\n{capture assign=valueStyle }style=\"padding: 4px; border-bottom: 1px solid #999;\"{/capture}\n\n<center>\n <table width=\"620\" border=\"0\" cellpadding=\"0\" cellspacing=\"0\" id=\"crm-event_receipt\" style=\"font-family: Arial, Verdana, sans-serif; text-align: left;\">\n\n  <!-- BEGIN HEADER -->\n  <!-- You can add table row(s) here with logo or other header elements -->\n  <!-- END HEADER -->\n\n  <!-- BEGIN CONTENT -->\n\n  <tr>\n   <td>\n    <p>{ts 1=$contact.display_name}Dear %1{/ts},</p>\n    <p>{ts 1=$next_payment|truncate:10:\'\'|crmDate}This is a reminder that the next payment on your pledge is due on %1.{/ts}</p>\n   </td>\n  </tr>\n  <tr>\n   <td>\n    <table style=\"border: 1px solid #999; margin: 1em 0em 1em; border-collapse: collapse; width:100%;\">\n     <tr>\n      <th {$headerStyle}>\n       {ts}Payment Due{/ts}\n      </th>\n     </tr>\n     <tr>\n      <td {$labelStyle}>\n       {ts}Amount Due{/ts}\n      </td>\n      <td {$valueStyle}>\n       {$amount_due|crmMoney}\n      </td>\n     </tr>\n    </table>\n   </td>\n  </tr>\n\n  <tr>\n   <td>\n    {if $contribution_page_id}\n     {capture assign=contributionUrl}{crmURL p=\'civicrm/contribute/transact\' q=\"reset=1&id=`$contribution_page_id`&cid=`$contact.contact_id`&pledgeId=`$pledge_id`&cs=`$checksumValue`\" a=true h=0}{/capture}\n     <p><a href=\"{$contributionUrl}\">{ts}Go to a web page where you can make your payment online{/ts}</a></p>\n    {else}\n     <p>{ts}Please mail your payment to{/ts}: {$domain.address}</p>\n    {/if}\n   </td>\n  </tr>\n\n  <tr>\n   <td>\n    <table style=\"border: 1px solid #999; margin: 1em 0em 1em; border-collapse: collapse; width:100%;\">\n     <tr>\n      <th {$headerStyle}>\n       {ts}Pledge Information{/ts}\n      </th>\n     </tr>\n     <tr>\n      <td {$labelStyle}>\n       {ts}Pledge Received{/ts}\n      </td>\n      <td {$valueStyle}>\n       {$create_date|truncate:10:\'\'|crmDate}\n      </td>\n     </tr>\n     <tr>\n      <td {$labelStyle}>\n       {ts}Total Pledge Amount{/ts}\n      </td>\n      <td {$valueStyle}>\n       {$amount|crmMoney}\n      </td>\n     </tr>\n     <tr>\n      <td {$labelStyle}>\n       {ts}Total Paid{/ts}\n      </td>\n      <td {$valueStyle}>\n       {$amount_paid|crmMoney}\n      </td>\n     </tr>\n    </table>\n   </td>\n  </tr>\n\n  <tr>\n   <td>\n    <p>{ts 1=$domain.phone 2=$domain.email}Please contact us at %1 or send email to %2 if you have questions\nor need to modify your payment schedule.{/ts}</p>\n    <p>{ts}Thank your for your generous support.{/ts}</p>\n   </td>\n  </tr>\n\n </table>\n</center>\n\n</body>\n</html>\n',1,554,1,0),(38,'Pledges - Payment Reminder','{ts}Pledge Payment Reminder{/ts}\n','{ts 1=$contact.display_name}Dear %1{/ts},\n\n{ts 1=$next_payment|truncate:10:\'\'|crmDate}This is a reminder that the next payment on your pledge is due on %1.{/ts}\n\n===========================================================\n{ts}Payment Due{/ts}\n\n===========================================================\n{ts}Amount Due{/ts}: {$amount_due|crmMoney}\n{ts}Due Date{/ts}: {$scheduled_payment_date|truncate:10:\'\'|crmDate}\n\n{if $contribution_page_id}\n{capture assign=contributionUrl}{crmURL p=\'civicrm/contribute/transact\' q=\"reset=1&id=`$contribution_page_id`&cid=`$contact.contact_id`&pledgeId=`$pledge_id`&cs=`$checksumValue`\" a=true h=0}{/capture}\nClick this link to go to a web page where you can make your payment online:\n{$contributionUrl}\n{else}\n{ts}Please mail your payment to{/ts}:\n{$domain.address}\n{/if}\n\n===========================================================\n{ts}Pledge Information{/ts}\n\n===========================================================\n{ts}Pledge Received{/ts}: {$create_date|truncate:10:\'\'|crmDate}\n{ts}Total Pledge Amount{/ts}: {$amount|crmMoney}\n{ts}Total Paid{/ts}: {$amount_paid|crmMoney}\n\n{ts 1=$domain.phone 2=$domain.email}Please contact us at %1 or send email to %2 if you have questions\nor need to modify your payment schedule.{/ts}\n\n\n{ts}Thank your for your generous support.{/ts}\n','<!DOCTYPE html PUBLIC \"-//W3C//DTD XHTML 1.0 Transitional//EN\" \"http://www.w3.org/TR/xhtml1/DTD/xhtml1-transitional.dtd\">\n<html xmlns=\"http://www.w3.org/1999/xhtml\">\n<head>\n <meta http-equiv=\"Content-Type\" content=\"text/html; charset=UTF-8\" />\n <title></title>\n</head>\n<body>\n\n{capture assign=headerStyle}colspan=\"2\" style=\"text-align: left; padding: 4px; border-bottom: 1px solid #999; background-color: #eee;\"{/capture}\n{capture assign=labelStyle }style=\"padding: 4px; border-bottom: 1px solid #999; background-color: #f7f7f7;\"{/capture}\n{capture assign=valueStyle }style=\"padding: 4px; border-bottom: 1px solid #999;\"{/capture}\n\n<center>\n <table width=\"620\" border=\"0\" cellpadding=\"0\" cellspacing=\"0\" id=\"crm-event_receipt\" style=\"font-family: Arial, Verdana, sans-serif; text-align: left;\">\n\n  <!-- BEGIN HEADER -->\n  <!-- You can add table row(s) here with logo or other header elements -->\n  <!-- END HEADER -->\n\n  <!-- BEGIN CONTENT -->\n\n  <tr>\n   <td>\n    <p>{ts 1=$contact.display_name}Dear %1{/ts},</p>\n    <p>{ts 1=$next_payment|truncate:10:\'\'|crmDate}This is a reminder that the next payment on your pledge is due on %1.{/ts}</p>\n   </td>\n  </tr>\n  <tr>\n   <td>\n    <table style=\"border: 1px solid #999; margin: 1em 0em 1em; border-collapse: collapse; width:100%;\">\n     <tr>\n      <th {$headerStyle}>\n       {ts}Payment Due{/ts}\n      </th>\n     </tr>\n     <tr>\n      <td {$labelStyle}>\n       {ts}Amount Due{/ts}\n      </td>\n      <td {$valueStyle}>\n       {$amount_due|crmMoney}\n      </td>\n     </tr>\n    </table>\n   </td>\n  </tr>\n\n  <tr>\n   <td>\n    {if $contribution_page_id}\n     {capture assign=contributionUrl}{crmURL p=\'civicrm/contribute/transact\' q=\"reset=1&id=`$contribution_page_id`&cid=`$contact.contact_id`&pledgeId=`$pledge_id`&cs=`$checksumValue`\" a=true h=0}{/capture}\n     <p><a href=\"{$contributionUrl}\">{ts}Go to a web page where you can make your payment online{/ts}</a></p>\n    {else}\n     <p>{ts}Please mail your payment to{/ts}: {$domain.address}</p>\n    {/if}\n   </td>\n  </tr>\n\n  <tr>\n   <td>\n    <table style=\"border: 1px solid #999; margin: 1em 0em 1em; border-collapse: collapse; width:100%;\">\n     <tr>\n      <th {$headerStyle}>\n       {ts}Pledge Information{/ts}\n      </th>\n     </tr>\n     <tr>\n      <td {$labelStyle}>\n       {ts}Pledge Received{/ts}\n      </td>\n      <td {$valueStyle}>\n       {$create_date|truncate:10:\'\'|crmDate}\n      </td>\n     </tr>\n     <tr>\n      <td {$labelStyle}>\n       {ts}Total Pledge Amount{/ts}\n      </td>\n      <td {$valueStyle}>\n       {$amount|crmMoney}\n      </td>\n     </tr>\n     <tr>\n      <td {$labelStyle}>\n       {ts}Total Paid{/ts}\n      </td>\n      <td {$valueStyle}>\n       {$amount_paid|crmMoney}\n      </td>\n     </tr>\n    </table>\n   </td>\n  </tr>\n\n  <tr>\n   <td>\n    <p>{ts 1=$domain.phone 2=$domain.email}Please contact us at %1 or send email to %2 if you have questions\nor need to modify your payment schedule.{/ts}</p>\n    <p>{ts}Thank your for your generous support.{/ts}</p>\n   </td>\n  </tr>\n\n </table>\n</center>\n\n</body>\n</html>\n',1,554,0,1),(39,'Profiles - Admin Notification','{$grouptitle} {ts 1=$displayName}Submitted by %1{/ts}\n','{ts}Submitted For:{/ts} {$displayName}\n{ts}Date:{/ts} {$currentDate}\n{ts}Contact Summary:{/ts} {$contactLink}\n\n===========================================================\n{$grouptitle}\n\n===========================================================\n{foreach from=$values item=value key=valueName}\n{$valueName}: {$value}\n{/foreach}\n','<!DOCTYPE html PUBLIC \"-//W3C//DTD XHTML 1.0 Transitional//EN\" \"http://www.w3.org/TR/xhtml1/DTD/xhtml1-transitional.dtd\">\n<html xmlns=\"http://www.w3.org/1999/xhtml\">\n<head>\n <meta http-equiv=\"Content-Type\" content=\"text/html; charset=UTF-8\" />\n <title></title>\n</head>\n<body>\n\n{capture assign=headerStyle}colspan=\"2\" style=\"text-align: left; padding: 4px; border-bottom: 1px solid #999; background-color: #eee;\"{/capture}\n{capture assign=labelStyle }style=\"padding: 4px; border-bottom: 1px solid #999; background-color: #f7f7f7;\"{/capture}\n{capture assign=valueStyle }style=\"padding: 4px; border-bottom: 1px solid #999;\"{/capture}\n\n<center>\n <table width=\"620\" border=\"0\" cellpadding=\"0\" cellspacing=\"0\" id=\"crm-event_receipt\" style=\"font-family: Arial, Verdana, sans-serif; text-align: left;\">\n\n  <!-- BEGIN HEADER -->\n  <!-- You can add table row(s) here with logo or other header elements -->\n  <!-- END HEADER -->\n\n  <!-- BEGIN CONTENT -->\n\n  <tr>\n   <td>\n    <table style=\"border: 1px solid #999; margin: 1em 0em 1em; border-collapse: collapse; width:100%;\">\n     <tr>\n      <td {$labelStyle}>\n       {ts}Submitted For{/ts}\n      </td>\n      <td {$valueStyle}>\n       {$displayName}\n      </td>\n     </tr>\n     <tr>\n      <td {$labelStyle}>\n       {ts}Date{/ts}\n      </td>\n      <td {$valueStyle}>\n       {$currentDate}\n      </td>\n     </tr>\n     <tr>\n      <td {$labelStyle}>\n       {ts}Contact Summary{/ts}\n      </td>\n      <td {$valueStyle}>\n       {$contactLink}\n      </td>\n     </tr>\n\n     <tr>\n      <th {$headerStyle}>\n       {$grouptitle}\n      </th>\n     </tr>\n\n     {foreach from=$values item=value key=valueName}\n      <tr>\n       <td {$labelStyle}>\n        {$valueName}\n       </td>\n       <td {$valueStyle}>\n        {$value}\n       </td>\n      </tr>\n     {/foreach}\n    </table>\n   </td>\n  </tr>\n\n </table>\n</center>\n\n</body>\n</html>\n',1,555,1,0),(40,'Profiles - Admin Notification','{$grouptitle} {ts 1=$displayName}Submitted by %1{/ts}\n','{ts}Submitted For:{/ts} {$displayName}\n{ts}Date:{/ts} {$currentDate}\n{ts}Contact Summary:{/ts} {$contactLink}\n\n===========================================================\n{$grouptitle}\n\n===========================================================\n{foreach from=$values item=value key=valueName}\n{$valueName}: {$value}\n{/foreach}\n','<!DOCTYPE html PUBLIC \"-//W3C//DTD XHTML 1.0 Transitional//EN\" \"http://www.w3.org/TR/xhtml1/DTD/xhtml1-transitional.dtd\">\n<html xmlns=\"http://www.w3.org/1999/xhtml\">\n<head>\n <meta http-equiv=\"Content-Type\" content=\"text/html; charset=UTF-8\" />\n <title></title>\n</head>\n<body>\n\n{capture assign=headerStyle}colspan=\"2\" style=\"text-align: left; padding: 4px; border-bottom: 1px solid #999; background-color: #eee;\"{/capture}\n{capture assign=labelStyle }style=\"padding: 4px; border-bottom: 1px solid #999; background-color: #f7f7f7;\"{/capture}\n{capture assign=valueStyle }style=\"padding: 4px; border-bottom: 1px solid #999;\"{/capture}\n\n<center>\n <table width=\"620\" border=\"0\" cellpadding=\"0\" cellspacing=\"0\" id=\"crm-event_receipt\" style=\"font-family: Arial, Verdana, sans-serif; text-align: left;\">\n\n  <!-- BEGIN HEADER -->\n  <!-- You can add table row(s) here with logo or other header elements -->\n  <!-- END HEADER -->\n\n  <!-- BEGIN CONTENT -->\n\n  <tr>\n   <td>\n    <table style=\"border: 1px solid #999; margin: 1em 0em 1em; border-collapse: collapse; width:100%;\">\n     <tr>\n      <td {$labelStyle}>\n       {ts}Submitted For{/ts}\n      </td>\n      <td {$valueStyle}>\n       {$displayName}\n      </td>\n     </tr>\n     <tr>\n      <td {$labelStyle}>\n       {ts}Date{/ts}\n      </td>\n      <td {$valueStyle}>\n       {$currentDate}\n      </td>\n     </tr>\n     <tr>\n      <td {$labelStyle}>\n       {ts}Contact Summary{/ts}\n      </td>\n      <td {$valueStyle}>\n       {$contactLink}\n      </td>\n     </tr>\n\n     <tr>\n      <th {$headerStyle}>\n       {$grouptitle}\n      </th>\n     </tr>\n\n     {foreach from=$values item=value key=valueName}\n      <tr>\n       <td {$labelStyle}>\n        {$valueName}\n       </td>\n       <td {$valueStyle}>\n        {$value}\n       </td>\n      </tr>\n     {/foreach}\n    </table>\n   </td>\n  </tr>\n\n </table>\n</center>\n\n</body>\n</html>\n',1,555,0,1),(41,'Petition - signature added','Thank you for signing {$petition.title}','Thank you for signing {$petition.title}.\n','<p>Thank you for signing {$petition.title}.</p>\n\n{include file=\"CRM/Campaign/Page/Petition/SocialNetwork.tpl\" petition_id=$survey_id noscript=true email=true}\n',1,556,1,0),(42,'Petition - signature added','Thank you for signing {$petition.title}','Thank you for signing {$petition.title}.\n','<p>Thank you for signing {$petition.title}.</p>\n\n{include file=\"CRM/Campaign/Page/Petition/SocialNetwork.tpl\" petition_id=$survey_id noscript=true email=true}\n',1,556,0,1),(43,'Petition - need verification','Confirmation of signature needed for {$petition.title}\n','Thank you for signing {$petition.title}.\n\nIn order to complete your signature, we must confirm your e-mail. \nPlease do so by visiting the following email confirmation web page:\n\n{$petition.confirmUrlPlainText} \n\nIf you did not sign this petition, please ignore this message.\n','<p>Thank you for signing {$petition.title}.</p>\n\n<p>In order to <b>complete your signature</b>, we must confirm your e-mail. \n<br />\nPlease do so by visiting the following web page by clicking\non the link below or pasting the link into your browser.\n<br /><br />\nEmail confirmation page: <a href=\"{$petition.confirmUrl} \">{$petition.confirmUrl}</a></p>\n\n<p>If you did not sign this petition, please ignore this message.</p>\n',1,557,1,0),(44,'Petition - need verification','Confirmation of signature needed for {$petition.title}\n','Thank you for signing {$petition.title}.\n\nIn order to complete your signature, we must confirm your e-mail. \nPlease do so by visiting the following email confirmation web page:\n\n{$petition.confirmUrlPlainText} \n\nIf you did not sign this petition, please ignore this message.\n','<p>Thank you for signing {$petition.title}.</p>\n\n<p>In order to <b>complete your signature</b>, we must confirm your e-mail. \n<br />\nPlease do so by visiting the following web page by clicking\non the link below or pasting the link into your browser.\n<br /><br />\nEmail confirmation page: <a href=\"{$petition.confirmUrl} \">{$petition.confirmUrl}</a></p>\n\n<p>If you did not sign this petition, please ignore this message.</p>\n',1,557,0,1);
/*!40000 ALTER TABLE `civicrm_msg_template` ENABLE KEYS */;
UNLOCK TABLES;

--
-- Dumping data for table `civicrm_navigation`
--

LOCK TABLES `civicrm_navigation` WRITE;
/*!40000 ALTER TABLE `civicrm_navigation` DISABLE KEYS */;
INSERT INTO `civicrm_navigation` (`id`, `domain_id`, `label`, `name`, `url`, `permission`, `permission_operator`, `parent_id`, `is_active`, `has_separator`, `weight`) VALUES (1,1,'Home','Home','civicrm/dashboard&reset=1',NULL,'',NULL,1,NULL,0),(2,1,'Search','Search...',NULL,NULL,'',NULL,1,NULL,1),(3,1,'Find Contacts','Find Contacts','civicrm/contact/search&reset=1',NULL,'',2,1,NULL,1),(4,1,'Advanced Search','Advanced Search','civicrm/contact/search/advanced&reset=1',NULL,'',2,1,NULL,2),(5,1,'Full-text Search','Full-text Search','civicrm/contact/search/custom&csid=15&reset=1',NULL,'',2,1,NULL,3),(6,1,'Search Builder','Search Builder','civicrm/contact/search/builder&reset=1',NULL,'',2,1,1,4),(7,1,'Find Cases','Find Cases','civicrm/case/search&reset=1','access my cases and activities,access all cases and activities','OR',2,1,NULL,5),(8,1,'Find Contributions','Find Contributions','civicrm/contribute/search&reset=1','access CiviContribute','',2,1,NULL,6),(9,1,'Find Mailings','Find Mailings','civicrm/mailing&reset=1','access CiviMail','',2,1,NULL,7),(10,1,'Find Members','Find Members','civicrm/member/search&reset=1','access CiviMember','',2,1,NULL,8),(11,1,'Find Participants','Find Participants','civicrm/event/search&reset=1','access CiviEvent','',2,1,NULL,9),(12,1,'Find Pledges','Find Pledges','civicrm/pledge/search&reset=1','access CiviPledge','',2,1,NULL,10),(13,1,'Find Activities','Find Activities','civicrm/activity/search&reset=1',NULL,'',2,1,1,11),(14,1,'Custom Searches...','Custom Searches...','civicrm/contact/search/custom/list&reset=1',NULL,'',2,1,NULL,12),(15,1,'Activity Search','Activity Search','civicrm/contact/search/custom&reset=1&csid=8',NULL,'',14,1,NULL,1),(16,1,'Contacts by Date Added','Contacts by Date Added','civicrm/contact/search/custom&reset=1&csid=11',NULL,'',14,1,NULL,2),(17,1,'Contributors by Aggregate Totals','Contributors by Aggregate Totals','civicrm/contact/search/custom&reset=1&csid=2',NULL,'',14,1,NULL,3),(18,1,'Proximity Search','Proximity Search','civicrm/contact/search/custom&reset=1&csid=6',NULL,'',14,1,NULL,4),(19,1,'Contacts','Contacts',NULL,NULL,'',NULL,1,NULL,3),(20,1,'New Individual','New Individual','civicrm/contact/add&reset=1&ct=Individual','add contacts','',19,1,NULL,1),(21,1,'New Household','New Household','civicrm/contact/add&reset=1&ct=Household','add contacts','',19,1,NULL,2),(22,1,'New Organization','New Organization','civicrm/contact/add&reset=1&ct=Organization','add contacts','',19,1,1,3),(23,1,'New Activity','New Activity','civicrm/activity&reset=1&action=add&context=standalone',NULL,'',19,1,NULL,4),(24,1,'New Email','New Email','civicrm/activity/add&atype=3&action=add&reset=1&context=standalone',NULL,'',19,1,1,5),(25,1,'Import Contacts','Import Contacts','civicrm/import/contact&reset=1','import contacts','',19,1,NULL,6),(26,1,'Import Activities','Import Activities','civicrm/import/activity&reset=1','import contacts','',19,1,1,7),(27,1,'New Group','New Group','civicrm/group/add&reset=1','edit groups','',19,1,NULL,8),(28,1,'Manage Groups','Manage Groups','civicrm/group&reset=1','access CiviCRM','',19,1,1,9),(29,1,'New Tag','New Tag','civicrm/admin/tag&reset=1&action=add','administer CiviCRM','',19,1,NULL,10),(30,1,'Manage Tags (Categories)','Manage Tags (Categories)','civicrm/admin/tag&reset=1','administer CiviCRM','',19,1,1,11),(31,1,'Find and Merge Duplicate Contacts','Find and Merge Duplicate Contacts','civicrm/contact/deduperules&reset=1','administer dedupe rules,merge duplicate contacts','OR',19,1,NULL,12),(32,1,'Contributions','Contributions',NULL,'access CiviContribute','',NULL,1,NULL,4),(33,1,'Dashboard','Dashboard','civicrm/contribute&reset=1','access CiviContribute','',32,1,NULL,1),(34,1,'New Contribution','New Contribution','civicrm/contribute/add&reset=1&action=add&context=standalone','access CiviContribute,edit contributions','AND',32,1,NULL,2),(35,1,'Find Contributions','Find Contributions','civicrm/contribute/search&reset=1','access CiviContribute','',32,1,NULL,3),(36,1,'Import Contributions','Import Contributions','civicrm/contribute/import&reset=1','access CiviContribute,edit contributions','AND',32,1,1,4),(37,1,'Pledges','Pledges',NULL,'access CiviPledge','',32,1,1,5),(38,1,'Dashboard','Dashboard','civicrm/pledge&reset=1','access CiviPledge','',37,1,NULL,1),(39,1,'New Pledge','New Pledge','civicrm/pledge/add&reset=1&action=add&context=standalone','access CiviPledge,edit pledges','AND',37,1,NULL,2),(40,1,'Find Pledges','Find Pledges','civicrm/pledge/search&reset=1','access CiviPledge','',37,1,NULL,3),(41,1,'New Contribution Page','New Contribution Page','civicrm/admin/contribute/add&reset=1&action=add','access CiviContribute,administer CiviCRM','AND',32,1,NULL,6),(42,1,'Manage Contribution Pages','Manage Contribution Pages','civicrm/admin/contribute&reset=1','access CiviContribute,administer CiviCRM','AND',32,1,1,7),(43,1,'Personal Campaign Pages','Personal Campaign Pages','civicrm/admin/pcp&reset=1','access CiviContribute,administer CiviCRM','AND',32,1,NULL,8),(44,1,'Premiums (Thank-you Gifts)','Premiums','civicrm/admin/contribute/managePremiums&reset=1','access CiviContribute,administer CiviCRM','AND',32,1,1,9),(45,1,'New Price Set','New Price Set','civicrm/admin/price&reset=1&action=add','access CiviContribute,administer CiviCRM','AND',32,1,NULL,10),(46,1,'Manage Price Sets','Manage Price Sets','civicrm/admin/price&reset=1','access CiviContribute,administer CiviCRM','AND',32,1,NULL,11),(47,1,'Events','Events',NULL,'access CiviEvent','',NULL,1,NULL,5),(48,1,'Dashboard','CiviEvent Dashboard','civicrm/event&reset=1','access CiviEvent','',47,1,NULL,1),(49,1,'Register Event Participant','Register Event Participant','civicrm/participant/add&reset=1&action=add&context=standalone','access CiviEvent,edit event participants','AND',47,1,NULL,2),(50,1,'Find Participants','Find Participants','civicrm/event/search&reset=1','access CiviEvent','',47,1,NULL,3),(51,1,'Import Participants','Import Participants','civicrm/event/import&reset=1','access CiviEvent,edit event participants','AND',47,1,1,4),(52,1,'New Event','New Event','civicrm/event/add&reset=1&action=add','access CiviEvent,administer CiviCRM','AND',47,1,NULL,5),(53,1,'Manage Events','Manage Events','civicrm/event/manage&reset=1','access CiviEvent,administer CiviCRM','AND',47,1,1,6),(54,1,'Event Templates','Event Templates','civicrm/admin/eventTemplate&reset=1','access CiviEvent,administer CiviCRM','AND',47,1,1,7),(55,1,'New Price Set','New Price Set','civicrm/admin/price&reset=1&action=add','access CiviEvent,administer CiviCRM','AND',47,1,NULL,8),(56,1,'Manage Price Sets','Manage Price Sets','civicrm/admin/price&reset=1','access CiviEvent,administer CiviCRM','AND',47,1,NULL,9),(57,1,'Mailings','Mailings',NULL,'access CiviMail,create mailings,approve mailings,schedule mailings','OR',NULL,1,NULL,6),(58,1,'New Mailing','New Mailing','civicrm/mailing/send&reset=1','access CiviMail,create mailings','OR',57,1,NULL,1),(59,1,'Draft and Unscheduled Mailings','Draft and Unscheduled Mailings','civicrm/mailing/browse/unscheduled&reset=1&scheduled=false','access CiviMail,create mailings,schedule mailings','OR',57,1,NULL,2),(60,1,'Scheduled and Sent Mailings','Scheduled and Sent Mailings','civicrm/mailing/browse/scheduled&reset=1&scheduled=true','access CiviMail,approve mailings,create mailings,schedule mailings','OR',57,1,NULL,3),(61,1,'Archived Mailings','Archived Mailings','civicrm/mailing/browse/archived&reset=1','access CiviMail,create mailings','OR',57,1,1,4),(62,1,'Headers, Footers, and Automated Messages','Headers, Footers, and Automated Messages','civicrm/admin/component&reset=1','access CiviMail,administer CiviCRM','AND',57,1,NULL,5),(63,1,'Message Templates','Message Templates','civicrm/admin/messageTemplates&reset=1','administer CiviCRM','',57,1,NULL,6),(64,1,'From Email Addresses','From Email Addresses','civicrm/admin/options/from_email&group=from_email_address&reset=1','administer CiviCRM','',57,1,NULL,7),(65,1,'Memberships','Memberships',NULL,'access CiviMember','',NULL,1,NULL,7),(66,1,'Dashboard','Dashboard','civicrm/member&reset=1','access CiviMember','',65,1,NULL,1),(67,1,'New Membership','New Membership','civicrm/member/add&reset=1&action=add&context=standalone','access CiviMember,edit memberships','AND',65,1,NULL,2),(68,1,'Find Members','Find Members','civicrm/member/search&reset=1','access CiviMember','',65,1,NULL,3),(69,1,'Import Memberships','Import Members','civicrm/member/import&reset=1','access CiviMember,edit memberships','AND',65,1,NULL,4),(70,1,'Other','Other',NULL,'access CiviGrant,administer CiviCase,access my cases and activities,access all cases and activities,administer CiviCampaign,manage campaign,reserve campaign contacts,release campaign contacts,interview campaign contacts,gotv campaign contacts','OR',NULL,1,NULL,9),(71,1,'Cases','Cases',NULL,'access my cases and activities,access all cases and activities','OR',70,1,NULL,1),(72,1,'Dashboard','Dashboard','civicrm/case&reset=1','access my cases and activities,access all cases and activities','OR',71,1,NULL,1),(73,1,'New Case','New Case','civicrm/case/add&reset=1&action=add&atype=13&context=standalone','add contacts,access all cases and activities','AND',71,1,NULL,2),(74,1,'Find Cases','Find Cases','civicrm/case/search&reset=1','access my cases and activities,access all cases and activities','OR',71,1,1,3),(75,1,'Grants','Grants',NULL,'access CiviGrant','',70,1,NULL,2),(76,1,'Dashboard','Dashboard','civicrm/grant&reset=1','access CiviGrant','',75,1,NULL,1),(77,1,'New Grant','New Grant','civicrm/grant/add&reset=1&action=add&context=standalone','access CiviGrant,edit grants','AND',75,1,NULL,2),(78,1,'Find Grants','Find Grants','civicrm/grant/search&reset=1','access CiviGrant','',75,1,1,3),(79,1,'Campaigns','Campaigns',NULL,'interview campaign contacts,release campaign contacts,reserve campaign contacts,manage campaign,administer CiviCampaign,gotv campaign contacts','OR',70,1,NULL,3),(80,1,'Dashboard','Dashboard','civicrm/campaign&reset=1','manage campaign,administer CiviCampaign','OR',79,1,NULL,1),(81,1,'Surveys','Survey Dashboard','civicrm/campaign&reset=1&subPage=survey','manage campaign,administer CiviCampaign','OR',80,1,NULL,1),(82,1,'Petitions','Petition Dashboard','civicrm/campaign&reset=1&subPage=petition','manage campaign,administer CiviCampaign','OR',80,1,NULL,2),(83,1,'Campaigns','Campaign Dashboard','civicrm/campaign&reset=1&subPage=campaign','manage campaign,administer CiviCampaign','OR',80,1,NULL,3),(84,1,'New Campaign','New Campaign','civicrm/campaign/add&reset=1','manage campaign,administer CiviCampaign','OR',79,1,NULL,2),(85,1,'New Survey','New Survey','civicrm/survey/add&reset=1','manage campaign,administer CiviCampaign','OR',79,1,NULL,3),(86,1,'New Petition','New Petition','civicrm/petition/add&reset=1','manage campaign,administer CiviCampaign','OR',79,1,NULL,4),(87,1,'Reserve Respondents','Reserve Respondents','civicrm/survey/search&reset=1&op=reserve','administer CiviCampaign,manage campaign,reserve campaign contacts','OR',79,1,NULL,5),(88,1,'Interview Respondents','Interview Respondents','civicrm/survey/search&reset=1&op=interview','administer CiviCampaign,manage campaign,interview campaign contacts','OR',79,1,NULL,6),(89,1,'Release Respondents','Release Respondents','civicrm/survey/search&reset=1&op=release','administer CiviCampaign,manage campaign,release campaign contacts','OR',79,1,NULL,7),(90,1,'GOTV (Voter Tracking)','Voter Listing','civicrm/campaign/gotv&reset=1','administer CiviCampaign,manage campaign,release campaign contacts,gotv campaign contacts','OR',79,1,NULL,8),(91,1,'Conduct Survey','Conduct Survey','civicrm/campaign/vote&reset=1','administer CiviCampaign,manage campaign,reserve campaign contacts,interview campaign contacts','OR',79,1,NULL,9),(92,1,'Administer','Administer',NULL,'administer CiviCRM','',NULL,1,NULL,10),(93,1,'Administration Console','Administration Console','civicrm/admin&reset=1','administer CiviCRM','',92,1,NULL,1),(94,1,'Customize','Customize',NULL,'administer CiviCRM','',92,1,NULL,2),(95,1,'Custom Data','Custom Data','civicrm/admin/custom/group&reset=1','administer CiviCRM','',94,1,NULL,1),(96,1,'CiviCRM Profile','CiviCRM Profile','civicrm/admin/uf/group&reset=1','administer CiviCRM','',94,1,NULL,2),(97,1,'Navigation Menu','Navigation Menu','civicrm/admin/menu&reset=1','administer CiviCRM','',94,1,NULL,3),(98,1,'Manage Custom Searches','Manage Custom Searches','civicrm/admin/options/custom_search&reset=1&group=custom_search','administer CiviCRM','',94,1,NULL,4),(99,1,'Price Sets','Price Sets','civicrm/admin/price&reset=1','administer CiviCRM','',94,1,NULL,5),(100,1,'Manage CiviCRM Extensions','Manage CiviCRM Extensions','civicrm/admin/extensions&reset=1','administer CiviCRM','',94,1,NULL,6),(101,1,'Configure','Configure',NULL,'administer CiviCRM','',92,1,NULL,3),(102,1,'Configuration Checklist','Configuration Checklist','civicrm/admin/configtask&reset=1','administer CiviCRM','',101,1,NULL,1),(103,1,'Global Settings','Global Settings','civicrm/admin/setting&reset=1','administer CiviCRM','',101,1,NULL,2),(104,1,'Enable CiviCRM Components','Enable Components','civicrm/admin/setting/component&reset=1','administer CiviCRM','',103,1,NULL,1),(105,1,'Site Preferences (screen and form configuration)','Site Preferences','civicrm/admin/setting/preferences/display&reset=1','administer CiviCRM','',103,1,NULL,2),(106,1,'Directories','Directories','civicrm/admin/setting/path&reset=1','administer CiviCRM','',103,1,NULL,3),(107,1,'Resource URLs','Resource URLs','civicrm/admin/setting/url&reset=1','administer CiviCRM','',103,1,NULL,4),(108,1,'Outbound Email (SMTP/Sendmail)','Outbound Email','civicrm/admin/setting/smtp&reset=1','administer CiviCRM','',103,1,NULL,5),(109,1,'Mapping and Geocoding','Mapping and Geocoding','civicrm/admin/setting/mapping&reset=1','administer CiviCRM','',103,1,NULL,6),(110,1,'Payment Processors','Payment Processors','civicrm/admin/paymentProcessor&reset=1','administer CiviCRM','',103,1,NULL,7),(111,1,'Localization','Localization','civicrm/admin/setting/localization&reset=1','administer CiviCRM','',103,1,NULL,8),(112,1,'Address Settings','Address Settings','civicrm/admin/setting/preferences/address&reset=1','administer CiviCRM','',103,1,NULL,9),(113,1,'Search Settings','Search Settings','civicrm/admin/setting/search&reset=1','administer CiviCRM','',103,1,NULL,10),(114,1,'Date Formats','Date Formats','civicrm/admin/setting/date&reset=1','administer CiviCRM','',103,1,NULL,11),(115,1,'CMS Integration','CMS Integration','civicrm/admin/setting/uf&reset=1','administer CiviCRM','',103,1,NULL,12),(116,1,'Miscellaneous (version check, reCAPTCHA...)','Miscellaneous','civicrm/admin/setting/misc&reset=1','administer CiviCRM','',103,1,NULL,13),(117,1,'Safe File Extensions','Safe File Extensions','civicrm/admin/options/safe_file_extension&group=safe_file_extension&reset=1','administer CiviCRM','',103,1,NULL,14),(118,1,'Debugging','Debugging','civicrm/admin/setting/debug&reset=1','administer CiviCRM','',103,1,NULL,15),(119,1,'Import/Export Mappings','Import/Export Mappings','civicrm/admin/mapping&reset=1','administer CiviCRM','',101,1,NULL,3),(120,1,'Message Templates','Message Templates','civicrm/admin/messageTemplates&reset=1','administer CiviCRM','',101,1,NULL,4),(121,1,'Domain Information','Domain Information','civicrm/admin/domain&action=update&reset=1','administer CiviCRM','',101,1,NULL,5),(122,1,'FROM Email Addresses','FROM Email Addresses','civicrm/admin/options/from_email_address&group=from_email_address&reset=1','administer CiviCRM','',101,1,NULL,6),(123,1,'Update Directory Path and URL','Update Directory Path and URL','civicrm/admin/setting/updateConfigBackend&reset=1','administer CiviCRM','',101,1,NULL,7),(124,1,'Manage','Manage',NULL,'administer CiviCRM','',92,1,NULL,4),(125,1,'Access Control','Access Control','civicrm/admin/access&reset=1','administer CiviCRM','',124,1,NULL,1),(126,1,'Synchronize Users to Contacts','Synchronize Users to Contacts','civicrm/admin/synchUser&reset=1','administer CiviCRM','',124,1,NULL,2),(127,1,'Option Lists','Option Lists',NULL,'administer CiviCRM','',92,1,NULL,5),(128,1,'Activity Types','Activity Types','civicrm/admin/options/activity_type&reset=1&group=activity_type','administer CiviCRM','',127,1,NULL,1),(129,1,'Relationship Types','Relationship Types','civicrm/admin/reltype&reset=1','administer CiviCRM','',127,1,NULL,2),(130,1,'Tags (Categories)','Tags (Categories)','civicrm/admin/tag&reset=1','administer CiviCRM','',127,1,1,3),(131,1,'Gender Options','Gender Options','civicrm/admin/options/gender&reset=1&group=gender','administer CiviCRM','',127,1,NULL,4),(132,1,'Individual Prefixes (Ms, Mr...)','Individual Prefixes (Ms, Mr...)','civicrm/admin/options/individual_prefix&group=individual_prefix&reset=1','administer CiviCRM','',127,1,NULL,5),(133,1,'Individual Suffixes (Jr, Sr...)','Individual Suffixes (Jr, Sr...)','civicrm/admin/options/individual_suffix&group=individual_suffix&reset=1','administer CiviCRM','',127,1,1,6),(134,1,'Addressee Formats','Addressee Formats','civicrm/admin/options/addressee&group=addressee&reset=1','administer CiviCRM','',127,1,NULL,7),(135,1,'Email Greetings','Email Greetings','civicrm/admin/options/email_greeting&group=email_greeting&reset=1','administer CiviCRM','',127,1,NULL,8),(136,1,'Postal Greetings','Postal Greetings','civicrm/admin/options/postal_greeting&group=postal_greeting&reset=1','administer CiviCRM','',127,1,1,9),(137,1,'Instant Messenger Services','Instant Messenger Services','civicrm/admin/options/instant_messenger_service&group=instant_messenger_service&reset=1','administer CiviCRM','',127,1,NULL,10),(138,1,'Location Types (Home, Work...)','Location Types (Home, Work...)','civicrm/admin/locationType&reset=1','administer CiviCRM','',127,1,NULL,11),(139,1,'Mobile Phone Providers','Mobile Phone Providers','civicrm/admin/options/mobile_provider&group=mobile_provider&reset=1','administer CiviCRM','',127,1,NULL,12),(140,1,'Phone Types','Phone Types','civicrm/admin/options/phone_type&group=phone_type&reset=1','administer CiviCRM','',127,1,NULL,13),(141,1,'Website Types','Website Types','civicrm/admin/options/website_type&group=website_type&reset=1','administer CiviCRM','',127,1,NULL,14),(142,1,'Preferred Communication Methods','Preferred Communication Methods','civicrm/admin/options/preferred_communication_method&group=preferred_communication_method&reset=1','administer CiviCRM','',127,1,NULL,15),(143,1,'Contact Types','Contact Types','civicrm/admin/options/subtype&reset=1','administer CiviCRM','',127,1,NULL,16),(144,1,'Word Replacements','Word Replacements','civicrm/admin/options/wordreplacements&reset=1','administer CiviCRM','',127,1,NULL,17),(145,1,'CiviCase','CiviCase',NULL,'administer CiviCase',NULL,92,1,NULL,6),(146,1,'Case Types','Case Types','civicrm/admin/options/case_type&group=case_type&reset=1','administer CiviCase',NULL,145,1,NULL,1),(147,1,'Redaction Rules','Redaction Rules','civicrm/admin/options/redaction_rule&group=redaction_rule&reset=1','administer CiviCase',NULL,145,1,NULL,2),(148,1,'Case Statuses','Case Statuses','civicrm/admin/options/case_status&group=case_status&reset=1','administer CiviCase',NULL,145,1,NULL,3),(149,1,'CiviContribute','CiviContribute',NULL,'access CiviContribute,administer CiviCRM','AND',92,1,NULL,7),(150,1,'New Contribution Page','New Contribution Page','civicrm/admin/contribute&reset=1&action=add','access CiviContribute,administer CiviCRM','AND',149,1,NULL,6),(151,1,'Manage Contribution Pages','Manage Contribution Pages','civicrm/admin/contribute&reset=1','access CiviContribute,administer CiviCRM','AND',149,1,1,7),(152,1,'Personal Campaign Pages','Personal Campaign Pages','civicrm/admin/pcp&reset=1','access CiviContribute,administer CiviCRM','AND',149,1,NULL,8),(153,1,'Premiums (Thank-you Gifts)','Premiums','civicrm/admin/contribute/managePremiums&reset=1','access CiviContribute,administer CiviCRM','AND',149,1,1,9),(154,1,'Contribution Types','Contribution Types','civicrm/admin/contribute/contributionType&reset=1','access CiviContribute,administer CiviCRM','AND',149,1,NULL,10),(155,1,'Payment Instruments','Payment Instruments','civicrm/admin/options/payment_instrument&group=payment_instrument&reset=1','access CiviContribute,administer CiviCRM','AND',149,1,NULL,11),(156,1,'Accepted Credit Cards','Accepted Credit Cards','civicrm/admin/options/accept_creditcard&group=accept_creditcard&reset=1','access CiviContribute,administer CiviCRM','AND',149,1,1,12),(157,1,'New Price Set','New Price Set','civicrm/admin/price&reset=1&action=add','access CiviContribute,administer CiviCRM','AND',149,1,NULL,13),(158,1,'Manage Price Sets','Manage Price Sets','civicrm/admin/price&reset=1','access CiviContribute,administer CiviCRM','AND',149,1,NULL,14),(159,1,'CiviEvent','CiviEvent',NULL,'access CiviEvent,administer CiviCRM','AND',92,1,NULL,8),(160,1,'New Event','New Event','civicrm/event/add&reset=1&action=add','access CiviEvent,administer CiviCRM','AND',159,1,NULL,1),(161,1,'Manage Events','Manage Events','civicrm/event/manage&reset=1','access CiviEvent,administer CiviCRM','AND',159,1,1,2),(162,1,'Event Templates','Event Templates','civicrm/admin/eventTemplate&reset=1','access CiviEvent,administer CiviCRM','AND',159,1,1,3),(163,1,'New Price Set','New Price Set','civicrm/admin/price&reset=1&action=add','access CiviEvent,administer CiviCRM','AND',159,1,NULL,4),(164,1,'Manage Price Sets','Manage Price Sets','civicrm/admin/price&reset=1','access CiviEvent,administer CiviCRM','AND',159,1,1,5),(165,1,'Participant Listing Options','Participant Listing Options','civicrm/admin/options/participant_listing&group=participant_listing&reset=1','access CiviEvent,administer CiviCRM','AND',159,1,NULL,6),(166,1,'Event Types','Event Types','civicrm/admin/options/event_type&group=event_type&reset=1','access CiviEvent,administer CiviCRM','AND',159,1,NULL,7),(167,1,'Participant Statuses','Participant Statuses','civicrm/admin/participant_status&reset=1','access CiviEvent,administer CiviCRM','AND',159,1,NULL,8),(168,1,'Participant Roles','Participant Roles','civicrm/admin/options/participant_role&group=participant_role&reset=1','access CiviEvent,administer CiviCRM','AND',159,1,NULL,9),(169,1,'CiviGrant','CiviGrant',NULL,'access CiviGrant,administer CiviCRM','AND',92,1,NULL,9),(170,1,'Grant Types','Grant Types','civicrm/admin/options/grant_type&group=grant_type&reset=1','access CiviGrant,administer CiviCRM','AND',169,1,NULL,1),(171,1,'CiviMail','CiviMail',NULL,'access CiviMail,administer CiviCRM','AND',92,1,NULL,10),(172,1,'Headers, Footers, and Automated Messages','Headers, Footers, and Automated Messages','civicrm/admin/component&reset=1','access CiviMail,administer CiviCRM','AND',171,1,NULL,1),(173,1,'Message Templates','Message Templates','civicrm/admin/messageTemplates&reset=1','administer CiviCRM','',171,1,NULL,2),(174,1,'From Email Addresses','From Email Addresses','civicrm/admin/options/from_email&group=from_email_address&reset=1','administer CiviCRM','',171,1,NULL,3),(175,1,'Mail Accounts','Mail Accounts','civicrm/admin/mailSettings&reset=1','access CiviMail,administer CiviCRM','AND',171,1,NULL,4),(176,1,'Mailer Settings','Mailer Settings','civicrm/admin/mail&reset=1','access CiviMail,administer CiviCRM','AND',171,1,NULL,5),(177,1,'CiviMember','CiviMember',NULL,'access CiviMember,administer CiviCRM','AND',92,1,NULL,11),(178,1,'Membership Types','Membership Types','civicrm/admin/member/membershipType&reset=1','access CiviMember,administer CiviCRM','AND',177,1,NULL,1),(179,1,'Membership Status Rules','Membership Status Rules','civicrm/admin/member/membershipStatus&reset=1','access CiviMember,administer CiviCRM','AND',177,1,NULL,2),(180,1,'CiviReport','CiviReport',NULL,'access CiviReport,administer CiviCRM','AND',92,1,NULL,12),(181,1,'Reports Listing','Reports Listing','civicrm/report/list&reset=1','access CiviReport','',180,1,NULL,1),(182,1,'Create Reports from Templates','Create Reports from Templates','civicrm/admin/report/template/list&reset=1','administer Reports','',180,1,NULL,2),(183,1,'Manage Templates','Manage Templates','civicrm/admin/report/options/report_template&reset=1','administer Reports','',180,1,NULL,3),(184,1,'Register Report','Register Report','civicrm/admin/report/register&reset=1','administer Reports','',180,1,NULL,4),(185,1,'CiviCampaign','CiviCampaign',NULL,'administer CiviCampaign,administer CiviCRM','AND',92,1,NULL,13),(186,1,'Survey Types','Survey Types','civicrm/admin/campaign/surveyType&reset=1','administer CiviCampaign','',185,1,NULL,1),(187,1,'Campaign Types','Campaign Types','civicrm/admin/options/campaign_type&group=campaign_type&reset=1','administer CiviCampaign','',185,1,NULL,2),(188,1,'Campaign Status','Campaign Status','civicrm/admin/options/campaign_status&group=campaign_status&reset=1','administer CiviCampaign','',185,1,NULL,3),(189,1,'Help','Help',NULL,NULL,'',NULL,1,NULL,11),(190,1,'Documentation','Documentation','http://documentation.civicrm.org',NULL,'AND',189,1,NULL,1),(191,1,'Community Forums','Community Forums','http://forum.civicrm.org',NULL,'AND',189,1,NULL,2),(192,1,'Participate','Participate','http://civicrm.org/participate',NULL,'AND',189,1,NULL,3),(193,1,'About','About','http://civicrm.org/aboutcivicrm',NULL,'AND',189,1,NULL,4),(194,1,'Reports','Reports',NULL,'access CiviReport','',NULL,1,NULL,8),(195,1,'Reports Listing','Reports Listing','civicrm/report/list&reset=1','access CiviReport','',194,1,1,1),(196,1,'Create Reports from Templates','Create Reports from Templates','civicrm/admin/report/template/list&reset=1','administer Reports','',194,1,1,2),(197,1,'Constituent Report (Summary)','Constituent Report (Summary)','civicrm/report/instance/1&reset=1','administer CiviCRM','',194,1,NULL,3),(198,1,'Constituent Report (Detail)','Constituent Report (Detail)','civicrm/report/instance/2&reset=1','administer CiviCRM','',194,1,NULL,4),(199,1,'Donor Report (Summary)','Donor Report (Summary)','civicrm/report/instance/3&reset=1','access CiviContribute','',194,1,NULL,5),(200,1,'Donor Report (Detail)','Donor Report (Detail)','civicrm/report/instance/4&reset=1','access CiviContribute','',194,1,NULL,6),(201,1,'Donation Summary Report (Repeat)','Donation Summary Report (Repeat)','civicrm/report/instance/5&reset=1','access CiviContribute','',194,1,NULL,7),(202,1,'SYBUNT Report','SYBUNT Report','civicrm/report/instance/6&reset=1','access CiviContribute','',194,1,NULL,8),(203,1,'LYBUNT Report','LYBUNT Report','civicrm/report/instance/7&reset=1','access CiviContribute','',194,1,NULL,9),(204,1,'Soft Credit Report','Soft Credit Report','civicrm/report/instance/8&reset=1','access CiviContribute','',194,1,NULL,10),(205,1,'Membership Report (Summary)','Membership Report (Summary)','civicrm/report/instance/9&reset=1','access CiviMember','',194,1,NULL,11),(206,1,'Membership Report (Detail)','Membership Report (Detail)','civicrm/report/instance/10&reset=1','access CiviMember','',194,1,NULL,12),(207,1,'Membership Report (Lapsed)','Membership Report (Lapsed)','civicrm/report/instance/11&reset=1','access CiviMember','',194,1,NULL,13),(208,1,'Event Participant Report (List)','Event Participant Report (List)','civicrm/report/instance/12&reset=1','access CiviEvent','',194,1,NULL,14),(209,1,'Event Income Report (Summary)','Event Income Report (Summary)','civicrm/report/instance/13&reset=1','access CiviEvent','',194,1,NULL,15),(210,1,'Event Income Report (Detail)','Event Income Report (Detail)','civicrm/report/instance/14&reset=1','access CiviEvent','',194,1,NULL,16),(211,1,'Attendee List','Attendee List','civicrm/report/instance/15&reset=1','access CiviEvent','',194,1,NULL,17),(212,1,'Activity Report','activity','civicrm/report/instance/16&reset=1','administer CiviCRM','',194,1,NULL,18),(213,1,'Relationship Report','Relationship Report','civicrm/report/instance/17&reset=1','administer CiviCRM','',194,1,NULL,19),(214,1,'Donation Summary Report (Organization)','Donation Summary Report (Organization)','civicrm/report/instance/18&reset=1','access CiviContribute','',194,1,NULL,20),(215,1,'Donation Summary Report (Household)','Donation Summary Report (Household)','civicrm/report/instance/19&reset=1','access CiviContribute','',194,1,NULL,21),(216,1,'Top Donors Report','Top Donors Report','civicrm/report/instance/20&reset=1','access CiviContribute','',194,1,NULL,22),(217,1,'Pledge Summary Report','Pledge Summary Report','civicrm/report/instance/21&reset=1','access CiviPledge','',194,1,NULL,23),(218,1,'Pledged But not Paid Report','Pledged But not Paid Report','civicrm/report/instance/22&reset=1','access CiviPledge','',194,1,NULL,24),(219,1,'Bookkeeping Transactions Report','Bookkeeping Transactions Report','civicrm/report/instance/23&reset=1','access CiviContribute','',194,1,NULL,25),(220,1,'Grant Report (Detail)','Grant Report Detail','civicrm/report/instance/24&reset=1','access CiviGrant','',194,1,NULL,26),(221,1,'Mail Bounce Report','Mail Bounce Report','civicrm/report/instance/25&reset=1','access CiviMail','',194,1,NULL,27),(222,1,'Mail Summary Report','Mail Summary Report','civicrm/report/instance/26&reset=1','access CiviMail','',194,1,NULL,28),(223,1,'Mail Opened Report','Mail Opened Report','civicrm/report/instance/27&reset=1','access CiviMail','',194,1,NULL,28),(224,1,'Mail Clickthrough Report','Mail Clickthrough Report','civicrm/report/instance/28&reset=1','access CiviMail','',194,1,NULL,29),(225,1,'Grant Report (Statistics)','Shows statistics for grants','civicrm/report/instance/29&reset=1','access CiviGrant','',194,1,NULL,29),(226,1,'New Student','New Student','civicrm/contact/add&ct=Individual&cst=Student&reset=1','add contacts','',20,1,NULL,1),(227,1,'New Parent','New Parent','civicrm/contact/add&ct=Individual&cst=Parent&reset=1','add contacts','',20,1,NULL,2),(228,1,'New Staff','New Staff','civicrm/contact/add&ct=Individual&cst=Staff&reset=1','add contacts','',20,1,NULL,3),(229,1,'New Team','New Team','civicrm/contact/add&ct=Organization&cst=Team&reset=1','add contacts','',22,1,NULL,1),(230,1,'New Sponsor','New Sponsor','civicrm/contact/add&ct=Organization&cst=Sponsor&reset=1','add contacts','',22,1,NULL,2);
/*!40000 ALTER TABLE `civicrm_navigation` ENABLE KEYS */;
UNLOCK TABLES;

--
-- Dumping data for table `civicrm_note`
--

LOCK TABLES `civicrm_note` WRITE;
/*!40000 ALTER TABLE `civicrm_note` DISABLE KEYS */;
INSERT INTO `civicrm_note` (`id`, `entity_table`, `entity_id`, `note`, `contact_id`, `modified_date`, `subject`, `privacy`) VALUES (1,'civicrm_contact',51,'Send reminder for annual dinner',1,'2010-09-20',NULL,0),(2,'civicrm_contact',89,'Chart out route map for next 10k run',1,'2010-09-30',NULL,0),(3,'civicrm_contact',77,'Arrange for cricket match with Sunil Gavaskar',1,'2010-03-10',NULL,0),(4,'civicrm_contact',92,'Arrange for cricket match with Sunil Gavaskar',1,'2010-04-09',NULL,0),(5,'civicrm_contact',96,'Invite members for the Steve Prefontaine 10k dream run',1,'2011-01-30',NULL,0),(6,'civicrm_contact',84,'Arrange collection of funds from members',1,'2010-05-29',NULL,0),(7,'civicrm_contact',71,'Arrange for cricket match with Sunil Gavaskar',1,'2010-04-23',NULL,0),(8,'civicrm_contact',86,'Get the registration done for NGO status',1,'2010-10-26',NULL,0),(9,'civicrm_contact',69,'Connect for presentation',1,'2010-07-05',NULL,0),(10,'civicrm_contact',95,'Reminder screening of \"Black\" on next Friday',1,'2010-09-08',NULL,0),(11,'civicrm_contact',82,'Invite members for the Steve Prefontaine 10k dream run',1,'2010-11-03',NULL,0),(12,'civicrm_contact',99,'Send newsletter for April 2005',1,'2010-02-26',NULL,0),(13,'civicrm_contact',66,'Send reminder for annual dinner',1,'2011-01-23',NULL,0),(14,'civicrm_contact',67,'Get the registration done for NGO status',1,'2010-08-23',NULL,0),(15,'civicrm_contact',23,'Send reminder for annual dinner',1,'2010-08-12',NULL,0),(16,'civicrm_contact',34,'Arrange for cricket match with Sunil Gavaskar',1,'2010-06-30',NULL,0),(17,'civicrm_contact',64,'Invite members for the Steve Prefontaine 10k dream run',1,'2010-08-28',NULL,0),(18,'civicrm_contact',53,'Chart out route map for next 10k run',1,'2010-11-14',NULL,0),(19,'civicrm_contact',49,'Arrange collection of funds from members',1,'2010-03-17',NULL,0),(20,'civicrm_contact',46,'Connect for presentation',1,'2010-08-24',NULL,0),(21,'civicrm_contact',2,'Send reminder for annual dinner',1,'2010-06-18',NULL,0),(22,'civicrm_contact',100,'Connect for presentation',1,'2010-05-25',NULL,0),(23,'civicrm_contact',7,'Chart out route map for next 10k run',1,'2010-09-07',NULL,0),(24,'civicrm_contact',59,'Chart out route map for next 10k run',1,'2011-01-04',NULL,0),(25,'civicrm_contact',91,'Contact the Commisioner of Charities',1,'2010-07-31',NULL,0),(26,'civicrm_contact',101,'Reminder screening of \"Black\" on next Friday',1,'2010-02-17',NULL,0),(27,'civicrm_contact',31,'Connect for presentation',1,'2011-01-13',NULL,0),(28,'civicrm_contact',29,'Get the registration done for NGO status',1,'2010-07-26',NULL,0),(29,'civicrm_contact',11,'Send reminder for annual dinner',1,'2010-02-16',NULL,0),(30,'civicrm_contact',56,'Reminder screening of \"Black\" on next Friday',1,'2010-11-01',NULL,0),(31,'civicrm_contact',42,'Send reminder for annual dinner',1,'2010-09-01',NULL,0),(32,'civicrm_contact',63,'Arrange collection of funds from members',1,'2010-05-16',NULL,0),(33,'civicrm_contact',35,'Arrange for cricket match with Sunil Gavaskar',1,'2010-07-30',NULL,0),(34,'civicrm_contact',4,'Contact the Commisioner of Charities',1,'2010-09-21',NULL,0),(35,'civicrm_contact',74,'Reminder screening of \"Black\" on next Friday',1,'2010-11-15',NULL,0),(36,'civicrm_contact',21,'Send reminder for annual dinner',1,'2010-05-16',NULL,0),(37,'civicrm_contact',40,'Contact the Commisioner of Charities',1,'2010-12-21',NULL,0),(38,'civicrm_contact',55,'Send reminder for annual dinner',1,'2010-12-08',NULL,0),(39,'civicrm_contact',36,'Connect for presentation',1,'2010-12-02',NULL,0),(40,'civicrm_contact',78,'Chart out route map for next 10k run',1,'2010-08-31',NULL,0),(41,'civicrm_contact',52,'Chart out route map for next 10k run',1,'2010-07-28',NULL,0),(42,'civicrm_contact',17,'Arrange for cricket match with Sunil Gavaskar',1,'2010-04-28',NULL,0),(43,'civicrm_contact',43,'Chart out route map for next 10k run',1,'2010-04-26',NULL,0),(44,'civicrm_contact',33,'Connect for presentation',1,'2010-02-09',NULL,0),(45,'civicrm_contact',58,'Chart out route map for next 10k run',1,'2010-06-11',NULL,0),(46,'civicrm_contact',65,'Invite members for the Steve Prefontaine 10k dream run',1,'2011-01-10',NULL,0),(47,'civicrm_contact',19,'Reminder screening of \"Black\" on next Friday',1,'2010-06-20',NULL,0),(48,'civicrm_contact',16,'Chart out route map for next 10k run',1,'2010-04-03',NULL,0),(49,'civicrm_contact',73,'Contact the Commisioner of Charities',1,'2010-05-14',NULL,0),(50,'civicrm_contact',9,'Chart out route map for next 10k run',1,'2011-01-07',NULL,0),(51,'civicrm_contact',68,'Arrange collection of funds from members',1,'2010-12-26',NULL,0),(52,'civicrm_contact',47,'Arrange collection of funds from members',1,'2010-10-23',NULL,0),(53,'civicrm_contact',24,'Arrange collection of funds from members',1,'2010-04-28',NULL,0),(54,'civicrm_contact',50,'Get the registration done for NGO status',1,'2011-01-10',NULL,0),(55,'civicrm_contact',22,'Organize the Terry Fox run',1,'2010-02-17',NULL,0),(56,'civicrm_contact',13,'Contact the Commisioner of Charities',1,'2010-06-30',NULL,0),(57,'civicrm_contact',3,'Chart out route map for next 10k run',1,'2010-05-28',NULL,0),(58,'civicrm_contact',5,'Organize the Terry Fox run',1,'2010-09-01',NULL,0),(59,'civicrm_contact',48,'Arrange collection of funds from members',1,'2010-02-28',NULL,0),(60,'civicrm_contact',10,'Arrange for cricket match with Sunil Gavaskar',1,'2010-12-22',NULL,0),(61,'civicrm_contact',39,'Send reminder for annual dinner',1,'2010-07-08',NULL,0),(62,'civicrm_contact',93,'Arrange collection of funds from members',1,'2010-11-12',NULL,0),(63,'civicrm_contact',32,'Send reminder for annual dinner',1,'2010-12-02',NULL,0),(64,'civicrm_contact',83,'Get the registration done for NGO status',1,'2010-12-16',NULL,0),(65,'civicrm_contact',12,'Invite members for the Steve Prefontaine 10k dream run',1,'2010-07-16',NULL,0),(66,'civicrm_contact',94,'Get the registration done for NGO status',1,'2010-08-14',NULL,0),(67,'civicrm_contact',72,'Send reminder for annual dinner',1,'2010-06-25',NULL,0),(68,'civicrm_contact',70,'Arrange collection of funds from members',1,'2010-09-13',NULL,0),(69,'civicrm_contact',25,'Arrange for cricket match with Sunil Gavaskar',1,'2010-08-17',NULL,0),(70,'civicrm_contact',88,'Arrange collection of funds from members',1,'2010-11-29',NULL,0),(71,'civicrm_contact',45,'Connect for presentation',1,'2010-07-20',NULL,0),(72,'civicrm_contact',6,'Contact the Commisioner of Charities',1,'2010-10-02',NULL,0),(73,'civicrm_contact',98,'Arrange collection of funds from members',1,'2010-03-15',NULL,0),(74,'civicrm_contact',15,'Invite members for the Steve Prefontaine 10k dream run',1,'2010-07-02',NULL,0),(75,'civicrm_contact',27,'Chart out route map for next 10k run',1,'2011-02-02',NULL,0),(76,'civicrm_contact',57,'Chart out route map for next 10k run',1,'2010-02-18',NULL,0),(77,'civicrm_contact',54,'Arrange collection of funds from members',1,'2010-05-26',NULL,0),(78,'civicrm_contact',81,'Send newsletter for April 2005',1,'2010-05-10',NULL,0),(79,'civicrm_contact',37,'Reminder screening of \"Black\" on next Friday',1,'2010-11-16',NULL,0),(80,'civicrm_contact',18,'Invite members for the Steve Prefontaine 10k dream run',1,'2010-09-01',NULL,0),(81,'civicrm_contact',61,'Contact the Commisioner of Charities',1,'2010-10-20',NULL,0),(82,'civicrm_contact',80,'Send reminder for annual dinner',1,'2010-08-03',NULL,0),(83,'civicrm_contact',44,'Send reminder for annual dinner',1,'2011-01-22',NULL,0),(84,'civicrm_contact',20,'Connect for presentation',1,'2010-04-09',NULL,0),(85,'civicrm_contact',76,'Chart out route map for next 10k run',1,'2010-09-28',NULL,0),(86,'civicrm_contact',28,'Send reminder for annual dinner',1,'2010-02-09',NULL,0),(87,'civicrm_contact',38,'Invite members for the Steve Prefontaine 10k dream run',1,'2010-06-28',NULL,0),(88,'civicrm_contact',97,'Arrange collection of funds from members',1,'2010-08-31',NULL,0),(89,'civicrm_contact',41,'Get the registration done for NGO status',1,'2010-06-30',NULL,0),(90,'civicrm_contact',62,'Invite members for the Steve Prefontaine 10k dream run',1,'2010-10-11',NULL,0),(91,'civicrm_contact',8,'Organize the Terry Fox run',1,'2010-04-27',NULL,0),(92,'civicrm_contact',85,'Chart out route map for next 10k run',1,'2010-11-27',NULL,0),(93,'civicrm_contact',87,'Get the registration done for NGO status',1,'2010-08-26',NULL,0),(94,'civicrm_contact',79,'Invite members for the Steve Prefontaine 10k dream run',1,'2011-01-30',NULL,0),(95,'civicrm_contact',26,'Contact the Commisioner of Charities',1,'2010-05-04',NULL,0),(96,'civicrm_contact',14,'Invite members for the Steve Prefontaine 10k dream run',1,'2010-05-31',NULL,0),(97,'civicrm_contact',75,'Invite members for the Steve Prefontaine 10k dream run',1,'2010-05-11',NULL,0);
/*!40000 ALTER TABLE `civicrm_note` ENABLE KEYS */;
UNLOCK TABLES;

--
-- Dumping data for table `civicrm_openid`
--

LOCK TABLES `civicrm_openid` WRITE;
/*!40000 ALTER TABLE `civicrm_openid` DISABLE KEYS */;
/*!40000 ALTER TABLE `civicrm_openid` ENABLE KEYS */;
UNLOCK TABLES;

--
-- Dumping data for table `civicrm_openid_associations`
--

LOCK TABLES `civicrm_openid_associations` WRITE;
/*!40000 ALTER TABLE `civicrm_openid_associations` DISABLE KEYS */;
/*!40000 ALTER TABLE `civicrm_openid_associations` ENABLE KEYS */;
UNLOCK TABLES;

--
-- Dumping data for table `civicrm_openid_nonces`
--

LOCK TABLES `civicrm_openid_nonces` WRITE;
/*!40000 ALTER TABLE `civicrm_openid_nonces` DISABLE KEYS */;
/*!40000 ALTER TABLE `civicrm_openid_nonces` ENABLE KEYS */;
UNLOCK TABLES;

--
-- Dumping data for table `civicrm_option_group`
--

LOCK TABLES `civicrm_option_group` WRITE;
/*!40000 ALTER TABLE `civicrm_option_group` DISABLE KEYS */;
INSERT INTO `civicrm_option_group` (`id`, `name`, `label`, `description`, `is_reserved`, `is_active`) VALUES (1,'preferred_communication_method',NULL,'Preferred Communication Method',0,1),(2,'activity_type',NULL,'Activity Type',0,1),(3,'gender',NULL,'Gender',0,1),(4,'instant_messenger_service',NULL,'Instant Messenger (IM) screen-names',0,1),(5,'mobile_provider',NULL,'Mobile Phone Providers',0,1),(6,'individual_prefix',NULL,'Individual contact prefixes',0,1),(7,'individual_suffix',NULL,'Individual contact suffixes',0,1),(8,'acl_role',NULL,'ACL Role',0,1),(9,'accept_creditcard',NULL,'Accepted Credit Cards',0,1),(10,'payment_instrument',NULL,'Payment Instruments',0,1),(11,'contribution_status',NULL,'Contribution Status',0,1),(12,'pcp_status',NULL,'PCP Status',0,1),(13,'participant_role',NULL,'Participant Role',0,1),(14,'event_type',NULL,'Event Type',0,1),(15,'contact_view_options',NULL,'Contact View Options',0,1),(16,'contact_edit_options',NULL,'Contact Edit Options',0,1),(17,'advanced_search_options',NULL,'Advanced Search Options',0,1),(18,'user_dashboard_options',NULL,'User Dashboard Options',0,1),(19,'address_options',NULL,'Addressing Options',0,1),(20,'group_type',NULL,'Group Type',0,1),(21,'grant_status',NULL,'Grant status',0,1),(22,'grant_type',NULL,'Grant Type',0,1),(23,'honor_type',NULL,'Honor Type',0,1),(24,'custom_search',NULL,'Custom Search',0,1),(25,'activity_status',NULL,'Activity Status',0,1),(26,'case_type',NULL,'Case Type',0,1),(27,'case_status',NULL,'Case Status',0,1),(28,'participant_listing',NULL,'Participant Listing',0,1),(29,'safe_file_extension',NULL,'Safe File Extension',0,1),(30,'from_email_address',NULL,'From Email Address',0,1),(31,'mapping_type',NULL,'Mapping Type',0,1),(32,'wysiwyg_editor',NULL,'WYSIWYG Editor',0,1),(33,'recur_frequency_units',NULL,'Recurring Frequency Units',0,1),(34,'phone_type',NULL,'Phone Type',0,1),(35,'custom_data_type',NULL,'Custom Data Type',0,1),(36,'visibility',NULL,'Visibility',0,1),(37,'mail_protocol',NULL,'Mail Protocol',0,1),(38,'priority',NULL,'Priority',0,1),(39,'redaction_rule',NULL,'Redaction Rule',0,1),(40,'report_template',NULL,'Report Template',0,1),(41,'email_greeting',NULL,'Email Greeting Type',0,1),(42,'postal_greeting',NULL,'Postal Greeting Type',0,1),(43,'addressee',NULL,'Addressee Type',0,1),(44,'contact_autocomplete_options',NULL,'Autocomplete Contact Search',0,1),(45,'account_type',NULL,'Account type',0,1),(46,'website_type',NULL,'Website Type',0,1),(47,'tag_used_for',NULL,'Tag Used For',0,1),(48,'currencies_enabled',NULL,'List of currencies enabled for this site',0,1),(49,'event_badge',NULL,'Event Name Badge',0,1),(50,'note_privacy',NULL,'Privacy levels for notes',0,1),(51,'campaign_type',NULL,'Campaign Type',0,1),(52,'campaign_status',NULL,'Campaign Status',0,1),(53,'system_extensions',NULL,'CiviCRM Extensions',0,1),(54,'directory_preferences',NULL,'Directory Preferences',0,1),(55,'url_preferences',NULL,'URL Preferences',0,1),(56,'mail_approval_status',NULL,'CiviMail Approval Status',0,1),(57,'languages','Languages','List of Languages',0,1),(58,'encounter_medium','Encounter Medium','Encounter medium for case activities (e.g. In Person, By Phone, etc.)',0,1),(59,'msg_tpl_workflow_case','Message Template Workflow for Cases','Message Template Workflow for Cases',0,1),(60,'msg_tpl_workflow_contribution','Message Template Workflow for Contributions','Message Template Workflow for Contributions',0,1),(61,'msg_tpl_workflow_event','Message Template Workflow for Events','Message Template Workflow for Events',0,1),(62,'msg_tpl_workflow_friend','Message Template Workflow for Tell-a-Friend','Message Template Workflow for Tell-a-Friend',0,1),(63,'msg_tpl_workflow_membership','Message Template Workflow for Memberships','Message Template Workflow for Memberships',0,1),(64,'msg_tpl_workflow_meta','Message Template Workflow for Meta Templates','Message Template Workflow for Meta Templates',0,1),(65,'msg_tpl_workflow_pledge','Message Template Workflow for Pledges','Message Template Workflow for Pledges',0,1),(66,'msg_tpl_workflow_uf','Message Template Workflow for Profiles','Message Template Workflow for Profiles',0,1),(67,'msg_tpl_workflow_petition','Message Template Workflow for Petition','Message Template Workflow for Petition',0,1),(68,'civicrm_contribution_page.amount.1',NULL,'Contribution Page Amount: 1',0,1),(69,'civicrm_event.amount.1',NULL,NULL,0,1),(70,'civicrm_event.amount.2',NULL,NULL,0,1),(71,'civicrm_event.amount.3',NULL,NULL,0,1);
/*!40000 ALTER TABLE `civicrm_option_group` ENABLE KEYS */;
UNLOCK TABLES;

--
-- Dumping data for table `civicrm_option_value`
--

LOCK TABLES `civicrm_option_value` WRITE;
/*!40000 ALTER TABLE `civicrm_option_value` DISABLE KEYS */;
INSERT INTO `civicrm_option_value` (`id`, `option_group_id`, `label`, `value`, `name`, `grouping`, `filter`, `is_default`, `weight`, `description`, `is_optgroup`, `is_reserved`, `is_active`, `component_id`, `domain_id`, `visibility_id`) VALUES (1,1,'Phone','1',NULL,NULL,0,NULL,1,NULL,0,0,1,NULL,NULL,NULL),(2,1,'Email','2',NULL,NULL,0,NULL,2,NULL,0,0,1,NULL,NULL,NULL),(3,1,'Postal Mail','3',NULL,NULL,0,NULL,3,NULL,0,0,1,NULL,NULL,NULL),(4,1,'SMS','4',NULL,NULL,0,NULL,4,NULL,0,0,1,NULL,NULL,NULL),(5,1,'Fax','5',NULL,NULL,0,NULL,5,NULL,0,0,1,NULL,NULL,NULL),(6,2,'Meeting','1','Meeting',NULL,0,NULL,1,NULL,0,1,1,NULL,NULL,NULL),(7,2,'Phone Call','2','Phone Call',NULL,0,NULL,2,NULL,0,1,1,NULL,NULL,NULL),(8,2,'Email','3','Email',NULL,1,NULL,3,'Email sent.',0,1,1,NULL,NULL,NULL),(9,2,'Text Message (SMS)','4','SMS',NULL,1,NULL,4,'Text message (SMS) sent.',0,1,1,NULL,NULL,NULL),(10,2,'Event Registration','5','Event Registration',NULL,1,NULL,5,'Online or offline event registration.',0,1,1,1,NULL,NULL),(11,2,'Contribution','6','Contribution',NULL,1,NULL,6,'Online or offline contribution.',0,1,1,2,NULL,NULL),(12,2,'Membership Signup','7','Membership Signup',NULL,1,NULL,7,'Online or offline membership signup.',0,1,1,3,NULL,NULL),(13,2,'Membership Renewal','8','Membership Renewal',NULL,1,NULL,8,'Online or offline membership renewal.',0,1,1,3,NULL,NULL),(14,2,'Tell a Friend','9','Tell a Friend',NULL,1,NULL,9,'Send information about a contribution campaign or event to a friend.',0,1,1,NULL,NULL,NULL),(15,2,'Pledge Acknowledgment','10','Pledge Acknowledgment',NULL,1,NULL,10,'Send Pledge Acknowledgment.',0,1,1,6,NULL,NULL),(16,2,'Pledge Reminder','11','Pledge Reminder',NULL,1,NULL,11,'Send Pledge Reminder.',0,1,1,6,NULL,NULL),(17,2,'Inbound Email','12','Inbound Email',NULL,1,NULL,12,'Inbound Email.',0,1,1,NULL,NULL,NULL),(18,2,'Open Case','13','Open Case',NULL,0,0,13,'',0,0,1,7,NULL,NULL),(19,2,'Follow up','14','Follow up',NULL,0,0,14,'',0,0,1,7,NULL,NULL),(20,2,'Change Case Type','15','Change Case Type',NULL,0,0,15,'',0,0,1,7,NULL,NULL),(21,2,'Change Case Status','16','Change Case Status',NULL,0,0,16,'',0,0,1,7,NULL,NULL),(22,2,'Membership Renewal Reminder','17','Membership Renewal Reminder',NULL,1,NULL,17,'offline membership renewal reminder.',0,1,1,3,NULL,NULL),(23,2,'Change Case Start Date','18','Change Case Start Date',NULL,0,0,18,'',0,0,1,7,NULL,NULL),(24,2,'Bulk Email','19','Bulk Email',NULL,1,NULL,19,'Bulk Email Sent.',0,1,1,NULL,NULL,NULL),(25,2,'Assign Case Role','20','Assign Case Role',NULL,0,0,20,'',0,0,1,7,NULL,NULL),(26,2,'Remove Case Role','21','Remove Case Role',NULL,0,0,21,'',0,0,1,7,NULL,NULL),(27,2,'Print PDF Letter','22','Print PDF Letter',NULL,0,NULL,22,'Print PDF Letter.',0,1,1,NULL,NULL,NULL),(28,2,'Merge Case','23','Merge Case',NULL,0,NULL,23,'',0,1,1,7,NULL,NULL),(29,2,'Reassigned Case','24','Reassigned Case',NULL,0,NULL,24,'',0,1,1,7,NULL,NULL),(30,2,'Link Cases','25','Link Cases',NULL,0,NULL,25,'',0,1,1,7,NULL,NULL),(31,2,'Change Case Tags','26','Change Case Tags',NULL,0,0,26,'',0,1,1,7,NULL,NULL),(32,2,'Survey','27','Survey',NULL,0,0,27,'',0,1,1,9,NULL,NULL),(33,2,'Canvass','28','Canvass',NULL,0,0,28,'',0,1,1,9,NULL,NULL),(34,2,'PhoneBank','29','PhoneBank',NULL,0,0,29,'',0,1,1,9,NULL,NULL),(35,2,'WalkList','30','WalkList',NULL,0,0,30,'',0,1,1,9,NULL,NULL),(36,2,'Petition','31','Petition',NULL,0,0,31,'',0,1,1,9,NULL,NULL),(37,3,'Female','1','Female',NULL,0,NULL,1,NULL,0,0,1,NULL,NULL,NULL),(38,3,'Male','2','Male',NULL,0,NULL,2,NULL,0,0,1,NULL,NULL,NULL),(39,3,'Transgender','3','Transgender',NULL,0,NULL,3,NULL,0,0,1,NULL,NULL,NULL),(40,4,'Yahoo','1','Yahoo',NULL,0,NULL,1,NULL,0,0,1,NULL,NULL,NULL),(41,4,'MSN','2','Msn',NULL,0,NULL,2,NULL,0,0,1,NULL,NULL,NULL),(42,4,'AIM','3','Aim',NULL,0,NULL,3,NULL,0,0,1,NULL,NULL,NULL),(43,4,'GTalk','4','Gtalk',NULL,0,NULL,4,NULL,0,0,1,NULL,NULL,NULL),(44,4,'Jabber','5','Jabber',NULL,0,NULL,5,NULL,0,0,1,NULL,NULL,NULL),(45,4,'Skype','6','Skype',NULL,0,NULL,6,NULL,0,0,1,NULL,NULL,NULL),(46,5,'Sprint','1','Sprint',NULL,0,NULL,1,NULL,0,0,1,NULL,NULL,NULL),(47,5,'Verizon','2','Verizon',NULL,0,NULL,2,NULL,0,0,1,NULL,NULL,NULL),(48,5,'Cingular','3','Cingular',NULL,0,NULL,3,NULL,0,0,1,NULL,NULL,NULL),(49,6,'Mrs.','1','Mrs.',NULL,0,NULL,1,NULL,0,0,1,NULL,NULL,NULL),(50,6,'Ms.','2','Ms.',NULL,0,NULL,2,NULL,0,0,1,NULL,NULL,NULL),(51,6,'Mr.','3','Mr.',NULL,0,NULL,3,NULL,0,0,1,NULL,NULL,NULL),(52,6,'Dr.','4','Dr.',NULL,0,NULL,4,NULL,0,0,1,NULL,NULL,NULL),(53,7,'Jr.','1','Jr.',NULL,0,NULL,1,NULL,0,0,1,NULL,NULL,NULL),(54,7,'Sr.','2','Sr.',NULL,0,NULL,2,NULL,0,0,1,NULL,NULL,NULL),(55,7,'II','3','II',NULL,0,NULL,3,NULL,0,0,1,NULL,NULL,NULL),(56,7,'III','4','III',NULL,0,NULL,4,NULL,0,0,1,NULL,NULL,NULL),(57,7,'IV','5','IV',NULL,0,NULL,5,NULL,0,0,1,NULL,NULL,NULL),(58,7,'V','6','V',NULL,0,NULL,6,NULL,0,0,1,NULL,NULL,NULL),(59,7,'VI','7','VI',NULL,0,NULL,7,NULL,0,0,1,NULL,NULL,NULL),(60,7,'VII','8','VII',NULL,0,NULL,8,NULL,0,0,1,NULL,NULL,NULL),(61,8,'Administrator','1','Admin',NULL,0,NULL,1,NULL,0,0,1,NULL,NULL,NULL),(62,8,'Authenticated','2','Auth',NULL,0,NULL,2,NULL,0,1,1,NULL,NULL,NULL),(63,9,'Visa','1','Visa',NULL,0,NULL,1,NULL,0,0,1,NULL,NULL,NULL),(64,9,'MasterCard','2','MasterCard',NULL,0,NULL,2,NULL,0,0,1,NULL,NULL,NULL),(65,9,'Amex','3','Amex',NULL,0,NULL,3,NULL,0,0,1,NULL,NULL,NULL),(66,9,'Discover','4','Discover',NULL,0,NULL,4,NULL,0,0,1,NULL,NULL,NULL),(67,10,'Credit Card','1','Credit Card',NULL,0,NULL,1,NULL,0,1,1,NULL,NULL,NULL),(68,10,'Debit Card','2','Debit Card',NULL,0,NULL,2,NULL,0,0,1,NULL,NULL,NULL),(69,10,'Cash','3','Cash',NULL,0,NULL,3,NULL,0,0,1,NULL,NULL,NULL),(70,10,'Check','4','Check',NULL,0,NULL,4,NULL,0,0,1,NULL,NULL,NULL),(71,10,'EFT','5','EFT',NULL,0,NULL,5,NULL,0,0,1,NULL,NULL,NULL),(72,11,'Completed','1','Completed',NULL,0,NULL,1,NULL,0,1,1,NULL,NULL,NULL),(73,11,'Pending','2','Pending',NULL,0,NULL,2,NULL,0,1,1,NULL,NULL,NULL),(74,11,'Cancelled','3','Cancelled',NULL,0,NULL,3,NULL,0,1,1,NULL,NULL,NULL),(75,11,'Failed','4','Failed',NULL,0,NULL,4,NULL,0,1,1,NULL,NULL,NULL),(76,11,'In Progress','5','In Progress',NULL,0,NULL,5,NULL,0,1,1,NULL,NULL,NULL),(77,11,'Overdue','6','Overdue',NULL,0,NULL,6,NULL,0,1,1,NULL,NULL,NULL),(78,12,'Waiting Review','1','Waiting Review',NULL,0,NULL,1,NULL,0,1,1,NULL,NULL,NULL),(79,12,'Approved','2','Approved',NULL,0,NULL,2,NULL,0,1,1,NULL,NULL,NULL),(80,12,'Not Approved','3','Not Approved',NULL,0,NULL,3,NULL,0,1,1,NULL,NULL,NULL),(81,13,'Attendee','1','Attendee',NULL,1,NULL,1,NULL,0,0,1,NULL,NULL,NULL),(82,13,'Volunteer','2','Volunteer',NULL,1,NULL,2,NULL,0,0,1,NULL,NULL,NULL),(83,13,'Host','3','Host',NULL,1,NULL,3,NULL,0,0,1,NULL,NULL,NULL),(84,13,'Speaker','4','Speaker',NULL,1,NULL,4,NULL,0,0,1,NULL,NULL,NULL),(85,14,'Conference','1','Conference',NULL,0,NULL,1,NULL,0,0,1,NULL,NULL,NULL),(86,14,'Exhibition','2','Exhibition',NULL,0,NULL,2,NULL,0,0,1,NULL,NULL,NULL),(87,14,'Fundraiser','3','Fundraiser',NULL,0,NULL,3,NULL,0,0,1,NULL,NULL,NULL),(88,14,'Meeting','4','Meeting',NULL,0,NULL,4,NULL,0,0,1,NULL,NULL,NULL),(89,14,'Performance','5','Performance',NULL,0,NULL,5,NULL,0,0,1,NULL,NULL,NULL),(90,14,'Workshop','6','Workshop',NULL,0,NULL,6,NULL,0,0,1,NULL,NULL,NULL),(91,15,'Activities','1','activity',NULL,0,NULL,1,NULL,0,0,1,NULL,NULL,NULL),(92,15,'Relationships','2','rel',NULL,0,NULL,2,NULL,0,0,1,NULL,NULL,NULL),(93,15,'Groups','3','group',NULL,0,NULL,3,NULL,0,0,1,NULL,NULL,NULL),(94,15,'Notes','4','note',NULL,0,NULL,4,NULL,0,0,1,NULL,NULL,NULL),(95,15,'Tags','5','tag',NULL,0,NULL,5,NULL,0,0,1,NULL,NULL,NULL),(96,15,'Change Log','6','log',NULL,0,NULL,6,NULL,0,0,1,NULL,NULL,NULL),(97,15,'Contributions','7','CiviContribute',NULL,0,NULL,7,NULL,0,0,1,NULL,NULL,NULL),(98,15,'Memberships','8','CiviMember',NULL,0,NULL,8,NULL,0,0,1,NULL,NULL,NULL),(99,15,'Events','9','CiviEvent',NULL,0,NULL,9,NULL,0,0,1,NULL,NULL,NULL),(100,15,'Cases','10','CiviCase',NULL,0,NULL,10,NULL,0,0,1,NULL,NULL,NULL),(101,15,'Grants','11','CiviGrant',NULL,0,NULL,11,NULL,0,0,1,NULL,NULL,NULL),(102,15,'Pledges','13','CiviPledge',NULL,0,NULL,13,NULL,0,0,1,NULL,NULL,NULL),(103,16,'Custom Data','1','CustomData',NULL,0,NULL,1,NULL,0,0,1,NULL,NULL,NULL),(104,16,'Address','2','Address',NULL,0,NULL,2,NULL,0,0,1,NULL,NULL,NULL),(105,16,'Communication Preferences','3','CommunicationPreferences',NULL,0,NULL,3,NULL,0,0,1,NULL,NULL,NULL),(106,16,'Notes','4','Notes',NULL,0,NULL,4,NULL,0,0,1,NULL,NULL,NULL),(107,16,'Demographics','5','Demographics',NULL,0,NULL,5,NULL,0,0,1,NULL,NULL,NULL),(108,16,'Tags and Groups','6','TagsAndGroups',NULL,0,NULL,6,NULL,0,0,1,NULL,NULL,NULL),(109,16,'Email','7','Email',NULL,1,NULL,7,NULL,0,0,1,NULL,NULL,NULL),(110,16,'Phone','8','Phone',NULL,1,NULL,8,NULL,0,0,1,NULL,NULL,NULL),(111,16,'Instant Messenger','9','IM',NULL,1,NULL,9,NULL,0,0,1,NULL,NULL,NULL),(112,16,'Open ID','10','OpenID',NULL,1,NULL,10,NULL,0,0,1,NULL,NULL,NULL),(113,16,'Website','11','Website',NULL,1,NULL,11,NULL,0,0,1,NULL,NULL,NULL),(114,17,'Address Fields','1','location',NULL,0,NULL,1,NULL,0,0,1,NULL,NULL,NULL),(115,17,'Custom Fields','2','custom',NULL,0,NULL,2,NULL,0,0,1,NULL,NULL,NULL),(116,17,'Activities','3','activity',NULL,0,NULL,4,NULL,0,0,1,NULL,NULL,NULL),(117,17,'Relationships','4','relationship',NULL,0,NULL,5,NULL,0,0,1,NULL,NULL,NULL),(118,17,'Notes','5','notes',NULL,0,NULL,6,NULL,0,0,1,NULL,NULL,NULL),(119,17,'Change Log','6','changeLog',NULL,0,NULL,7,NULL,0,0,1,NULL,NULL,NULL),(120,17,'Contributions','7','CiviContribute',NULL,0,NULL,8,NULL,0,0,1,NULL,NULL,NULL),(121,17,'Memberships','8','CiviMember',NULL,0,NULL,9,NULL,0,0,1,NULL,NULL,NULL),(122,17,'Events','9','CiviEvent',NULL,0,NULL,10,NULL,0,0,1,NULL,NULL,NULL),(123,17,'Cases','10','CiviCase',NULL,0,NULL,11,NULL,0,0,1,NULL,NULL,NULL),(124,17,'Grants','12','CiviGrant',NULL,0,NULL,14,NULL,0,0,1,NULL,NULL,NULL),(125,17,'Demographics','13','demographics',NULL,0,NULL,15,NULL,0,0,1,NULL,NULL,NULL),(126,17,'Pledges','15','CiviPledge',NULL,0,NULL,17,NULL,0,0,1,NULL,NULL,NULL),(127,17,'Contact Type','16','contactType',NULL,0,NULL,18,NULL,0,0,1,NULL,NULL,NULL),(128,17,'Groups','17','groups',NULL,0,NULL,19,NULL,0,0,1,NULL,NULL,NULL),(129,17,'Tags','18','tags',NULL,0,NULL,20,NULL,0,0,1,NULL,NULL,NULL),(130,18,'Groups','1','Groups',NULL,0,NULL,1,NULL,0,0,1,NULL,NULL,NULL),(131,18,'Contributions','2','CiviContribute',NULL,0,NULL,2,NULL,0,0,1,NULL,NULL,NULL),(132,18,'Memberships','3','CiviMember',NULL,0,NULL,3,NULL,0,0,1,NULL,NULL,NULL),(133,18,'Events','4','CiviEvent',NULL,0,NULL,4,NULL,0,0,1,NULL,NULL,NULL),(134,18,'My Contacts / Organizations','5','Permissioned Orgs',NULL,0,NULL,5,NULL,0,0,1,NULL,NULL,NULL),(135,18,'Pledges','7','CiviPledge',NULL,0,NULL,7,NULL,0,0,1,NULL,NULL,NULL),(136,18,'Personal Campaign Pages','8','PCP',NULL,0,NULL,8,NULL,0,0,1,NULL,NULL,NULL),(137,44,'Email Address','2','email',NULL,0,NULL,2,NULL,0,0,1,NULL,NULL,NULL),(138,44,'Phone','3','phone',NULL,0,NULL,3,NULL,0,0,1,NULL,NULL,NULL),(139,44,'Street Address','4','street_address',NULL,0,NULL,4,NULL,0,0,1,NULL,NULL,NULL),(140,44,'City','5','city',NULL,0,NULL,5,NULL,0,0,1,NULL,NULL,NULL),(141,44,'State/Province','6','state_province',NULL,0,NULL,6,NULL,0,0,1,NULL,NULL,NULL),(142,44,'Country','7','country',NULL,0,NULL,7,NULL,0,0,1,NULL,NULL,NULL),(143,19,'Street Address','1','street_address',NULL,0,NULL,1,NULL,0,0,1,NULL,NULL,NULL),(144,19,'Addt\'l Address 1','2','supplemental_address_1',NULL,0,NULL,2,NULL,0,0,1,NULL,NULL,NULL),(145,19,'Addt\'l Address 2','3','supplemental_address_2',NULL,0,NULL,3,NULL,0,0,1,NULL,NULL,NULL),(146,19,'City','4','city',NULL,0,NULL,4,NULL,0,0,1,NULL,NULL,NULL),(147,19,'Zip / Postal Code','5','postal_code',NULL,0,NULL,5,NULL,0,0,1,NULL,NULL,NULL),(148,19,'Postal Code Suffix','6','postal_code_suffix',NULL,0,NULL,6,NULL,0,0,1,NULL,NULL,NULL),(149,19,'County','7','county',NULL,0,NULL,7,NULL,0,0,1,NULL,NULL,NULL),(150,19,'State / Province','8','state_province',NULL,0,NULL,8,NULL,0,0,1,NULL,NULL,NULL),(151,19,'Country','9','country',NULL,0,NULL,9,NULL,0,0,1,NULL,NULL,NULL),(152,19,'Latitude','10','geo_code_1',NULL,0,NULL,10,NULL,0,0,1,NULL,NULL,NULL),(153,19,'Longitude','11','geo_code_2',NULL,0,NULL,11,NULL,0,0,1,NULL,NULL,NULL),(154,19,'Address Name','12','address_name',NULL,0,NULL,12,NULL,0,0,1,NULL,NULL,NULL),(155,19,'Street Address Parsing','13','street_address_parsing',NULL,0,NULL,13,NULL,0,0,1,NULL,NULL,NULL),(156,20,'Access Control','1',NULL,NULL,0,NULL,1,NULL,0,1,1,NULL,NULL,NULL),(157,20,'Mailing List','2',NULL,NULL,0,NULL,2,NULL,0,1,1,NULL,NULL,NULL),(158,21,'Pending','1','Pending',NULL,0,1,1,NULL,0,0,1,NULL,NULL,NULL),(159,21,'Granted','2','Granted',NULL,0,NULL,2,NULL,0,0,1,NULL,NULL,NULL),(160,21,'Rejected','3','Rejected',NULL,0,NULL,3,NULL,0,0,1,NULL,NULL,NULL),(161,23,'In Honor of','1','In Honor of',NULL,0,1,1,NULL,0,1,1,NULL,NULL,NULL),(162,23,'In Memory of','2','In Memory of',NULL,0,NULL,2,NULL,0,1,1,NULL,NULL,NULL),(163,24,'CRM_Contact_Form_Search_Custom_Sample','1','CRM_Contact_Form_Search_Custom_Sample',NULL,0,NULL,1,'Household Name and State',0,0,1,NULL,NULL,NULL),(164,24,'CRM_Contact_Form_Search_Custom_ContributionAggregate','2','CRM_Contact_Form_Search_Custom_ContributionAggregate',NULL,0,NULL,2,'Contribution Aggregate',0,0,1,NULL,NULL,NULL),(165,24,'CRM_Contact_Form_Search_Custom_Basic','3','CRM_Contact_Form_Search_Custom_Basic',NULL,0,NULL,3,'Basic Search',0,0,1,NULL,NULL,NULL),(166,24,'CRM_Contact_Form_Search_Custom_Group','4','CRM_Contact_Form_Search_Custom_Group',NULL,0,NULL,4,'Include / Exclude Contacts in a Group / Tag',0,0,1,NULL,NULL,NULL),(167,24,'CRM_Contact_Form_Search_Custom_PostalMailing','5','CRM_Contact_Form_Search_Custom_PostalMailing',NULL,0,NULL,5,'Postal Mailing',0,0,1,NULL,NULL,NULL),(168,24,'CRM_Contact_Form_Search_Custom_Proximity','6','CRM_Contact_Form_Search_Custom_Proximity',NULL,0,NULL,6,'Proximity Search',0,0,1,NULL,NULL,NULL),(169,24,'CRM_Contact_Form_Search_Custom_EventAggregate','7','CRM_Contact_Form_Search_Custom_EventAggregate',NULL,0,NULL,7,'Event Aggregate',0,0,1,NULL,NULL,NULL),(170,24,'CRM_Contact_Form_Search_Custom_ActivitySearch','8','CRM_Contact_Form_Search_Custom_ActivitySearch',NULL,0,NULL,8,'Activity Search',0,0,1,NULL,NULL,NULL),(171,24,'CRM_Contact_Form_Search_Custom_PriceSet','9','CRM_Contact_Form_Search_Custom_PriceSet',NULL,0,NULL,9,'Price Set Details for Event Participants',0,0,1,NULL,NULL,NULL),(172,24,'CRM_Contact_Form_Search_Custom_ZipCodeRange','10','CRM_Contact_Form_Search_Custom_ZipCodeRange',NULL,0,NULL,10,'Zip Code Range',0,0,1,NULL,NULL,NULL),(173,24,'CRM_Contact_Form_Search_Custom_DateAdded','11','CRM_Contact_Form_Search_Custom_DateAdded',NULL,0,NULL,11,'Date Added to CiviCRM',0,0,1,NULL,NULL,NULL),(174,24,'CRM_Contact_Form_Search_Custom_MultipleValues','12','CRM_Contact_Form_Search_Custom_MultipleValues',NULL,0,NULL,12,'Custom Group Multiple Values Listing',0,0,1,NULL,NULL,NULL),(175,24,'CRM_Contact_Form_Search_Custom_ContribSYBNT','13','CRM_Contact_Form_Search_Custom_ContribSYBNT',NULL,0,NULL,13,'Contributions made in Year X and not Year Y',0,0,1,NULL,NULL,NULL),(176,24,'CRM_Contact_Form_Search_Custom_TagContributions','14','CRM_Contact_Form_Search_Custom_TagContributions',NULL,0,NULL,14,'Find Contribution Amounts by Tag',0,0,1,NULL,NULL,NULL),(177,24,'CRM_Contact_Form_Search_Custom_FullText','15','CRM_Contact_Form_Search_Custom_FullText',NULL,0,NULL,15,'Full-text Search',0,0,1,NULL,NULL,NULL),(178,40,'Constituent Report (Summary)','contact/summary','CRM_Report_Form_Contact_Summary',NULL,0,NULL,1,'Provides a list of address and telephone information for constituent records in your system.',0,0,1,NULL,NULL,NULL),(179,40,'Constituent Report (Detail)','contact/detail','CRM_Report_Form_Contact_Detail',NULL,0,NULL,2,'Provides contact-related information on contributions, memberships, events and activities.',0,0,1,NULL,NULL,NULL),(180,40,'Activity Report','activity','CRM_Report_Form_Activity',NULL,0,NULL,3,'Provides a list of constituent activity including activity statistics for one/all contacts during a given date range(required)',0,0,1,NULL,NULL,NULL),(181,40,'Walk / Phone List Report','walklist','CRM_Report_Form_Walklist',NULL,0,NULL,4,'Provides a detailed report for your walk/phonelist for targetted contacts',0,0,0,NULL,NULL,NULL),(182,40,'Current Employer Report','contact/currentEmployer','CRM_Report_Form_Contact_CurrentEmployer',NULL,0,NULL,5,'Provides detail list of employer employee relationships along with employment details Ex Join Date',0,0,0,NULL,NULL,NULL),(183,40,'Donor Report (Summary)','contribute/summary','CRM_Report_Form_Contribute_Summary',NULL,0,NULL,6,'Shows contribution statistics by month / week / year .. country / state .. type.',0,0,1,2,NULL,NULL),(184,40,'Donor Report (Detail)','contribute/detail','CRM_Report_Form_Contribute_Detail',NULL,0,NULL,7,'Lists detailed contribution(s) for one / all contacts. Contribution summary report points to this report for specific details.',0,0,1,2,NULL,NULL),(185,40,'Donation Summary Report (Repeat)','contribute/repeat','CRM_Report_Form_Contribute_Repeat',NULL,0,NULL,8,'Given two date ranges, shows contacts (and their contributions) who contributed in both the date ranges with percentage increase / decrease.',0,0,1,2,NULL,NULL),(186,40,'Donation Summary Report (Organization)','contribute/organizationSummary','CRM_Report_Form_Contribute_OrganizationSummary',NULL,0,NULL,9,'Displays a detailed contribution report for Organization relationships with contributors, as to if contribution done was  from an employee of some organization or from that Organization itself.',0,0,1,2,NULL,NULL),(187,40,'Donation Summary Report (Household)','contribute/householdSummary','CRM_Report_Form_Contribute_HouseholdSummary',NULL,0,NULL,10,'Provides a detailed report for Contributions made by contributors(Or Household itself) who are having a relationship with household (For ex a Contributor is Head of Household for some household or is a member of.)',0,0,1,2,NULL,NULL),(188,40,'Top Donors Report','contribute/topDonor','CRM_Report_Form_Contribute_TopDonor',NULL,0,NULL,11,'Provides a list of the top donors during a time period you define. You can include as many donors as you want (for example, top 100 of your donors).',0,0,1,2,NULL,NULL),(189,40,'SYBUNT Report','contribute/sybunt','CRM_Report_Form_Contribute_Sybunt',NULL,0,NULL,12,'Some year(s) but not this year. Provides a list of constituents who donated at some time in the history of your organization but did not donate during the time period you specify.',0,0,1,2,NULL,NULL),(190,40,'LYBUNT Report','contribute/lybunt','CRM_Report_Form_Contribute_Lybunt',NULL,0,NULL,13,'Last year but not this year. Provides a list of constituents who donated last year but did not donate during the time period you specify as the current year.',0,0,1,2,NULL,NULL),(191,40,'Soft Credit Report','contribute/softcredit','CRM_Report_Form_Contribute_SoftCredit',NULL,0,NULL,14,'Soft Credit details.',0,0,1,2,NULL,NULL),(192,40,'Membership Report (Summary)','member/summary','CRM_Report_Form_Member_Summary',NULL,0,NULL,15,'Provides a summary of memberships by type and join date.',0,0,1,3,NULL,NULL),(193,40,'Membership Report (Detail)','member/detail','CRM_Report_Form_Member_Detail',NULL,0,NULL,16,'Provides a list of members along with their membership status and membership details (Join Date, Start Date, End Date).',0,0,1,3,NULL,NULL),(194,40,'Membership Report (Lapsed)','member/lapse','CRM_Report_Form_Member_Lapse',NULL,0,NULL,17,'Provides a list of memberships that lapsed or will lapse before the date you specify.',0,0,1,3,NULL,NULL),(195,40,'Event Participant Report (List)','event/participantListing','CRM_Report_Form_Event_ParticipantListing',NULL,0,NULL,18,'Provides lists of participants for an event.',0,0,1,1,NULL,NULL),(196,40,'Event Income Report (Summary)','event/summary','CRM_Report_Form_Event_Summary',NULL,0,NULL,19,'Provides an overview of event income. You can include key information such as event ID, registration, attendance, and income generated to help you determine the success of an event.',0,0,1,1,NULL,NULL),(197,40,'Event Income Report (Detail)','event/income','CRM_Report_Form_Event_Income',NULL,0,NULL,20,'Helps you to analyze the income generated by an event. The report can include details by participant type, status and payment method.',0,0,1,1,NULL,NULL),(198,40,'Pledge Report','pledge/summary','CRM_Report_Form_Pledge_Summary',NULL,0,NULL,21,'Pledge Report',0,0,1,6,NULL,NULL),(199,40,'Pledged But not Paid Report','pledge/pbnp','CRM_Report_Form_Pledge_Pbnp',NULL,0,NULL,22,'Pledged but not Paid Report',0,0,1,6,NULL,NULL),(200,40,'Relationship Report','contact/relationship','CRM_Report_Form_Contact_Relationship',NULL,0,NULL,23,'Relationship Report',0,0,1,NULL,NULL,NULL),(201,40,'Case Summary Report','case/summary','CRM_Report_Form_Case_Summary',NULL,0,NULL,24,'Provides a summary of cases and their duration by date range, status, staff member and / or case role.',0,0,1,7,NULL,NULL),(202,40,'Case Time Spent Report','case/timespent','CRM_Report_Form_Case_TimeSpent',NULL,0,NULL,25,'Aggregates time spent on case and / or or non-case activities by activity type and contact.',0,0,1,7,NULL,NULL),(203,40,'Contact Demographics Report','case/demographics','CRM_Report_Form_Case_Demographics',NULL,0,NULL,26,'Demographic breakdown for case clients (and or non-case contacts) in your database. Includes custom contact fields.',0,0,1,7,NULL,NULL),(204,40,'Database Log Report','contact/log','CRM_Report_Form_Contact_Log',NULL,0,NULL,27,'Log of contact and activity records created or updated in a given date range.',0,0,1,NULL,NULL,NULL),(205,40,'Activity Report (Summary)','activitySummary','CRM_Report_Form_ActivitySummary',NULL,0,NULL,28,'Shows activity statistics by type / date',0,0,1,NULL,NULL,NULL),(206,40,'Bookkeeping Transactions Report','contribute/bookkeeping','CRM_Report_Form_Contribute_Bookkeeping',NULL,0,0,29,'Shows Bookkeeping Transactions Report',0,0,1,2,NULL,NULL),(207,40,'Grant Report (Detail)','grant/detail','CRM_Report_Form_Grant_Detail',NULL,0,0,30,'Grant Report Detail',0,0,1,5,NULL,NULL),(208,40,'Participant list Count Report','event/participantlist','CRM_Report_Form_Event_ParticipantListCount',NULL,0,0,31,'Shows the Participant list with Participant Count.',0,0,1,1,NULL,NULL),(209,40,'Income Count Summary Report','event/incomesummary','CRM_Report_Form_Event_IncomeCountSummary',NULL,0,0,32,'Shows the Income Summary of events with Count.',0,0,1,1,NULL,NULL),(210,40,'Case Detail Report','case/detail','CRM_Report_Form_Case_Detail',NULL,0,0,33,'Case Details',0,0,1,7,NULL,NULL),(211,40,'Mail Bounce Report','Mailing/bounce','CRM_Report_Form_Mailing_Bounce',NULL,0,NULL,34,'Bounce Report for mailings',0,0,1,4,NULL,NULL),(212,40,'Mail Summary Report','Mailing/summary','CRM_Report_Form_Mailing_Summary',NULL,0,NULL,35,'Summary statistics for mailings',0,0,1,4,NULL,NULL),(213,40,'Mail Opened Report','Mailing/opened','CRM_Report_Form_Mailing_Opened',NULL,0,NULL,36,'Display contacts who opened emails from a mailing',0,0,1,4,NULL,NULL),(214,40,'Mail Clickthrough Report','Mailing/clicks','CRM_Report_Form_Mailing_Clicks',NULL,0,NULL,37,'Display clicks from each mailing',0,0,1,4,NULL,NULL),(215,40,'Contact Logging Report (Summary)','logging/contact/summary','CRM_Report_Form_Contact_LoggingSummary',NULL,0,NULL,38,'Contact modification report for the logging infrastructure (summary).',0,0,0,NULL,NULL,NULL),(216,40,'Contact Logging Report (Detail)','logging/contact/detail','CRM_Report_Form_Contact_LoggingDetail',NULL,0,NULL,39,'Contact modification report for the logging infrastructure (detail).',0,0,0,NULL,NULL,NULL),(217,40,'Grant Report (Statistics)','grant/statistics','CRM_Report_Form_Grant_Statistics',NULL,0,NULL,40,'Shows statistics for Grants.',0,0,1,5,NULL,NULL),(218,25,'Scheduled','1','Scheduled',NULL,0,1,1,NULL,0,1,1,NULL,NULL,NULL),(219,25,'Completed','2','Completed',NULL,0,NULL,2,NULL,0,1,1,NULL,NULL,NULL),(220,25,'Cancelled','3','Cancelled',NULL,0,NULL,3,NULL,0,1,1,NULL,NULL,NULL),(221,25,'Left Message','4','Left Message',NULL,0,NULL,4,NULL,0,0,1,NULL,NULL,NULL),(222,25,'Unreachable','5','Unreachable',NULL,0,NULL,5,NULL,0,0,1,NULL,NULL,NULL),(223,25,'Not Required','6','Not Required',NULL,0,NULL,6,NULL,0,0,1,NULL,NULL,NULL),(224,27,'Ongoing','1','Open','Opened',0,1,1,NULL,0,1,1,NULL,NULL,NULL),(225,27,'Resolved','2','Closed','Closed',0,NULL,2,NULL,0,1,1,NULL,NULL,NULL),(226,27,'Urgent','3','Urgent','Opened',0,NULL,3,NULL,0,1,1,NULL,NULL,NULL),(227,28,'Name Only','1','Name Only',NULL,0,0,1,'CRM_Event_Page_ParticipantListing_Name',0,1,1,NULL,NULL,NULL),(228,28,'Name and Email','2','Name and Email',NULL,0,0,2,'CRM_Event_Page_ParticipantListing_NameAndEmail',0,1,1,NULL,NULL,NULL),(229,28,'Name, Status and Register Date','3','Name, Status and Register Date',NULL,0,0,3,'CRM_Event_Page_ParticipantListing_NameStatusAndDate',0,1,1,NULL,NULL,NULL),(230,29,'jpg','1',NULL,NULL,0,0,1,NULL,0,0,1,NULL,NULL,NULL),(231,29,'jpeg','2',NULL,NULL,0,0,2,NULL,0,0,1,NULL,NULL,NULL),(232,29,'png','3',NULL,NULL,0,0,3,NULL,0,0,1,NULL,NULL,NULL),(233,29,'gif','4',NULL,NULL,0,0,4,NULL,0,0,1,NULL,NULL,NULL),(234,29,'txt','5',NULL,NULL,0,0,5,NULL,0,0,1,NULL,NULL,NULL),(235,29,'pdf','6',NULL,NULL,0,0,6,NULL,0,0,1,NULL,NULL,NULL),(236,29,'doc','7',NULL,NULL,0,0,7,NULL,0,0,1,NULL,NULL,NULL),(237,29,'xls','8',NULL,NULL,0,0,8,NULL,0,0,1,NULL,NULL,NULL),(238,29,'rtf','9',NULL,NULL,0,0,9,NULL,0,0,1,NULL,NULL,NULL),(239,29,'csv','10',NULL,NULL,0,0,10,NULL,0,0,1,NULL,NULL,NULL),(240,29,'ppt','11',NULL,NULL,0,0,11,NULL,0,0,1,NULL,NULL,NULL),(241,29,'docx','12',NULL,NULL,0,0,12,NULL,0,0,1,NULL,NULL,NULL),(242,29,'xlsx','13',NULL,NULL,0,0,13,NULL,0,0,1,NULL,NULL,NULL),(243,32,'TinyMCE','1',NULL,NULL,0,NULL,1,NULL,0,1,1,NULL,NULL,NULL),(244,32,'CKEditor','2',NULL,NULL,0,NULL,2,NULL,0,1,1,NULL,NULL,NULL),(245,32,'Joomla Default Editor','3',NULL,NULL,0,NULL,3,NULL,0,1,1,NULL,NULL,NULL),(246,31,'Search Builder','1','Search Builder',NULL,0,0,1,NULL,0,1,1,NULL,NULL,NULL),(247,31,'Import Contact','2','Import Contact',NULL,0,0,2,NULL,0,1,1,NULL,NULL,NULL),(248,31,'Import Activity','3','Import Activity',NULL,0,0,3,NULL,0,1,1,NULL,NULL,NULL),(249,31,'Import Contribution','4','Import Contribution',NULL,0,0,4,NULL,0,1,1,NULL,NULL,NULL),(250,31,'Import Membership','5','Import Membership',NULL,0,0,5,NULL,0,1,1,NULL,NULL,NULL),(251,31,'Import Participant','6','Import Participant',NULL,0,0,6,NULL,0,1,1,NULL,NULL,NULL),(252,31,'Export Contact','7','Export Contact',NULL,0,0,7,NULL,0,1,1,NULL,NULL,NULL),(253,31,'Export Contribution','8','Export Contribution',NULL,0,0,8,NULL,0,1,1,NULL,NULL,NULL),(254,31,'Export Membership','9','Export Membership',NULL,0,0,9,NULL,0,1,1,NULL,NULL,NULL),(255,31,'Export Participant','10','Export Participant',NULL,0,0,10,NULL,0,1,1,NULL,NULL,NULL),(256,31,'Export Pledge','11','Export Pledge',NULL,0,0,11,NULL,0,1,1,NULL,NULL,NULL),(257,31,'Export Case','12','Export Case',NULL,0,0,12,NULL,0,1,1,NULL,NULL,NULL),(258,31,'Export Grant','13','Export Grant',NULL,0,0,13,NULL,0,1,1,NULL,NULL,NULL),(259,31,'Export Activity','14','Export Activity',NULL,0,0,14,NULL,0,1,1,NULL,NULL,NULL),(260,33,'day','day','day',NULL,0,NULL,1,NULL,0,1,1,NULL,NULL,NULL),(261,33,'week','week','week',NULL,0,NULL,2,NULL,0,1,1,NULL,NULL,NULL),(262,33,'month','month','month',NULL,0,NULL,3,NULL,0,1,1,NULL,NULL,NULL),(263,33,'year','year','year',NULL,0,NULL,4,NULL,0,1,1,NULL,NULL,NULL),(264,34,'Phone','1','Phone',NULL,0,NULL,1,NULL,0,0,1,NULL,NULL,NULL),(265,34,'Mobile','2','Mobile',NULL,0,NULL,2,NULL,0,0,1,NULL,NULL,NULL),(266,34,'Fax','3','Fax',NULL,0,NULL,3,NULL,0,0,1,NULL,NULL,NULL),(267,34,'Pager','4','Pager',NULL,0,NULL,4,NULL,0,0,1,NULL,NULL,NULL),(268,34,'Voicemail','5','Voicemail',NULL,0,NULL,5,NULL,0,0,1,NULL,NULL,NULL),(269,35,'Participant Role','1','ParticipantRole',NULL,0,NULL,1,NULL,0,0,1,NULL,NULL,NULL),(270,35,'Participant Event Name','2','ParticipantEventName',NULL,0,NULL,2,NULL,0,0,1,NULL,NULL,NULL),(271,35,'Participant Event Type','3','ParticipantEventType',NULL,0,NULL,3,NULL,0,0,1,NULL,NULL,NULL),(272,36,'Public','1','public',NULL,0,NULL,1,NULL,0,0,1,NULL,NULL,NULL),(273,36,'Admin','2','admin',NULL,0,NULL,2,NULL,0,0,1,NULL,NULL,NULL),(274,37,'IMAP','1','IMAP',NULL,0,NULL,1,NULL,0,0,1,NULL,NULL,NULL),(275,37,'Maildir','2','Maildir',NULL,0,NULL,2,NULL,0,0,1,NULL,NULL,NULL),(276,37,'POP3','3','POP3',NULL,0,NULL,3,NULL,0,0,1,NULL,NULL,NULL),(277,37,'Localdir','4','Localdir',NULL,0,NULL,4,NULL,0,0,1,NULL,NULL,NULL),(278,38,'Urgent','1','Urgent',NULL,0,NULL,1,NULL,0,0,1,NULL,NULL,NULL),(279,38,'Normal','2','Normal',NULL,0,NULL,2,NULL,0,0,1,NULL,NULL,NULL),(280,38,'Low','3','Low',NULL,0,NULL,3,NULL,0,0,1,NULL,NULL,NULL),(281,39,'Vancouver','city_',NULL,NULL,0,NULL,1,NULL,0,0,0,NULL,NULL,NULL),(282,39,'/(19|20)(\\d{2})-(\\d{1,2})-(\\d{1,2})/','date_',NULL,NULL,1,NULL,2,NULL,0,0,0,NULL,NULL,NULL),(283,41,'Dear {contact.first_name}','1','Dear {contact.first_name}',NULL,1,1,1,NULL,0,0,1,NULL,NULL,NULL),(284,41,'Dear {contact.individual_prefix} {contact.first_name} {contact.last_name}','2','Dear {contact.individual_prefix} {contact.first_name} {contact.last_name}',NULL,1,0,2,NULL,0,0,1,NULL,NULL,NULL),(285,41,'Dear {contact.individual_prefix} {contact.last_name}','3','Dear {contact.individual_prefix} {contact.last_name}',NULL,1,0,3,NULL,0,0,1,NULL,NULL,NULL),(286,41,'Customized','4','Customized',NULL,0,0,4,NULL,0,1,1,NULL,NULL,NULL),(287,41,'Dear {contact.household_name}','5','Dear {contact.househols_name}',NULL,2,1,5,NULL,0,0,1,NULL,NULL,NULL),(288,42,'Dear {contact.first_name}','1','Dear {contact.first_name}',NULL,1,1,1,NULL,0,0,1,NULL,NULL,NULL),(289,42,'Dear {contact.individual_prefix} {contact.first_name} {contact.last_name}','2','Dear {contact.individual_prefix} {contact.first_name} {contact.last_name}',NULL,1,0,2,NULL,0,0,1,NULL,NULL,NULL),(290,42,'Dear {contact.individual_prefix} {contact.last_name}','3','Dear {contact.individual_prefix} {contact.last_name}',NULL,1,0,3,NULL,0,0,1,NULL,NULL,NULL),(291,42,'Customized','4','Customized',NULL,0,0,4,NULL,0,1,1,NULL,NULL,NULL),(292,42,'Dear {contact.household_name}','5','Dear {contact.househols_name}',NULL,2,1,5,NULL,0,0,1,NULL,NULL,NULL),(293,43,'{contact.individual_prefix}{ } {contact.first_name}{ }{contact.middle_name}{ }{contact.last_name}{ }{contact.individual_suffix}','1','}{contact.individual_prefix}{ } {contact.first_name}{ }{contact.middle_name}{ }{contact.last_name}{ }{contact.individual_suffix}',NULL,1,1,1,NULL,0,0,1,NULL,NULL,NULL),(294,43,'{contact.household_name}','2','{contact.household_name}',NULL,2,1,2,NULL,0,0,1,NULL,NULL,NULL),(295,43,'{contact.organization_name}','3','{contact.organization_name}',NULL,3,1,3,NULL,0,0,1,NULL,NULL,NULL),(296,43,'Customized','4','Customized',NULL,0,0,4,NULL,0,1,1,NULL,NULL,NULL),(297,45,'Asset','1','Asset',NULL,0,NULL,1,NULL,0,0,1,NULL,NULL,NULL),(298,45,'Liability','2','Liability',NULL,0,NULL,1,NULL,0,0,1,NULL,NULL,NULL),(299,45,'Income','3','Income',NULL,0,NULL,1,NULL,0,0,1,NULL,NULL,NULL),(300,45,'Expense','4','Expense',NULL,0,NULL,1,NULL,0,0,1,NULL,NULL,NULL),(301,46,'Home','1','Home',NULL,0,NULL,1,NULL,0,0,1,NULL,NULL,NULL),(302,46,'Work','2','Work',NULL,0,NULL,2,NULL,0,0,1,NULL,NULL,NULL),(303,46,'Facebook','3','Facebook',NULL,0,NULL,3,NULL,0,0,1,NULL,NULL,NULL),(304,46,'Twitter','4','Twitter',NULL,0,NULL,4,NULL,0,0,1,NULL,NULL,NULL),(305,46,'MySpace','5','MySpace',NULL,0,NULL,5,NULL,0,0,1,NULL,NULL,NULL),(306,46,'Main','6','Main',NULL,0,NULL,6,NULL,0,0,1,NULL,NULL,NULL),(307,47,'Contacts','civicrm_contact','Contacts',NULL,0,NULL,1,NULL,0,0,1,NULL,NULL,NULL),(308,47,'Activities','civicrm_activity','Activities',NULL,0,NULL,2,NULL,0,0,1,NULL,NULL,NULL),(309,47,'Cases','civicrm_case','Cases',NULL,0,NULL,3,NULL,0,0,1,NULL,NULL,NULL),(310,48,'USD ($)','USD','USD',NULL,0,1,1,NULL,0,0,1,NULL,NULL,NULL),(311,49,'Name Only','1','CRM_Event_Badge_Simple',NULL,0,0,1,'Simple Event Name Badge',0,1,1,NULL,NULL,NULL),(312,49,'Name Tent','2','CRM_Event_Badge_NameTent',NULL,0,0,2,'Name Tent',0,1,1,NULL,NULL,NULL),(313,49,'With Logo','3','CRM_Event_Badge_Logo',NULL,0,0,3,'You can set your own background image',0,1,1,NULL,NULL,NULL),(314,50,'None','0','',NULL,0,1,1,NULL,0,1,1,NULL,NULL,NULL),(315,50,'Author Only','1','',NULL,0,0,2,NULL,0,1,1,NULL,NULL,NULL),(316,51,'Direct Mail','1','Direct Mail',NULL,0,NULL,1,NULL,0,0,1,NULL,NULL,NULL),(317,51,'Referral Program','2','Referral Program',NULL,0,NULL,1,NULL,0,0,1,NULL,NULL,NULL),(318,51,'Constituent Engagement','3','Constituent Engagement',NULL,0,NULL,1,NULL,0,0,1,NULL,NULL,NULL),(319,52,'Planned','1','Planned',NULL,0,NULL,1,NULL,0,0,1,NULL,NULL,NULL),(320,52,'In Progress','2','In Progress',NULL,0,NULL,1,NULL,0,0,1,NULL,NULL,NULL),(321,52,'Completed','3','Completed',NULL,0,NULL,1,NULL,0,0,1,NULL,NULL,NULL),(322,52,'Cancelled','4','Cancelled',NULL,0,NULL,1,NULL,0,0,1,NULL,NULL,NULL),(323,30,'\"FIXME\" <info@FIXME.ORG>','1','\"FIXME\" <info@FIXME.ORG>',NULL,0,1,1,'Default domain email address and from name.',0,0,1,NULL,1,NULL),(324,22,'Emergency','1','Emergency',NULL,0,1,1,NULL,0,0,1,NULL,1,NULL),(325,22,'Family Support','2','Family Support',NULL,0,NULL,2,NULL,0,0,1,NULL,1,NULL),(326,22,'General Protection','3','General Protection',NULL,0,NULL,3,NULL,0,0,1,NULL,1,NULL),(327,22,'Impunity','4','Impunity',NULL,0,NULL,4,NULL,0,0,1,NULL,1,NULL),(328,54,'Temporary Files','upload/','uploadDir',NULL,0,0,1,'File system path where temporary CiviCRM files - such as import data files - are uploaded.',0,1,1,NULL,1,NULL),(329,54,'Images','persist/contribute/','imageUploadDir',NULL,0,0,2,'File system path where image files are uploaded. Currently, this path is used for images associated with premiums (CiviContribute thank-you gifts).',0,1,1,NULL,1,NULL),(330,54,'Custom Files','custom/','customFileUploadDir',NULL,0,0,3,'Path where documents and images which are attachments to contact records are stored (e.g. contact photos, resumes, contracts, etc.). These attachments are defined using \'file\' type custom fields.',0,1,1,NULL,1,NULL),(331,54,'Custom Templates','','customTemplateDir',NULL,0,0,4,'Path where site specific templates are stored if any. This directory is searched first if set. CiviCase configuration files can also be stored in this custom path.',0,1,1,NULL,1,NULL),(332,54,'Custom PHP','','customPHPPathDir',NULL,0,0,5,'Path where site specific PHP code files are stored if any. This directory is searched first if set.',0,1,1,NULL,1,NULL),(333,54,'Custom Extensions','','extensionsDir',NULL,0,0,6,'Path where Custom extensions are stored.',0,1,1,NULL,1,NULL),(334,55,'CiviCRM Resource URL','homeashwinipublic_html3.3sitesallmodulescivicrm','userFrameworkResourceURL',NULL,0,0,1,NULL,0,1,1,NULL,1,NULL),(335,55,'Image Upload URL','sites/default/files/civicrm/persist/contribute/','imageUploadURL',NULL,0,0,2,NULL,0,1,1,NULL,1,NULL),(336,55,'Custom CiviCRM CSS URL','','customCSSURL',NULL,0,0,3,NULL,0,1,1,NULL,1,NULL),(337,56,'Approved','1','Approved',NULL,0,1,1,NULL,0,1,1,4,1,NULL),(338,56,'Rejected','2','Rejected',NULL,0,0,2,NULL,0,1,1,4,1,NULL),(339,56,'None','3','None',NULL,0,0,3,NULL,0,1,1,4,1,NULL),(340,57,'Abkhaz','ab','ab_GE',NULL,NULL,0,1,NULL,0,0,0,NULL,NULL,NULL),(341,57,'Afar','aa','aa_ET',NULL,NULL,0,2,NULL,0,0,0,NULL,NULL,NULL),(342,57,'Afrikaans','af','af_ZA',NULL,NULL,0,3,NULL,0,0,1,NULL,NULL,NULL),(343,57,'Akan','ak','ak_GH',NULL,NULL,0,4,NULL,0,0,0,NULL,NULL,NULL),(344,57,'Albanian','sq','sq_AL',NULL,NULL,0,5,NULL,0,0,1,NULL,NULL,NULL),(345,57,'Amharic','am','am_ET',NULL,NULL,0,6,NULL,0,0,0,NULL,NULL,NULL),(346,57,'Arabic','ar','ar_EG',NULL,NULL,0,7,NULL,0,0,1,NULL,NULL,NULL),(347,57,'Aragonese','an','an_ES',NULL,NULL,0,8,NULL,0,0,0,NULL,NULL,NULL),(348,57,'Armenian','hy','hy_AM',NULL,NULL,0,9,NULL,0,0,0,NULL,NULL,NULL),(349,57,'Assamese','as','as_IN',NULL,NULL,0,10,NULL,0,0,0,NULL,NULL,NULL),(350,57,'Avaric','av','av_RU',NULL,NULL,0,11,NULL,0,0,0,NULL,NULL,NULL),(351,57,'Avestan','ae','ae_XX',NULL,NULL,0,12,NULL,0,0,0,NULL,NULL,NULL),(352,57,'Aymara','ay','ay_BO',NULL,NULL,0,13,NULL,0,0,0,NULL,NULL,NULL),(353,57,'Azerbaijani','az','az_AZ',NULL,NULL,0,14,NULL,0,0,0,NULL,NULL,NULL),(354,57,'Bambara','bm','bm_ML',NULL,NULL,0,15,NULL,0,0,0,NULL,NULL,NULL),(355,57,'Bashkir','ba','ba_RU',NULL,NULL,0,16,NULL,0,0,0,NULL,NULL,NULL),(356,57,'Basque','eu','eu_ES',NULL,NULL,0,17,NULL,0,0,0,NULL,NULL,NULL),(357,57,'Belarusian','be','be_BY',NULL,NULL,0,18,NULL,0,0,0,NULL,NULL,NULL),(358,57,'Bengali','bn','bn_BD',NULL,NULL,0,19,NULL,0,0,0,NULL,NULL,NULL),(359,57,'Bihari','bh','bh_IN',NULL,NULL,0,20,NULL,0,0,0,NULL,NULL,NULL),(360,57,'Bislama','bi','bi_VU',NULL,NULL,0,21,NULL,0,0,0,NULL,NULL,NULL),(361,57,'Bosnian','bs','bs_BA',NULL,NULL,0,22,NULL,0,0,0,NULL,NULL,NULL),(362,57,'Breton','br','br_FR',NULL,NULL,0,23,NULL,0,0,0,NULL,NULL,NULL),(363,57,'Bulgarian','bg','bg_BG',NULL,NULL,0,24,NULL,0,0,1,NULL,NULL,NULL),(364,57,'Burmese','my','my_MM',NULL,NULL,0,25,NULL,0,0,0,NULL,NULL,NULL),(365,57,'Catalan; Valencian','ca','ca_ES',NULL,NULL,0,26,NULL,0,0,1,NULL,NULL,NULL),(366,57,'Chamorro','ch','ch_GU',NULL,NULL,0,27,NULL,0,0,0,NULL,NULL,NULL),(367,57,'Chechen','ce','ce_RU',NULL,NULL,0,28,NULL,0,0,0,NULL,NULL,NULL),(368,57,'Chichewa; Chewa; Nyanja','ny','ny_MW',NULL,NULL,0,29,NULL,0,0,0,NULL,NULL,NULL),(369,57,'Chinese (China)','zh','zh_CN',NULL,NULL,0,30,NULL,0,0,1,NULL,NULL,NULL),(370,57,'Chinese (Taiwan)','zh','zh_TW',NULL,NULL,0,31,NULL,0,0,1,NULL,NULL,NULL),(371,57,'Chuvash','cv','cv_RU',NULL,NULL,0,32,NULL,0,0,0,NULL,NULL,NULL),(372,57,'Cornish','kw','kw_GB',NULL,NULL,0,33,NULL,0,0,0,NULL,NULL,NULL),(373,57,'Corsican','co','co_FR',NULL,NULL,0,34,NULL,0,0,0,NULL,NULL,NULL),(374,57,'Cree','cr','cr_CA',NULL,NULL,0,35,NULL,0,0,0,NULL,NULL,NULL),(375,57,'Croatian','hr','hr_HR',NULL,NULL,0,36,NULL,0,0,0,NULL,NULL,NULL),(376,57,'Czech','cs','cs_CZ',NULL,NULL,0,37,NULL,0,0,1,NULL,NULL,NULL),(377,57,'Danish','da','da_DK',NULL,NULL,0,38,NULL,0,0,1,NULL,NULL,NULL),(378,57,'Divehi; Dhivehi; Maldivian;','dv','dv_MV',NULL,NULL,0,39,NULL,0,0,0,NULL,NULL,NULL),(379,57,'Dutch','nl','nl_NL',NULL,NULL,0,40,NULL,0,0,1,NULL,NULL,NULL),(380,57,'Dzongkha','dz','dz_BT',NULL,NULL,0,41,NULL,0,0,0,NULL,NULL,NULL),(381,57,'English (Australia)','en','en_AU',NULL,NULL,0,42,NULL,0,0,1,NULL,NULL,NULL),(382,57,'English (Canada)','en','en_CA',NULL,NULL,0,43,NULL,0,0,1,NULL,NULL,NULL),(383,57,'English (United Kingdom)','en','en_GB',NULL,NULL,0,44,NULL,0,0,1,NULL,NULL,NULL),(384,57,'English (United States)','en','en_US',NULL,NULL,1,45,NULL,0,0,1,NULL,NULL,NULL),(385,57,'Esperanto','eo','eo_XX',NULL,NULL,0,46,NULL,0,0,0,NULL,NULL,NULL),(386,57,'Estonian','et','et_EE',NULL,NULL,0,47,NULL,0,0,1,NULL,NULL,NULL),(387,57,'Ewe','ee','ee_GH',NULL,NULL,0,48,NULL,0,0,0,NULL,NULL,NULL),(388,57,'Faroese','fo','fo_FO',NULL,NULL,0,49,NULL,0,0,0,NULL,NULL,NULL),(389,57,'Fijian','fj','fj_FJ',NULL,NULL,0,50,NULL,0,0,0,NULL,NULL,NULL),(390,57,'Finnish','fi','fi_FI',NULL,NULL,0,51,NULL,0,0,1,NULL,NULL,NULL),(391,57,'French (Canada)','fr','fr_CA',NULL,NULL,0,52,NULL,0,0,1,NULL,NULL,NULL),(392,57,'French (France)','fr','fr_FR',NULL,NULL,0,53,NULL,0,0,1,NULL,NULL,NULL),(393,57,'Fula; Fulah; Pulaar; Pular','ff','ff_SN',NULL,NULL,0,54,NULL,0,0,0,NULL,NULL,NULL),(394,57,'Galician','gl','gl_ES',NULL,NULL,0,55,NULL,0,0,0,NULL,NULL,NULL),(395,57,'Georgian','ka','ka_GE',NULL,NULL,0,56,NULL,0,0,0,NULL,NULL,NULL),(396,57,'German','de','de_DE',NULL,NULL,0,57,NULL,0,0,1,NULL,NULL,NULL),(397,57,'Greek, Modern','el','el_GR',NULL,NULL,0,58,NULL,0,0,1,NULL,NULL,NULL),(398,57,'Guaran','gn','gn_PY',NULL,NULL,0,59,NULL,0,0,0,NULL,NULL,NULL),(399,57,'Gujarati','gu','gu_IN',NULL,NULL,0,60,NULL,0,0,0,NULL,NULL,NULL),(400,57,'Haitian; Haitian Creole','ht','ht_HT',NULL,NULL,0,61,NULL,0,0,0,NULL,NULL,NULL),(401,57,'Hausa','ha','ha_NG',NULL,NULL,0,62,NULL,0,0,0,NULL,NULL,NULL),(402,57,'Hebrew (modern)','he','he_IL',NULL,NULL,0,63,NULL,0,0,1,NULL,NULL,NULL),(403,57,'Herero','hz','hz_NA',NULL,NULL,0,64,NULL,0,0,0,NULL,NULL,NULL),(404,57,'Hindi','hi','hi_IN',NULL,NULL,0,65,NULL,0,0,1,NULL,NULL,NULL),(405,57,'Hiri Motu','ho','ho_PG',NULL,NULL,0,66,NULL,0,0,0,NULL,NULL,NULL),(406,57,'Hungarian','hu','hu_HU',NULL,NULL,0,67,NULL,0,0,1,NULL,NULL,NULL),(407,57,'Interlingua','ia','ia_XX',NULL,NULL,0,68,NULL,0,0,0,NULL,NULL,NULL),(408,57,'Indonesian','id','id_ID',NULL,NULL,0,69,NULL,0,0,1,NULL,NULL,NULL),(409,57,'Interlingue','ie','ie_XX',NULL,NULL,0,70,NULL,0,0,0,NULL,NULL,NULL),(410,57,'Irish','ga','ga_IE',NULL,NULL,0,71,NULL,0,0,0,NULL,NULL,NULL),(411,57,'Igbo','ig','ig_NG',NULL,NULL,0,72,NULL,0,0,0,NULL,NULL,NULL),(412,57,'Inupiaq','ik','ik_US',NULL,NULL,0,73,NULL,0,0,0,NULL,NULL,NULL),(413,57,'Ido','io','io_XX',NULL,NULL,0,74,NULL,0,0,0,NULL,NULL,NULL),(414,57,'Icelandic','is','is_IS',NULL,NULL,0,75,NULL,0,0,0,NULL,NULL,NULL),(415,57,'Italian','it','it_IT',NULL,NULL,0,76,NULL,0,0,1,NULL,NULL,NULL),(416,57,'Inuktitut','iu','iu_CA',NULL,NULL,0,77,NULL,0,0,0,NULL,NULL,NULL),(417,57,'Japanese','ja','ja_JP',NULL,NULL,0,78,NULL,0,0,1,NULL,NULL,NULL),(418,57,'Javanese','jv','jv_ID',NULL,NULL,0,79,NULL,0,0,0,NULL,NULL,NULL),(419,57,'Kalaallisut, Greenlandic','kl','kl_GL',NULL,NULL,0,80,NULL,0,0,0,NULL,NULL,NULL),(420,57,'Kannada','kn','kn_IN',NULL,NULL,0,81,NULL,0,0,0,NULL,NULL,NULL),(421,57,'Kanuri','kr','kr_NE',NULL,NULL,0,82,NULL,0,0,0,NULL,NULL,NULL),(422,57,'Kashmiri','ks','ks_IN',NULL,NULL,0,83,NULL,0,0,0,NULL,NULL,NULL),(423,57,'Kazakh','kk','kk_KZ',NULL,NULL,0,84,NULL,0,0,0,NULL,NULL,NULL),(424,57,'Khmer','km','km_KH',NULL,NULL,0,85,NULL,0,0,1,NULL,NULL,NULL),(425,57,'Kikuyu, Gikuyu','ki','ki_KE',NULL,NULL,0,86,NULL,0,0,0,NULL,NULL,NULL),(426,57,'Kinyarwanda','rw','rw_RW',NULL,NULL,0,87,NULL,0,0,0,NULL,NULL,NULL),(427,57,'Kirghiz, Kyrgyz','ky','ky_KG',NULL,NULL,0,88,NULL,0,0,0,NULL,NULL,NULL),(428,57,'Komi','kv','kv_RU',NULL,NULL,0,89,NULL,0,0,0,NULL,NULL,NULL),(429,57,'Kongo','kg','kg_CD',NULL,NULL,0,90,NULL,0,0,0,NULL,NULL,NULL),(430,57,'Korean','ko','ko_KR',NULL,NULL,0,91,NULL,0,0,0,NULL,NULL,NULL),(431,57,'Kurdish','ku','ku_IQ',NULL,NULL,0,92,NULL,0,0,0,NULL,NULL,NULL),(432,57,'Kwanyama, Kuanyama','kj','kj_NA',NULL,NULL,0,93,NULL,0,0,0,NULL,NULL,NULL),(433,57,'Latin','la','la_VA',NULL,NULL,0,94,NULL,0,0,0,NULL,NULL,NULL),(434,57,'Luxembourgish, Letzeburgesch','lb','lb_LU',NULL,NULL,0,95,NULL,0,0,0,NULL,NULL,NULL),(435,57,'Luganda','lg','lg_UG',NULL,NULL,0,96,NULL,0,0,0,NULL,NULL,NULL),(436,57,'Limburgish, Limburgan, Limburger','li','li_NL',NULL,NULL,0,97,NULL,0,0,0,NULL,NULL,NULL),(437,57,'Lingala','ln','ln_CD',NULL,NULL,0,98,NULL,0,0,0,NULL,NULL,NULL),(438,57,'Lao','lo','lo_LA',NULL,NULL,0,99,NULL,0,0,0,NULL,NULL,NULL),(439,57,'Lithuanian','lt','lt_LT',NULL,NULL,0,100,NULL,0,0,1,NULL,NULL,NULL),(440,57,'Luba-Katanga','lu','lu_CD',NULL,NULL,0,101,NULL,0,0,0,NULL,NULL,NULL),(441,57,'Latvian','lv','lv_LV',NULL,NULL,0,102,NULL,0,0,0,NULL,NULL,NULL),(442,57,'Manx','gv','gv_IM',NULL,NULL,0,103,NULL,0,0,0,NULL,NULL,NULL),(443,57,'Macedonian','mk','mk_MK',NULL,NULL,0,104,NULL,0,0,0,NULL,NULL,NULL),(444,57,'Malagasy','mg','mg_MG',NULL,NULL,0,105,NULL,0,0,0,NULL,NULL,NULL),(445,57,'Malay','ms','ms_MY',NULL,NULL,0,106,NULL,0,0,0,NULL,NULL,NULL),(446,57,'Malayalam','ml','ml_IN',NULL,NULL,0,107,NULL,0,0,0,NULL,NULL,NULL),(447,57,'Maltese','mt','mt_MT',NULL,NULL,0,108,NULL,0,0,0,NULL,NULL,NULL),(448,57,'Mori','mi','mi_NZ',NULL,NULL,0,109,NULL,0,0,0,NULL,NULL,NULL),(449,57,'Marathi','mr','mr_IN',NULL,NULL,0,110,NULL,0,0,0,NULL,NULL,NULL),(450,57,'Marshallese','mh','mh_MH',NULL,NULL,0,111,NULL,0,0,0,NULL,NULL,NULL),(451,57,'Mongolian','mn','mn_MN',NULL,NULL,0,112,NULL,0,0,0,NULL,NULL,NULL),(452,57,'Nauru','na','na_NR',NULL,NULL,0,113,NULL,0,0,0,NULL,NULL,NULL),(453,57,'Navajo, Navaho','nv','nv_US',NULL,NULL,0,114,NULL,0,0,0,NULL,NULL,NULL),(454,57,'Norwegian Bokml','nb','nb_NO',NULL,NULL,0,115,NULL,0,0,1,NULL,NULL,NULL),(455,57,'North Ndebele','nd','nd_ZW',NULL,NULL,0,116,NULL,0,0,0,NULL,NULL,NULL),(456,57,'Nepali','ne','ne_NP',NULL,NULL,0,117,NULL,0,0,0,NULL,NULL,NULL),(457,57,'Ndonga','ng','ng_NA',NULL,NULL,0,118,NULL,0,0,0,NULL,NULL,NULL),(458,57,'Norwegian Nynorsk','nn','nn_NO',NULL,NULL,0,119,NULL,0,0,0,NULL,NULL,NULL),(459,57,'Norwegian','no','no_NO',NULL,NULL,0,120,NULL,0,0,0,NULL,NULL,NULL),(460,57,'Nuosu','ii','ii_CN',NULL,NULL,0,121,NULL,0,0,0,NULL,NULL,NULL),(461,57,'South Ndebele','nr','nr_ZA',NULL,NULL,0,122,NULL,0,0,0,NULL,NULL,NULL),(462,57,'Occitan (after 1500)','oc','oc_FR',NULL,NULL,0,123,NULL,0,0,0,NULL,NULL,NULL),(463,57,'Ojibwa','oj','oj_CA',NULL,NULL,0,124,NULL,0,0,0,NULL,NULL,NULL),(464,57,'Old Church Slavonic, Church Slavic, Church Slavonic, Old Bulgarian, Old Slavonic','cu','cu_BG',NULL,NULL,0,125,NULL,0,0,0,NULL,NULL,NULL),(465,57,'Oromo','om','om_ET',NULL,NULL,0,126,NULL,0,0,0,NULL,NULL,NULL),(466,57,'Oriya','or','or_IN',NULL,NULL,0,127,NULL,0,0,0,NULL,NULL,NULL),(467,57,'Ossetian, Ossetic','os','os_GE',NULL,NULL,0,128,NULL,0,0,0,NULL,NULL,NULL),(468,57,'Panjabi, Punjabi','pa','pa_IN',NULL,NULL,0,129,NULL,0,0,0,NULL,NULL,NULL),(469,57,'Pli','pi','pi_KH',NULL,NULL,0,130,NULL,0,0,0,NULL,NULL,NULL),(470,57,'Persian','fa','fa_IR',NULL,NULL,0,131,NULL,0,0,0,NULL,NULL,NULL),(471,57,'Polish','pl','pl_PL',NULL,NULL,0,132,NULL,0,0,1,NULL,NULL,NULL),(472,57,'Pashto, Pushto','ps','ps_AF',NULL,NULL,0,133,NULL,0,0,0,NULL,NULL,NULL),(473,57,'Portuguese (Brazil)','pt','pt_BR',NULL,NULL,0,134,NULL,0,0,1,NULL,NULL,NULL),(474,57,'Portuguese (Portugal)','pt','pt_PT',NULL,NULL,0,135,NULL,0,0,1,NULL,NULL,NULL),(475,57,'Quechua','qu','qu_PE',NULL,NULL,0,136,NULL,0,0,0,NULL,NULL,NULL),(476,57,'Romansh','rm','rm_CH',NULL,NULL,0,137,NULL,0,0,0,NULL,NULL,NULL),(477,57,'Kirundi','rn','rn_BI',NULL,NULL,0,138,NULL,0,0,0,NULL,NULL,NULL),(478,57,'Romanian, Moldavian, Moldovan','ro','ro_RO',NULL,NULL,0,139,NULL,0,0,1,NULL,NULL,NULL),(479,57,'Russian','ru','ru_RU',NULL,NULL,0,140,NULL,0,0,1,NULL,NULL,NULL),(480,57,'Sanskrit','sa','sa_IN',NULL,NULL,0,141,NULL,0,0,0,NULL,NULL,NULL),(481,57,'Sardinian','sc','sc_IT',NULL,NULL,0,142,NULL,0,0,0,NULL,NULL,NULL),(482,57,'Sindhi','sd','sd_IN',NULL,NULL,0,143,NULL,0,0,0,NULL,NULL,NULL),(483,57,'Northern Sami','se','se_NO',NULL,NULL,0,144,NULL,0,0,0,NULL,NULL,NULL),(484,57,'Samoan','sm','sm_WS',NULL,NULL,0,145,NULL,0,0,0,NULL,NULL,NULL),(485,57,'Sango','sg','sg_CF',NULL,NULL,0,146,NULL,0,0,0,NULL,NULL,NULL),(486,57,'Serbian','sr','sr_RS',NULL,NULL,0,147,NULL,0,0,0,NULL,NULL,NULL),(487,57,'Scottish Gaelic; Gaelic','gd','gd_GB',NULL,NULL,0,148,NULL,0,0,0,NULL,NULL,NULL),(488,57,'Shona','sn','sn_ZW',NULL,NULL,0,149,NULL,0,0,0,NULL,NULL,NULL),(489,57,'Sinhala, Sinhalese','si','si_LK',NULL,NULL,0,150,NULL,0,0,0,NULL,NULL,NULL),(490,57,'Slovak','sk','sk_SK',NULL,NULL,0,151,NULL,0,0,1,NULL,NULL,NULL),(491,57,'Slovene','sl','sl_SI',NULL,NULL,0,152,NULL,0,0,1,NULL,NULL,NULL),(492,57,'Somali','so','so_SO',NULL,NULL,0,153,NULL,0,0,0,NULL,NULL,NULL),(493,57,'Southern Sotho','st','st_ZA',NULL,NULL,0,154,NULL,0,0,0,NULL,NULL,NULL),(494,57,'Spanish; Castilian (Spain)','es','es_ES',NULL,NULL,0,155,NULL,0,0,1,NULL,NULL,NULL),(495,57,'Spanish; Castilian (Mexico)','es','es_MX',NULL,NULL,0,156,NULL,0,0,1,NULL,NULL,NULL),(496,57,'Sundanese','su','su_ID',NULL,NULL,0,157,NULL,0,0,0,NULL,NULL,NULL),(497,57,'Swahili','sw','sw_TZ',NULL,NULL,0,158,NULL,0,0,0,NULL,NULL,NULL),(498,57,'Swati','ss','ss_ZA',NULL,NULL,0,159,NULL,0,0,0,NULL,NULL,NULL),(499,57,'Swedish','sv','sv_SE',NULL,NULL,0,160,NULL,0,0,1,NULL,NULL,NULL),(500,57,'Tamil','ta','ta_IN',NULL,NULL,0,161,NULL,0,0,0,NULL,NULL,NULL),(501,57,'Telugu','te','te_IN',NULL,NULL,0,162,NULL,0,0,1,NULL,NULL,NULL),(502,57,'Tajik','tg','tg_TJ',NULL,NULL,0,163,NULL,0,0,0,NULL,NULL,NULL),(503,57,'Thai','th','th_TH',NULL,NULL,0,164,NULL,0,0,1,NULL,NULL,NULL),(504,57,'Tigrinya','ti','ti_ET',NULL,NULL,0,165,NULL,0,0,0,NULL,NULL,NULL),(505,57,'Tibetan Standard, Tibetan, Central','bo','bo_CN',NULL,NULL,0,166,NULL,0,0,0,NULL,NULL,NULL),(506,57,'Turkmen','tk','tk_TM',NULL,NULL,0,167,NULL,0,0,0,NULL,NULL,NULL),(507,57,'Tagalog','tl','tl_PH',NULL,NULL,0,168,NULL,0,0,0,NULL,NULL,NULL),(508,57,'Tswana','tn','tn_ZA',NULL,NULL,0,169,NULL,0,0,0,NULL,NULL,NULL),(509,57,'Tonga (Tonga Islands)','to','to_TO',NULL,NULL,0,170,NULL,0,0,0,NULL,NULL,NULL),(510,57,'Turkish','tr','tr_TR',NULL,NULL,0,171,NULL,0,0,1,NULL,NULL,NULL),(511,57,'Tsonga','ts','ts_ZA',NULL,NULL,0,172,NULL,0,0,0,NULL,NULL,NULL),(512,57,'Tatar','tt','tt_RU',NULL,NULL,0,173,NULL,0,0,0,NULL,NULL,NULL),(513,57,'Twi','tw','tw_GH',NULL,NULL,0,174,NULL,0,0,0,NULL,NULL,NULL),(514,57,'Tahitian','ty','ty_PF',NULL,NULL,0,175,NULL,0,0,0,NULL,NULL,NULL),(515,57,'Uighur, Uyghur','ug','ug_CN',NULL,NULL,0,176,NULL,0,0,0,NULL,NULL,NULL),(516,57,'Ukrainian','uk','uk_UA',NULL,NULL,0,177,NULL,0,0,0,NULL,NULL,NULL),(517,57,'Urdu','ur','ur_PK',NULL,NULL,0,178,NULL,0,0,0,NULL,NULL,NULL),(518,57,'Uzbek','uz','uz_UZ',NULL,NULL,0,179,NULL,0,0,0,NULL,NULL,NULL),(519,57,'Venda','ve','ve_ZA',NULL,NULL,0,180,NULL,0,0,0,NULL,NULL,NULL),(520,57,'Vietnamese','vi','vi_VN',NULL,NULL,0,181,NULL,0,0,1,NULL,NULL,NULL),(521,57,'Volapk','vo','vo_XX',NULL,NULL,0,182,NULL,0,0,0,NULL,NULL,NULL),(522,57,'Walloon','wa','wa_BE',NULL,NULL,0,183,NULL,0,0,0,NULL,NULL,NULL),(523,57,'Welsh','cy','cy_GB',NULL,NULL,0,184,NULL,0,0,0,NULL,NULL,NULL),(524,57,'Wolof','wo','wo_SN',NULL,NULL,0,185,NULL,0,0,0,NULL,NULL,NULL),(525,57,'Western Frisian','fy','fy_NL',NULL,NULL,0,186,NULL,0,0,0,NULL,NULL,NULL),(526,57,'Xhosa','xh','xh_ZA',NULL,NULL,0,187,NULL,0,0,0,NULL,NULL,NULL),(527,57,'Yiddish','yi','yi_US',NULL,NULL,0,188,NULL,0,0,0,NULL,NULL,NULL),(528,57,'Yoruba','yo','yo_NG',NULL,NULL,0,189,NULL,0,0,0,NULL,NULL,NULL),(529,57,'Zhuang, Chuang','za','za_CN',NULL,NULL,0,190,NULL,0,0,0,NULL,NULL,NULL),(530,57,'Zulu','zu','zu_ZA',NULL,NULL,0,191,NULL,0,0,0,NULL,NULL,NULL),(531,58,'In Person','1','in_person',NULL,0,0,1,NULL,0,1,1,NULL,NULL,NULL),(532,58,'Phone','2','phone',NULL,0,1,2,NULL,0,1,1,NULL,NULL,NULL),(533,58,'Email','3','email',NULL,0,0,3,NULL,0,1,1,NULL,NULL,NULL),(534,58,'Fax','4','fax',NULL,0,0,4,NULL,0,1,1,NULL,NULL,NULL),(535,58,'Letter Mail','5','letter_mail',NULL,0,0,5,NULL,0,1,1,NULL,NULL,NULL),(536,59,'Cases - Send Copy of an Activity','1','case_activity',NULL,NULL,0,1,NULL,0,0,1,NULL,NULL,NULL),(537,60,'Contributions - Duplicate Organization Alert','1','contribution_dupalert',NULL,NULL,0,1,NULL,0,0,1,NULL,NULL,NULL),(538,60,'Contributions - Receipt (off-line)','2','contribution_offline_receipt',NULL,NULL,0,2,NULL,0,0,1,NULL,NULL,NULL),(539,60,'Contributions - Receipt (on-line)','3','contribution_online_receipt',NULL,NULL,0,3,NULL,0,0,1,NULL,NULL,NULL),(540,60,'Contributions - Recurring Start and End Notification','4','contribution_recurring_notify',NULL,NULL,0,4,NULL,0,0,1,NULL,NULL,NULL),(541,60,'Personal Campaign Pages - Admin Notification','5','pcp_notify',NULL,NULL,0,5,NULL,0,0,1,NULL,NULL,NULL),(542,60,'Personal Campaign Pages - Supporter Status Change Notification','6','pcp_status_change',NULL,NULL,0,6,NULL,0,0,1,NULL,NULL,NULL),(543,60,'Personal Campaign Pages - Supporter Welcome','7','pcp_supporter_notify',NULL,NULL,0,7,NULL,0,0,1,NULL,NULL,NULL),(544,61,'Events - Registration Confirmation and Receipt (off-line)','1','event_offline_receipt',NULL,NULL,0,1,NULL,0,0,1,NULL,NULL,NULL),(545,61,'Events - Registration Confirmation and Receipt (on-line)','2','event_online_receipt',NULL,NULL,0,2,NULL,0,0,1,NULL,NULL,NULL),(546,61,'Events - Registration Cancellation Notice','3','participant_cancelled',NULL,NULL,0,3,NULL,0,0,1,NULL,NULL,NULL),(547,61,'Events - Registration Confirmation Invite','4','participant_confirm',NULL,NULL,0,4,NULL,0,0,1,NULL,NULL,NULL),(548,61,'Events - Pending Registration Expiration Notice','5','participant_expired',NULL,NULL,0,5,NULL,0,0,1,NULL,NULL,NULL),(549,62,'Tell-a-Friend Email','1','friend',NULL,NULL,0,1,NULL,0,0,1,NULL,NULL,NULL),(550,63,'Memberships - Signup and Renewal Receipts (off-line)','1','membership_offline_receipt',NULL,NULL,0,1,NULL,0,0,1,NULL,NULL,NULL),(551,63,'Memberships - Receipt (on-line)','2','membership_online_receipt',NULL,NULL,0,2,NULL,0,0,1,NULL,NULL,NULL),(552,64,'Test-drive - Receipt Header','1','test_preview',NULL,NULL,0,1,NULL,0,0,1,NULL,NULL,NULL),(553,65,'Pledges - Acknowledgement','1','pledge_acknowledge',NULL,NULL,0,1,NULL,0,0,1,NULL,NULL,NULL),(554,65,'Pledges - Payment Reminder','2','pledge_reminder',NULL,NULL,0,2,NULL,0,0,1,NULL,NULL,NULL),(555,66,'Profiles - Admin Notification','1','uf_notify',NULL,NULL,0,1,NULL,0,0,1,NULL,NULL,NULL),(556,67,'Petition - signature added','1','petition_sign',NULL,NULL,0,1,NULL,0,0,1,NULL,NULL,NULL),(557,67,'Petition - need verification','2','petition_confirmation_needed',NULL,NULL,0,2,NULL,0,0,1,NULL,NULL,NULL),(558,68,'Friend','1.00',NULL,NULL,NULL,0,1,NULL,0,0,1,NULL,NULL,NULL),(559,68,'Supporter','5.00',NULL,NULL,NULL,0,2,NULL,0,0,1,NULL,NULL,NULL),(560,68,'Booster','10.00',NULL,NULL,NULL,1,3,NULL,0,0,1,NULL,NULL,NULL),(561,68,'Sustainer','50.00',NULL,NULL,NULL,0,4,NULL,0,0,1,NULL,NULL,NULL),(562,2,'Interview','32','Interview',NULL,0,NULL,32,'Conduct a phone or in person interview.',0,0,1,NULL,NULL,NULL),(563,69,'Single','50',NULL,NULL,NULL,0,1,NULL,0,0,1,NULL,NULL,NULL),(564,69,'Couple','100',NULL,NULL,NULL,0,2,NULL,0,0,1,NULL,NULL,NULL),(565,69,'Family','200',NULL,NULL,NULL,0,3,NULL,0,0,1,NULL,NULL,NULL),(566,70,'Bass','25',NULL,NULL,NULL,0,1,NULL,0,0,1,NULL,NULL,NULL),(567,70,'Tenor','40',NULL,NULL,NULL,0,2,NULL,0,0,1,NULL,NULL,NULL),(568,70,'Soprano','50',NULL,NULL,NULL,0,3,NULL,0,0,1,NULL,NULL,NULL),(569,71,'Tiny-tots (ages 5-8)','800',NULL,NULL,NULL,0,1,NULL,0,0,1,NULL,NULL,NULL),(570,71,'Junior Stars (ages 9-12)','1000',NULL,NULL,NULL,0,2,NULL,0,0,1,NULL,NULL,NULL),(571,71,'Super Stars (ages 13-18)','1500',NULL,NULL,NULL,0,3,NULL,0,0,1,NULL,NULL,NULL);
/*!40000 ALTER TABLE `civicrm_option_value` ENABLE KEYS */;
UNLOCK TABLES;

--
-- Dumping data for table `civicrm_participant`
--

LOCK TABLES `civicrm_participant` WRITE;
/*!40000 ALTER TABLE `civicrm_participant` DISABLE KEYS */;
INSERT INTO `civicrm_participant` (`id`, `contact_id`, `event_id`, `status_id`, `role_id`, `register_date`, `source`, `fee_level`, `is_test`, `is_pay_later`, `fee_amount`, `registered_by_id`, `discount_id`, `fee_currency`) VALUES (1,90,1,1,'1','2009-01-21 00:00:00','Check','Single',0,0,'50.00',NULL,NULL,'USD'),(2,49,2,2,'2','2008-05-07 00:00:00','Credit Card','Soprano',0,0,'50.00',NULL,NULL,'USD'),(3,12,3,3,'3','2008-05-05 00:00:00','Credit Card','Tiny-tots (ages 5-8)',0,0,'800.00',NULL,NULL,'USD'),(4,31,1,4,'4','2008-10-21 00:00:00','Direct Transfer','Single',0,0,'50.00',NULL,NULL,'USD'),(5,10,2,1,'1','2008-01-10 00:00:00','Check','Soprano',0,0,'50.00',NULL,NULL,'USD'),(6,101,3,2,'2','2008-03-05 00:00:00','Direct Transfer','Tiny-tots (ages 5-8)',0,0,'800.00',NULL,NULL,'USD'),(7,15,1,3,'3','2009-07-21 00:00:00','Direct Transfer','Single',0,0,'50.00',NULL,NULL,'USD'),(8,30,2,4,'4','2009-03-07 00:00:00','Credit Card','Soprano',0,0,'50.00',NULL,NULL,'USD'),(9,34,3,1,'1','2008-02-05 00:00:00','Direct Transfer','Tiny-tots (ages 5-8)',0,0,'800.00',NULL,NULL,'USD'),(10,56,1,2,'2','2008-02-01 00:00:00','Check','Single',0,0,'50.00',NULL,NULL,'USD'),(11,52,2,3,'3','2009-01-10 00:00:00','Direct Transfer','Soprano',0,0,'50.00',NULL,NULL,'USD'),(12,6,3,4,'4','2009-03-06 00:00:00','Credit Card','Tiny-tots (ages 5-8)',0,0,'800.00',NULL,NULL,'USD'),(13,76,1,1,'2','2008-06-04 00:00:00','Credit Card','Single',0,0,'50.00',NULL,NULL,'USD'),(14,48,2,2,'3','2008-01-10 00:00:00','Direct Transfer','Soprano',0,0,'50.00',NULL,NULL,'USD'),(15,95,3,4,'1','2008-07-04 00:00:00','Check','Tiny-tots (ages 5-8)',0,0,'800.00',NULL,NULL,'USD'),(16,33,1,4,'2','2009-01-21 00:00:00','Credit Card','Single',0,0,'50.00',NULL,NULL,'USD'),(17,80,2,2,'3','2008-01-10 00:00:00','Credit Card','Soprano',0,0,'50.00',NULL,NULL,'USD'),(18,47,3,3,'1','2009-03-05 00:00:00','Credit Card','Tiny-tots (ages 5-8)',0,0,'800.00',NULL,NULL,'USD'),(19,74,1,2,'1','2008-10-21 00:00:00','Direct Transfer','Single',0,0,'50.00',NULL,NULL,'USD'),(20,99,2,4,'1','2009-01-10 00:00:00','Credit Card','Soprano',0,0,'50.00',NULL,NULL,'USD'),(21,28,3,1,'4','2008-03-25 00:00:00','Check','Tiny-tots (ages 5-8)',0,0,'800.00',NULL,NULL,'USD'),(22,79,1,2,'3','2009-10-21 00:00:00','Direct Transfer','Single',0,0,'50.00',NULL,NULL,'USD'),(23,84,2,4,'1','2008-01-10 00:00:00','Direct Transfer','Soprano',0,0,'50.00',NULL,NULL,'USD'),(24,82,3,3,'1','2008-03-11 00:00:00','Credit Card','Tiny-tots (ages 5-8)',0,0,'800.00',NULL,NULL,'USD'),(25,85,3,2,'2','2008-04-05 00:00:00','Direct Transfer','Tiny-tots (ages 5-8)',0,0,'800.00',NULL,NULL,'USD'),(26,8,1,1,'1','2009-01-21 00:00:00','Check','Single',0,0,'50.00',NULL,NULL,'USD'),(27,22,2,2,'2','2008-05-07 00:00:00','Credit Card','Soprano',0,0,'50.00',NULL,NULL,'USD'),(28,57,3,3,'3','2009-12-12 00:00:00','Direct Transfer','Tiny-tots (ages 5-8)',0,0,'800.00',NULL,NULL,'USD'),(29,86,1,4,'4','2009-12-13 00:00:00','Credit Card','Single',0,0,'50.00',NULL,NULL,'USD'),(30,11,2,1,'1','2009-12-14 00:00:00','Direct Transfer','Soprano',0,0,'50.00',NULL,NULL,'USD'),(31,17,3,2,'2','2009-12-15 00:00:00','Credit Card','Tiny-tots (ages 5-8)',0,0,'800.00',NULL,NULL,'USD'),(32,3,1,3,'3','2009-07-21 00:00:00','Check','Single',0,0,'50.00',NULL,NULL,'USD'),(33,27,2,4,'4','2009-03-07 00:00:00','Direct Transfer','Soprano',0,0,'50.00',NULL,NULL,'USD'),(34,13,3,1,'1','2009-12-15 00:00:00','Credit Card','Tiny-tots (ages 5-8)',0,0,'800.00',NULL,NULL,'USD'),(35,32,1,2,'2','2009-12-13 00:00:00','Direct Transfer','Single',0,0,'50.00',NULL,NULL,'USD'),(36,89,2,3,'3','2009-01-10 00:00:00','Direct Transfer','Soprano',0,0,'50.00',NULL,NULL,'USD'),(37,5,3,4,'4','2009-03-06 00:00:00','Check','Tiny-tots (ages 5-8)',0,0,'800.00',NULL,NULL,'USD'),(38,40,1,1,'2','2009-12-13 00:00:00','Direct Transfer','Single',0,0,'50.00',NULL,NULL,'USD'),(39,70,2,2,'3','2008-01-10 00:00:00','Direct Transfer','Soprano',0,0,'50.00',NULL,NULL,'USD'),(40,63,3,4,'1','2009-12-14 00:00:00','Credit Card','Tiny-tots (ages 5-8)',0,0,'800.00',NULL,NULL,'USD'),(41,24,1,4,'2','2009-01-21 00:00:00','Credit Card','Single',0,0,'50.00',NULL,NULL,'USD'),(42,98,2,2,'3','2009-12-15 00:00:00','Credit Card','Soprano',0,0,'50.00',NULL,NULL,'USD'),(43,60,3,3,'1','2009-03-05 00:00:00','Credit Card','Tiny-tots (ages 5-8)',0,0,'800.00',NULL,NULL,'USD'),(44,36,1,2,'1','2009-12-13 00:00:00','Direct Transfer','Single',0,0,'50.00',NULL,NULL,'USD'),(45,94,2,4,'1','2009-01-10 00:00:00','Direct Transfer','Soprano',0,0,'50.00',NULL,NULL,'USD'),(46,45,3,1,'4','2009-12-13 00:00:00','Check','Tiny-tots (ages 5-8)',0,0,'800.00',NULL,NULL,'USD'),(47,43,1,2,'3','2009-10-21 00:00:00','Credit Card','Single',0,0,'50.00',NULL,NULL,'USD'),(48,46,2,4,'1','2009-12-10 00:00:00','Credit Card','Soprano',0,0,'50.00',NULL,NULL,'USD'),(49,62,3,3,'1','2009-03-11 00:00:00','Credit Card','Tiny-tots (ages 5-8)',0,0,'800.00',NULL,NULL,'USD'),(50,50,3,2,'2','2009-04-05 00:00:00','Check','Tiny-tots (ages 5-8)',0,0,'800.00',NULL,NULL,'USD');
/*!40000 ALTER TABLE `civicrm_participant` ENABLE KEYS */;
UNLOCK TABLES;

--
-- Dumping data for table `civicrm_participant_payment`
--

LOCK TABLES `civicrm_participant_payment` WRITE;
/*!40000 ALTER TABLE `civicrm_participant_payment` DISABLE KEYS */;
/*!40000 ALTER TABLE `civicrm_participant_payment` ENABLE KEYS */;
UNLOCK TABLES;

--
-- Dumping data for table `civicrm_participant_status_type`
--

LOCK TABLES `civicrm_participant_status_type` WRITE;
/*!40000 ALTER TABLE `civicrm_participant_status_type` DISABLE KEYS */;
INSERT INTO `civicrm_participant_status_type` (`id`, `name`, `label`, `class`, `is_reserved`, `is_active`, `is_counted`, `weight`, `visibility_id`) VALUES (1,'Registered','Registered','Positive',1,1,1,1,1),(2,'Attended','Attended','Positive',0,1,1,2,2),(3,'No-show','No-show','Negative',0,1,0,3,2),(4,'Cancelled','Cancelled','Negative',1,1,0,4,2),(5,'Pending from pay later','Pending from pay later','Pending',1,1,1,5,2),(6,'Pending from incomplete transaction','Pending from incomplete transaction','Pending',1,1,0,6,2),(7,'On waitlist','On waitlist','Waiting',1,0,0,7,2),(8,'Awaiting approval','Awaiting approval','Waiting',1,0,1,8,2),(9,'Pending from waitlist','Pending from waitlist','Pending',1,0,1,9,2),(10,'Pending from approval','Pending from approval','Pending',1,0,1,10,2),(11,'Rejected','Rejected','Negative',1,0,0,11,2),(12,'Expired','Expired','Negative',1,1,0,12,2);
/*!40000 ALTER TABLE `civicrm_participant_status_type` ENABLE KEYS */;
UNLOCK TABLES;

--
-- Dumping data for table `civicrm_payment_processor`
--

LOCK TABLES `civicrm_payment_processor` WRITE;
/*!40000 ALTER TABLE `civicrm_payment_processor` DISABLE KEYS */;
/*!40000 ALTER TABLE `civicrm_payment_processor` ENABLE KEYS */;
UNLOCK TABLES;

--
-- Dumping data for table `civicrm_payment_processor_type`
--

LOCK TABLES `civicrm_payment_processor_type` WRITE;
/*!40000 ALTER TABLE `civicrm_payment_processor_type` DISABLE KEYS */;
INSERT INTO `civicrm_payment_processor_type` (`id`, `name`, `title`, `description`, `is_active`, `is_default`, `user_name_label`, `password_label`, `signature_label`, `subject_label`, `class_name`, `url_site_default`, `url_api_default`, `url_recur_default`, `url_button_default`, `url_site_test_default`, `url_api_test_default`, `url_recur_test_default`, `url_button_test_default`, `billing_mode`, `is_recur`, `payment_type`) VALUES (1,'PayPal_Standard','PayPal - Website Payments Standard',NULL,1,0,'Merchant Account Email',NULL,NULL,NULL,'Payment_PayPalImpl','https://www.paypal.com/',NULL,'https://www.paypal.com/',NULL,'https://www.sandbox.paypal.com/',NULL,'https://www.sandbox.paypal.com/',NULL,4,1,1),(2,'PayPal','PayPal - Website Payments Pro',NULL,1,0,'User Name','Password','Signature',NULL,'Payment_PayPalImpl','https://www.paypal.com/','https://api-3t.paypal.com/','https://www.paypal.com/','https://www.paypal.com/en_US/i/btn/btn_xpressCheckout.gif','https://www.sandbox.paypal.com/','https://api-3t.sandbox.paypal.com/','https://www.sandbox.paypal.com/','https://www.paypal.com/en_US/i/btn/btn_xpressCheckout.gif',3,1,1),(3,'PayPal_Express','PayPal - Express',NULL,1,0,'User Name','Password','Signature',NULL,'Payment_PayPalImpl','https://www.paypal.com/','https://api-3t.paypal.com/',NULL,'https://www.paypal.com/en_US/i/btn/btn_xpressCheckout.gif','https://www.sandbox.paypal.com/','https://api-3t.sandbox.paypal.com/',NULL,'https://www.paypal.com/en_US/i/btn/btn_xpressCheckout.gif',2,NULL,1),(4,'Google_Checkout','Google Checkout',NULL,1,0,'Merchant ID','Key',NULL,NULL,'Payment_Google','https://checkout.google.com/',NULL,NULL,'https://checkout.google.com/buttons/checkout.gif?merchant_id=YOURMERCHANTIDHERE&w=160&h=43&style=white&variant=text&loc=en_US','https://sandbox.google.com/checkout/',NULL,NULL,'https://sandbox.google.com/checkout/buttons/checkout.gif?merchant_id=YOURMERCHANTIDHERE&w=160&h=43&style=white&variant=text&loc=en_US',4,NULL,1),(5,'Moneris','Moneris',NULL,1,0,'User Name','Password','Store ID',NULL,'Payment_Moneris','https://www3.moneris.com/',NULL,NULL,NULL,'https://esqa.moneris.com/',NULL,NULL,NULL,1,1,1),(6,'AuthNet','Authorize.Net',NULL,1,0,'API Login','Payment Key','MD5 Hash',NULL,'Payment_AuthorizeNet','https://secure.authorize.net/gateway/transact.dll',NULL,'https://api.authorize.net/xml/v1/request.api',NULL,'https://test.authorize.net/gateway/transact.dll',NULL,'https://apitest.authorize.net/xml/v1/request.api',NULL,1,1,1),(7,'PayJunction','PayJunction',NULL,1,0,'User Name','Password',NULL,NULL,'Payment_PayJunction','https://payjunction.com/quick_link',NULL,NULL,NULL,'https://www.payjunctionlabs.com/quick_link',NULL,NULL,NULL,1,1,1),(8,'eWAY','eWAY (Single Currency)',NULL,1,0,'Customer ID',NULL,NULL,NULL,'Payment_eWAY','https://www.eway.com.au/gateway_cvn/xmlpayment.asp',NULL,NULL,NULL,'https://www.eway.com.au/gateway_cvn/xmltest/testpage.asp',NULL,NULL,NULL,1,0,1),(9,'Payment_Express','DPS Payment Express',NULL,1,0,'User ID','Key','Mac Key - pxaccess only',NULL,'Payment_PaymentExpress','https://www.paymentexpress.com/pleaseenteraurl',NULL,NULL,NULL,'https://www.paymentexpress.com/pleaseenteratesturl',NULL,NULL,NULL,4,0,1),(10,'ClickAndPledge','Click and Pledge',NULL,1,0,'Customer ID',NULL,NULL,NULL,'Payment_ClickAndPledge','http://www.clickandpledge.com/',NULL,NULL,NULL,'http://www.clickandpledge.com/',NULL,NULL,NULL,4,0,1),(11,'Dummy','Dummy Payment Processor',NULL,1,1,'User Name',NULL,NULL,NULL,'Payment_Dummy',NULL,NULL,NULL,NULL,NULL,NULL,NULL,NULL,1,NULL,1),(12,'Elavon','Elavon Payment Processor','Elavon / Nova Virtual Merchant',1,0,'SSL Merchant ID ','SSL User ID','SSL PIN',NULL,'Payment_Elavon','https://www.myvirtualmerchant.com/VirtualMerchant/processxml.do',NULL,NULL,NULL,'https://www.myvirtualmerchant.com/VirtualMerchant/processxml.do',NULL,NULL,NULL,1,0,1),(13,'Realex','Realex Payment',NULL,1,0,'Merchant ID','Password',NULL,'Account','Payment_Realex','https://epage.payandshop.com/epage.cgi',NULL,NULL,NULL,'https://epage.payandshop.com/epage-remote.cgi',NULL,NULL,NULL,1,0,1),(14,'PayflowPro','PayflowPro',NULL,1,0,'Vendor ID','Password','Partner (merchant)','User','Payment_PayflowPro','https://Payflowpro.paypal.com',NULL,NULL,NULL,'https://pilot-Payflowpro.paypal.com',NULL,NULL,NULL,1,0,1),(15,'FirstData','FirstData (aka linkpoint)','FirstData (aka linkpoint)',1,0,'Store name','certificate path',NULL,NULL,'Payment_FirstData','https://secure.linkpt.net',NULL,NULL,NULL,'https://staging.linkpt.net',NULL,NULL,NULL,1,NULL,1);
/*!40000 ALTER TABLE `civicrm_payment_processor_type` ENABLE KEYS */;
UNLOCK TABLES;

--
-- Dumping data for table `civicrm_pcp`
--

LOCK TABLES `civicrm_pcp` WRITE;
/*!40000 ALTER TABLE `civicrm_pcp` DISABLE KEYS */;
INSERT INTO `civicrm_pcp` (`id`, `contact_id`, `status_id`, `title`, `intro_text`, `page_text`, `donate_link_text`, `contribution_page_id`, `is_thermometer`, `is_honor_roll`, `goal_amount`, `currency`, `referer`, `is_active`) VALUES (1,92,2,'My Personal Civi Fundraiser','I\'m on a mission to get all my friends and family to help support my favorite open-source civic sector CRM.','<p>Friends and family - please help build much needed infrastructure for the civic sector by supporting my personal campaign!</p>\r\n<p><a href=\"http://civicrm.org\">You can learn more about CiviCRM here</a>.</p>\r\n<p>Then click the <strong>Contribute Now</strong> button to go to our easy-to-use online contribution form.</p>','Contribute Now',1,1,1,'5000.00','USD',NULL,1);
/*!40000 ALTER TABLE `civicrm_pcp` ENABLE KEYS */;
UNLOCK TABLES;

--
-- Dumping data for table `civicrm_pcp_block`
--

LOCK TABLES `civicrm_pcp_block` WRITE;
/*!40000 ALTER TABLE `civicrm_pcp_block` DISABLE KEYS */;
INSERT INTO `civicrm_pcp_block` (`id`, `entity_table`, `entity_id`, `supporter_profile_id`, `is_approval_needed`, `is_tellfriend_enabled`, `tellfriend_limit`, `link_text`, `is_active`, `notify_email`) VALUES (1,'civicrm_contribution_page',1,2,1,1,5,'Create your own Personal Campaign Page!',1,NULL);
/*!40000 ALTER TABLE `civicrm_pcp_block` ENABLE KEYS */;
UNLOCK TABLES;

--
-- Dumping data for table `civicrm_persistent`
--

LOCK TABLES `civicrm_persistent` WRITE;
/*!40000 ALTER TABLE `civicrm_persistent` DISABLE KEYS */;
/*!40000 ALTER TABLE `civicrm_persistent` ENABLE KEYS */;
UNLOCK TABLES;

--
-- Dumping data for table `civicrm_phone`
--

LOCK TABLES `civicrm_phone` WRITE;
/*!40000 ALTER TABLE `civicrm_phone` DISABLE KEYS */;
INSERT INTO `civicrm_phone` (`id`, `contact_id`, `location_type_id`, `is_primary`, `is_billing`, `mobile_provider_id`, `phone`, `phone_type_id`) VALUES (1,NULL,1,0,0,NULL,'204 222-1001',1),(2,89,1,1,0,NULL,'75438556',1),(3,89,1,0,0,NULL,'35246468',2),(4,77,1,1,0,NULL,'35169812',1),(5,77,1,0,0,NULL,'15787273',2),(6,92,1,1,0,NULL,'19188997',1),(7,92,1,0,0,NULL,'69383742',2),(8,71,1,1,0,NULL,'53192193',1),(9,71,1,0,0,NULL,'26683958',2),(10,86,1,1,0,NULL,'66031144',1),(11,86,1,0,0,NULL,'40992631',2),(12,95,1,1,0,NULL,'68410259',1),(13,95,1,0,0,NULL,'81505138',2),(14,82,1,1,0,NULL,'19559501',1),(15,82,1,0,0,NULL,'75070544',2),(16,67,1,1,0,NULL,'21761687',1),(17,67,1,0,0,NULL,'88779231',2),(18,23,1,1,0,NULL,'12720629',1),(19,23,1,0,0,NULL,'30381209',2),(20,37,1,1,0,NULL,'17979828',1),(21,37,1,0,0,NULL,'92237452',2),(22,61,1,1,0,NULL,'32829197',1),(23,61,1,0,0,NULL,'86291500',2),(24,80,1,1,0,NULL,'67497902',1),(25,80,1,0,0,NULL,'70745690',2),(26,44,1,1,0,NULL,'22217643',1),(27,44,1,0,0,NULL,'78685321',2),(28,20,1,1,0,NULL,'89650676',1),(29,20,1,0,0,NULL,'14902621',2),(30,76,1,1,0,NULL,'51873109',1),(31,76,1,0,0,NULL,'71974637',2),(32,28,1,1,0,NULL,'91081180',1),(33,28,1,0,0,NULL,'58948692',2),(34,38,1,1,0,NULL,'93571986',1),(35,38,1,0,0,NULL,'56680257',2),(36,97,1,1,0,NULL,'48554810',1),(37,97,1,0,0,NULL,'57892251',2),(38,41,1,1,0,NULL,'40562807',1),(39,41,1,0,0,NULL,'18179976',2),(40,62,1,1,0,NULL,'71372117',1),(41,62,1,0,0,NULL,'35944782',2),(42,8,3,1,0,NULL,'11774722',1),(43,8,3,0,0,NULL,'93384301',2),(44,85,3,1,0,NULL,'97501425',1),(45,85,3,0,0,NULL,'16640310',2),(46,79,3,1,0,NULL,'83670799',1),(47,79,3,0,0,NULL,'59143250',2),(48,26,3,1,0,NULL,'99702598',1),(49,26,3,0,0,NULL,'34230284',2),(50,14,3,1,0,NULL,'40777960',1),(51,14,3,0,0,NULL,'19144181',2),(52,34,1,1,0,NULL,'15589212',1),(53,34,1,0,0,NULL,'56355614',2),(54,64,1,1,0,NULL,'11845010',1),(55,64,1,0,0,NULL,'84422461',2),(56,53,1,1,0,NULL,'30544998',1),(57,53,1,0,0,NULL,'56741476',2),(58,49,1,1,0,NULL,'81810593',1),(59,49,1,0,0,NULL,'27397557',2),(60,46,1,1,0,NULL,'26449327',1),(61,46,1,0,0,NULL,'43938474',2),(62,2,1,1,0,NULL,'73241212',1),(63,2,1,0,0,NULL,'52234528',2),(64,100,1,1,0,NULL,'62668878',1),(65,100,1,0,0,NULL,'72403106',2),(66,7,1,1,0,NULL,'51246492',1),(67,7,1,0,0,NULL,'93312516',2),(68,59,1,1,0,NULL,'23514162',1),(69,59,1,0,0,NULL,'55986189',2),(70,91,1,1,0,NULL,'22889956',1),(71,91,1,0,0,NULL,'27126172',2),(72,101,1,1,0,NULL,'16310074',1),(73,101,1,0,0,NULL,'91216358',2),(74,31,1,1,0,NULL,'44169759',1),(75,31,1,0,0,NULL,'21025678',2),(76,29,1,1,0,NULL,'60376819',1),(77,29,1,0,0,NULL,'54704020',2),(78,11,1,1,0,NULL,'23446109',1),(79,11,1,0,0,NULL,'75577060',2),(80,56,1,1,0,NULL,'75122223',1),(81,56,1,0,0,NULL,'96288545',2),(82,35,1,1,0,NULL,'22917930',1),(83,35,1,0,0,NULL,'90004894',2),(84,4,1,1,0,NULL,'94361278',1),(85,4,1,0,0,NULL,'62661098',2),(86,74,1,1,0,NULL,'12898699',1),(87,74,1,0,0,NULL,'49413674',2),(88,40,1,1,0,NULL,'63464862',1),(89,40,1,0,0,NULL,'36468712',2),(90,55,1,1,0,NULL,'49430890',1),(91,55,1,0,0,NULL,'14145961',2),(92,52,1,1,0,NULL,'45080694',1),(93,52,1,0,0,NULL,'13455043',2),(94,17,1,1,0,NULL,'86135090',1),(95,17,1,0,0,NULL,'70423762',2),(96,43,1,1,0,NULL,'15047464',1),(97,43,1,0,0,NULL,'84221409',2),(98,58,1,1,0,NULL,'15549249',1),(99,58,1,0,0,NULL,'13292573',2),(100,65,1,1,0,NULL,'73161728',1),(101,65,1,0,0,NULL,'11651622',2),(102,19,1,1,0,NULL,'94703672',1),(103,19,1,0,0,NULL,'92683221',2),(104,16,1,1,0,NULL,'75664179',1),(105,16,1,0,0,NULL,'22713975',2),(106,73,1,1,0,NULL,'57945876',1),(107,73,1,0,0,NULL,'51429063',2),(108,68,1,1,0,NULL,'42427655',1),(109,68,1,0,0,NULL,'51509724',2),(110,47,1,1,0,NULL,'51429974',1),(111,47,1,0,0,NULL,'70489678',2),(112,50,1,1,0,NULL,'24508226',1),(113,50,1,0,0,NULL,'43974318',2),(114,22,1,1,0,NULL,'38713363',1),(115,22,1,0,0,NULL,'99273766',2),(116,13,1,1,0,NULL,'64390620',1),(117,13,1,0,0,NULL,'96783338',2),(118,5,1,1,0,NULL,'14696193',1),(119,5,1,0,0,NULL,'87930797',2),(120,10,1,1,0,NULL,'70224328',1),(121,10,1,0,0,NULL,'29372665',2),(122,NULL,1,0,0,NULL,'204 222-1000',1),(123,NULL,1,0,0,NULL,'204 223-1000',1),(124,NULL,1,0,0,NULL,'303 323-1000',1);
/*!40000 ALTER TABLE `civicrm_phone` ENABLE KEYS */;
UNLOCK TABLES;

--
-- Dumping data for table `civicrm_pledge`
--

LOCK TABLES `civicrm_pledge` WRITE;
/*!40000 ALTER TABLE `civicrm_pledge` DISABLE KEYS */;
INSERT INTO `civicrm_pledge` (`id`, `contact_id`, `contribution_type_id`, `contribution_page_id`, `amount`, `original_installment_amount`, `currency`, `frequency_unit`, `frequency_interval`, `frequency_day`, `installments`, `start_date`, `create_date`, `acknowledge_date`, `modified_date`, `cancel_date`, `end_date`, `honor_contact_id`, `honor_type_id`, `max_reminders`, `initial_reminder_day`, `additional_reminder_day`, `status_id`, `is_test`) VALUES (1,71,1,1,'500.00','500.00','USD','month',1,1,1,'2009-07-01 00:00:00','2009-06-26 00:00:00',NULL,NULL,NULL,'2009-07-01 00:00:00',NULL,NULL,1,5,5,1,0),(2,43,1,1,'800.00','200.00','USD','month',3,1,4,'2009-07-01 00:00:00','2009-06-23 00:00:00','2009-06-23 00:00:00',NULL,NULL,'2009-04-01 10:11:40',NULL,NULL,1,5,5,5,0),(3,32,1,1,'600.00','200.00','USD','month',1,1,3,'2009-10-01 00:00:00','2009-09-14 00:00:00','2009-09-14 00:00:00',NULL,NULL,'2009-12-01 00:00:00',NULL,NULL,1,5,5,5,0);
/*!40000 ALTER TABLE `civicrm_pledge` ENABLE KEYS */;
UNLOCK TABLES;

--
-- Dumping data for table `civicrm_pledge_block`
--

LOCK TABLES `civicrm_pledge_block` WRITE;
/*!40000 ALTER TABLE `civicrm_pledge_block` DISABLE KEYS */;
INSERT INTO `civicrm_pledge_block` (`id`, `entity_table`, `entity_id`, `pledge_frequency_unit`, `is_pledge_interval`, `max_reminders`, `initial_reminder_day`, `additional_reminder_day`) VALUES (1,'civicrm_contribution_page',3,'weekmonthyear',1,1,5,5),(2,'civicrm_contribution_page',1,'weekmonthyear',0,2,5,5);
/*!40000 ALTER TABLE `civicrm_pledge_block` ENABLE KEYS */;
UNLOCK TABLES;

--
-- Dumping data for table `civicrm_pledge_payment`
--

LOCK TABLES `civicrm_pledge_payment` WRITE;
/*!40000 ALTER TABLE `civicrm_pledge_payment` DISABLE KEYS */;
INSERT INTO `civicrm_pledge_payment` (`id`, `pledge_id`, `contribution_id`, `scheduled_amount`, `actual_amount`, `currency`, `scheduled_date`, `reminder_date`, `reminder_count`, `status_id`) VALUES (1,1,10,'500.00','500.00','USD','2009-07-01 00:00:00',NULL,0,1),(2,2,11,'200.00','200.00','USD','2009-07-01 00:00:00',NULL,0,1),(3,2,NULL,'200.00',NULL,'USD','2009-10-01 00:00:00',NULL,0,2),(4,2,NULL,'200.00',NULL,'USD','2009-01-01 00:00:00',NULL,0,2),(5,2,NULL,'200.00',NULL,'USD','2009-04-01 00:00:00',NULL,0,2),(6,3,12,'200.00','200.00','USD','2009-10-01 00:00:00',NULL,0,1),(7,3,13,'200.00','200.00','USD','2009-11-01 00:00:00','2009-10-28 00:00:00',1,1),(8,3,NULL,'200.00',NULL,'USD','2009-12-01 00:00:00',NULL,0,2);
/*!40000 ALTER TABLE `civicrm_pledge_payment` ENABLE KEYS */;
UNLOCK TABLES;

--
-- Dumping data for table `civicrm_preferences`
--

LOCK TABLES `civicrm_preferences` WRITE;
/*!40000 ALTER TABLE `civicrm_preferences` DISABLE KEYS */;
INSERT INTO `civicrm_preferences` (`id`, `domain_id`, `contact_id`, `is_domain`, `contact_view_options`, `contact_edit_options`, `advanced_search_options`, `user_dashboard_options`, `address_options`, `address_format`, `mailing_format`, `display_name_format`, `sort_name_format`, `address_standardization_provider`, `address_standardization_userid`, `address_standardization_url`, `editor_id`, `mailing_backend`, `navigation`, `contact_autocomplete_options`) VALUES (1,1,NULL,1,'123456789101113','1234567891011','1234567891011121315161718','1234578','123456891011','{contact.address_name}\n{contact.street_address}\n{contact.supplemental_address_1}\n{contact.supplemental_address_2}\n{contact.city}{, }{contact.state_province}{ }{contact.postal_code}\n{contact.country}','{contact.addressee}\n{contact.street_address}\n{contact.supplemental_address_1}\n{contact.supplemental_address_2}\n{contact.city}{, }{contact.state_province}{ }{contact.postal_code}\n{contact.country}','{contact.individual_prefix}{ }{contact.first_name}{ }{contact.last_name}{ }{contact.individual_suffix}','{contact.last_name}{, }{contact.first_name}',NULL,NULL,NULL,2,'a:1:{s:15:\"outBound_option\";s:1:\"3\";}',NULL,'12');
/*!40000 ALTER TABLE `civicrm_preferences` ENABLE KEYS */;
UNLOCK TABLES;

--
-- Dumping data for table `civicrm_preferences_date`
--

LOCK TABLES `civicrm_preferences_date` WRITE;
/*!40000 ALTER TABLE `civicrm_preferences_date` DISABLE KEYS */;
INSERT INTO `civicrm_preferences_date` (`id`, `name`, `description`, `start`, `end`, `date_format`, `time_format`) VALUES (1,'activityDate','Date for activities including contributions: receive, receipt, cancel. membership: join, start, renew. case: start, end.',20,10,'',''),(2,'activityDateTime','Date and time for activity: scheduled. participant: registered.',20,10,'','1'),(3,'birth','Birth and deceased dates. Only year, month and day fields are supported.',100,0,'',''),(4,'creditCard','Month and year only for credit card expiration.',0,10,'M Y',''),(5,'custom','Uses date range passed in by form field. Can pass in a posix date part parameter. Start and end offsets defined here are ignored.',20,20,'',''),(6,'mailing','Date and time. Used for scheduling mailings.',0,1,'',''),(7,'searchDate','Used in search forms.',20,20,'','');
/*!40000 ALTER TABLE `civicrm_preferences_date` ENABLE KEYS */;
UNLOCK TABLES;

--
-- Dumping data for table `civicrm_premiums`
--

LOCK TABLES `civicrm_premiums` WRITE;
/*!40000 ALTER TABLE `civicrm_premiums` DISABLE KEYS */;
INSERT INTO `civicrm_premiums` (`id`, `entity_table`, `entity_id`, `premiums_active`, `premiums_intro_title`, `premiums_intro_text`, `premiums_contact_email`, `premiums_contact_phone`, `premiums_display_min_contribution`) VALUES (1,'civicrm_contribution_page',1,1,'Thank-you Gifts','We appreciate your support and invite you to choose from the exciting collection of thank-you gifts below. Minimum contribution amounts for each selection are included in the descriptions. (NOTE: These gifts are shown as examples only. No gifts will be sent to donors.)','premiums@example.org',NULL,1);
/*!40000 ALTER TABLE `civicrm_premiums` ENABLE KEYS */;
UNLOCK TABLES;

--
-- Dumping data for table `civicrm_premiums_product`
--

LOCK TABLES `civicrm_premiums_product` WRITE;
/*!40000 ALTER TABLE `civicrm_premiums_product` DISABLE KEYS */;
INSERT INTO `civicrm_premiums_product` (`id`, `premiums_id`, `product_id`, `weight`) VALUES (1,1,1,1);
/*!40000 ALTER TABLE `civicrm_premiums_product` ENABLE KEYS */;
UNLOCK TABLES;

--
-- Dumping data for table `civicrm_price_field`
--

LOCK TABLES `civicrm_price_field` WRITE;
/*!40000 ALTER TABLE `civicrm_price_field` DISABLE KEYS */;
/*!40000 ALTER TABLE `civicrm_price_field` ENABLE KEYS */;
UNLOCK TABLES;

--
-- Dumping data for table `civicrm_price_field_value`
--

LOCK TABLES `civicrm_price_field_value` WRITE;
/*!40000 ALTER TABLE `civicrm_price_field_value` DISABLE KEYS */;
/*!40000 ALTER TABLE `civicrm_price_field_value` ENABLE KEYS */;
UNLOCK TABLES;

--
-- Dumping data for table `civicrm_price_set`
--

LOCK TABLES `civicrm_price_set` WRITE;
/*!40000 ALTER TABLE `civicrm_price_set` DISABLE KEYS */;
/*!40000 ALTER TABLE `civicrm_price_set` ENABLE KEYS */;
UNLOCK TABLES;

--
-- Dumping data for table `civicrm_price_set_entity`
--

LOCK TABLES `civicrm_price_set_entity` WRITE;
/*!40000 ALTER TABLE `civicrm_price_set_entity` DISABLE KEYS */;
/*!40000 ALTER TABLE `civicrm_price_set_entity` ENABLE KEYS */;
UNLOCK TABLES;

--
-- Dumping data for table `civicrm_product`
--

LOCK TABLES `civicrm_product` WRITE;
/*!40000 ALTER TABLE `civicrm_product` DISABLE KEYS */;
INSERT INTO `civicrm_product` (`id`, `name`, `description`, `sku`, `options`, `image`, `thumbnail`, `price`, `currency`, `min_contribution`, `cost`, `is_active`, `period_type`, `fixed_period_start_day`, `duration_unit`, `duration_interval`, `frequency_unit`, `frequency_interval`) VALUES (1,'Coffee Mug','This heavy-duty mug is great for home or office, coffee or tea or hot chocolate. Show your support to family, friends and colleagues. Choose from three great colors.','MUG-101','White, Black, Green',NULL,NULL,'12.50','USD','5.00','2.25',1,NULL,NULL,NULL,NULL,NULL,NULL);
/*!40000 ALTER TABLE `civicrm_product` ENABLE KEYS */;
UNLOCK TABLES;

--
-- Dumping data for table `civicrm_project`
--

LOCK TABLES `civicrm_project` WRITE;
/*!40000 ALTER TABLE `civicrm_project` DISABLE KEYS */;
/*!40000 ALTER TABLE `civicrm_project` ENABLE KEYS */;
UNLOCK TABLES;

--
-- Dumping data for table `civicrm_relationship`
--

LOCK TABLES `civicrm_relationship` WRITE;
/*!40000 ALTER TABLE `civicrm_relationship` DISABLE KEYS */;
INSERT INTO `civicrm_relationship` (`id`, `contact_id_a`, `contact_id_b`, `relationship_type_id`, `start_date`, `end_date`, `is_active`, `description`, `is_permission_a_b`, `is_permission_b_a`, `case_id`) VALUES (1,53,34,1,NULL,NULL,1,NULL,0,0,NULL),(2,49,34,1,NULL,NULL,1,NULL,0,0,NULL),(3,53,64,1,NULL,NULL,1,NULL,0,0,NULL),(4,49,64,1,NULL,NULL,1,NULL,0,0,NULL),(5,64,34,2,NULL,NULL,1,NULL,0,0,NULL),(6,49,53,3,NULL,NULL,1,NULL,0,0,NULL),(7,34,57,6,NULL,NULL,1,NULL,0,0,NULL),(8,64,57,7,NULL,NULL,1,NULL,0,0,NULL),(9,53,57,7,NULL,NULL,1,NULL,0,0,NULL),(10,49,57,7,NULL,NULL,1,NULL,0,0,NULL),(11,100,46,1,NULL,NULL,1,NULL,0,0,NULL),(12,7,46,1,NULL,NULL,1,NULL,0,0,NULL),(13,100,2,1,NULL,NULL,1,NULL,0,0,NULL),(14,7,2,1,NULL,NULL,1,NULL,0,0,NULL),(15,2,46,2,NULL,NULL,1,NULL,0,0,NULL),(16,7,100,3,NULL,NULL,1,NULL,0,0,NULL),(17,46,54,6,NULL,NULL,1,NULL,0,0,NULL),(18,2,54,7,NULL,NULL,1,NULL,0,0,NULL),(19,100,54,7,NULL,NULL,1,NULL,0,0,NULL),(20,7,54,7,NULL,NULL,1,NULL,0,0,NULL),(21,101,59,1,NULL,NULL,1,NULL,0,0,NULL),(22,31,59,1,NULL,NULL,1,NULL,0,0,NULL),(23,101,91,1,NULL,NULL,1,NULL,0,0,NULL),(24,31,91,1,NULL,NULL,1,NULL,0,0,NULL),(25,91,59,2,NULL,NULL,1,NULL,0,0,NULL),(26,31,101,3,NULL,NULL,1,NULL,0,0,NULL),(27,59,81,6,NULL,NULL,1,NULL,0,0,NULL),(28,91,81,7,NULL,NULL,1,NULL,0,0,NULL),(29,101,81,7,NULL,NULL,1,NULL,0,0,NULL),(30,31,81,7,NULL,NULL,1,NULL,0,0,NULL),(31,56,29,1,NULL,NULL,1,NULL,0,0,NULL),(32,42,29,1,NULL,NULL,1,NULL,0,0,NULL),(33,56,11,1,NULL,NULL,1,NULL,0,0,NULL),(34,42,11,1,NULL,NULL,1,NULL,0,0,NULL),(35,11,29,2,NULL,NULL,1,NULL,0,0,NULL),(36,42,56,3,NULL,NULL,1,NULL,0,0,NULL),(37,29,37,6,NULL,NULL,1,NULL,0,0,NULL),(38,11,37,7,NULL,NULL,1,NULL,0,0,NULL),(39,56,37,7,NULL,NULL,1,NULL,0,0,NULL),(40,42,37,7,NULL,NULL,1,NULL,0,0,NULL),(41,4,63,1,NULL,NULL,1,NULL,0,0,NULL),(42,74,63,1,NULL,NULL,1,NULL,0,0,NULL),(43,4,35,1,NULL,NULL,1,NULL,0,0,NULL),(44,74,35,1,NULL,NULL,1,NULL,0,0,NULL),(45,35,63,2,NULL,NULL,1,NULL,0,0,NULL),(46,74,4,3,NULL,NULL,1,NULL,0,0,NULL),(47,63,18,6,NULL,NULL,1,NULL,0,0,NULL),(48,35,18,7,NULL,NULL,1,NULL,0,0,NULL),(49,4,18,7,NULL,NULL,1,NULL,0,0,NULL),(50,74,18,7,NULL,NULL,1,NULL,0,0,NULL),(51,55,21,1,NULL,NULL,1,NULL,0,0,NULL),(52,36,21,1,NULL,NULL,1,NULL,0,0,NULL),(53,55,40,1,NULL,NULL,1,NULL,0,0,NULL),(54,36,40,1,NULL,NULL,1,NULL,0,0,NULL),(55,40,21,2,NULL,NULL,1,NULL,0,0,NULL),(56,36,55,3,NULL,NULL,1,NULL,0,0,NULL),(57,21,61,6,NULL,NULL,1,NULL,0,0,NULL),(58,40,61,7,NULL,NULL,1,NULL,0,0,NULL),(59,55,61,7,NULL,NULL,1,NULL,0,0,NULL),(60,36,61,7,NULL,NULL,1,NULL,0,0,NULL),(61,17,78,1,NULL,NULL,1,NULL,0,0,NULL),(62,43,78,1,NULL,NULL,1,NULL,0,0,NULL),(63,17,52,1,NULL,NULL,1,NULL,0,0,NULL),(64,43,52,1,NULL,NULL,1,NULL,0,0,NULL),(65,52,78,2,NULL,NULL,1,NULL,0,0,NULL),(66,43,17,3,NULL,NULL,1,NULL,0,0,NULL),(67,78,80,6,NULL,NULL,1,NULL,0,0,NULL),(68,52,80,7,NULL,NULL,1,NULL,0,0,NULL),(69,17,80,7,NULL,NULL,1,NULL,0,0,NULL),(70,43,80,7,NULL,NULL,1,NULL,0,0,NULL),(71,65,33,1,NULL,NULL,1,NULL,0,0,NULL),(72,19,33,1,NULL,NULL,1,NULL,0,0,NULL),(73,65,58,1,NULL,NULL,1,NULL,0,0,NULL),(74,19,58,1,NULL,NULL,1,NULL,0,0,NULL),(75,58,33,2,NULL,NULL,1,NULL,0,0,NULL),(76,19,65,3,NULL,NULL,1,NULL,0,0,NULL),(77,33,44,6,NULL,NULL,1,NULL,0,0,NULL),(78,58,44,7,NULL,NULL,1,NULL,0,0,NULL),(79,65,44,7,NULL,NULL,1,NULL,0,0,NULL),(80,19,44,7,NULL,NULL,1,NULL,0,0,NULL),(81,9,16,1,NULL,NULL,1,NULL,0,0,NULL),(82,68,16,1,NULL,NULL,1,NULL,0,0,NULL),(83,9,73,1,NULL,NULL,1,NULL,0,0,NULL),(84,68,73,1,NULL,NULL,1,NULL,0,0,NULL),(85,73,16,2,NULL,NULL,1,NULL,0,0,NULL),(86,68,9,3,NULL,NULL,1,NULL,0,0,NULL),(87,16,20,6,NULL,NULL,1,NULL,0,0,NULL),(88,73,20,7,NULL,NULL,1,NULL,0,0,NULL),(89,9,20,7,NULL,NULL,1,NULL,0,0,NULL),(90,68,20,7,NULL,NULL,1,NULL,0,0,NULL),(91,50,47,1,NULL,NULL,1,NULL,0,0,NULL),(92,22,47,1,NULL,NULL,1,NULL,0,0,NULL),(93,50,24,1,NULL,NULL,1,NULL,0,0,NULL),(94,22,24,1,NULL,NULL,1,NULL,0,0,NULL),(95,24,47,2,NULL,NULL,1,NULL,0,0,NULL),(96,22,50,3,NULL,NULL,1,NULL,0,0,NULL),(97,47,76,6,NULL,NULL,1,NULL,0,0,NULL),(98,24,76,7,NULL,NULL,1,NULL,0,0,NULL),(99,50,76,7,NULL,NULL,1,NULL,0,0,NULL),(100,22,76,7,NULL,NULL,1,NULL,0,0,NULL),(101,5,13,1,NULL,NULL,1,NULL,0,0,NULL),(102,48,13,1,NULL,NULL,1,NULL,0,0,NULL),(103,5,3,1,NULL,NULL,1,NULL,0,0,NULL),(104,48,3,1,NULL,NULL,1,NULL,0,0,NULL),(105,3,13,2,NULL,NULL,1,NULL,0,0,NULL),(106,48,5,3,NULL,NULL,1,NULL,0,0,NULL),(107,13,28,6,NULL,NULL,1,NULL,0,0,NULL),(108,3,28,7,NULL,NULL,1,NULL,0,0,NULL),(109,5,28,7,NULL,NULL,1,NULL,0,0,NULL),(110,48,28,7,NULL,NULL,1,NULL,0,0,NULL),(111,93,10,1,NULL,NULL,1,NULL,0,0,NULL),(112,32,10,1,NULL,NULL,1,NULL,0,0,NULL),(113,93,39,1,NULL,NULL,1,NULL,0,0,NULL),(114,32,39,1,NULL,NULL,1,NULL,0,0,NULL),(115,39,10,2,NULL,NULL,1,NULL,0,0,NULL),(116,32,93,3,NULL,NULL,1,NULL,0,0,NULL),(117,10,38,6,NULL,NULL,1,NULL,0,0,NULL),(118,39,38,7,NULL,NULL,1,NULL,0,0,NULL),(119,93,38,7,NULL,NULL,1,NULL,0,0,NULL),(120,32,38,7,NULL,NULL,1,NULL,0,0,NULL),(121,94,83,1,NULL,NULL,1,NULL,0,0,NULL),(122,72,83,1,NULL,NULL,1,NULL,0,0,NULL),(123,94,12,1,NULL,NULL,1,NULL,0,0,NULL),(124,72,12,1,NULL,NULL,1,NULL,0,0,NULL),(125,12,83,2,NULL,NULL,1,NULL,0,0,NULL),(126,72,94,3,NULL,NULL,1,NULL,0,0,NULL),(127,83,97,6,NULL,NULL,1,NULL,0,0,NULL),(128,12,97,7,NULL,NULL,1,NULL,0,0,NULL),(129,94,97,7,NULL,NULL,1,NULL,0,0,NULL),(130,72,97,7,NULL,NULL,1,NULL,0,0,NULL),(131,88,70,1,NULL,NULL,1,NULL,0,0,NULL),(132,45,70,1,NULL,NULL,1,NULL,0,0,NULL),(133,88,25,1,NULL,NULL,1,NULL,0,0,NULL),(134,45,25,1,NULL,NULL,1,NULL,0,0,NULL),(135,25,70,2,NULL,NULL,1,NULL,0,0,NULL),(136,45,88,3,NULL,NULL,1,NULL,0,0,NULL),(137,70,41,6,NULL,NULL,1,NULL,0,0,NULL),(138,25,41,7,NULL,NULL,1,NULL,0,0,NULL),(139,88,41,7,NULL,NULL,1,NULL,0,0,NULL),(140,45,41,7,NULL,NULL,1,NULL,0,0,NULL),(141,15,6,1,NULL,NULL,1,NULL,0,0,NULL),(142,27,6,1,NULL,NULL,1,NULL,0,0,NULL),(143,15,98,1,NULL,NULL,1,NULL,0,0,NULL),(144,27,98,1,NULL,NULL,1,NULL,0,0,NULL),(145,98,6,2,NULL,NULL,1,NULL,0,0,NULL),(146,27,15,3,NULL,NULL,1,NULL,0,0,NULL),(147,6,62,6,NULL,NULL,1,NULL,0,0,NULL),(148,98,62,7,NULL,NULL,1,NULL,0,0,NULL),(149,15,62,7,NULL,NULL,1,NULL,0,0,NULL),(150,27,62,7,NULL,NULL,1,NULL,0,0,NULL);
/*!40000 ALTER TABLE `civicrm_relationship` ENABLE KEYS */;
UNLOCK TABLES;

--
-- Dumping data for table `civicrm_relationship_type`
--

LOCK TABLES `civicrm_relationship_type` WRITE;
/*!40000 ALTER TABLE `civicrm_relationship_type` DISABLE KEYS */;
INSERT INTO `civicrm_relationship_type` (`id`, `name_a_b`, `label_a_b`, `name_b_a`, `label_b_a`, `description`, `contact_type_a`, `contact_type_b`, `contact_sub_type_a`, `contact_sub_type_b`, `is_reserved`, `is_active`) VALUES (1,'Child of','Child of','Parent of','Parent of','Parent/child relationship.','Individual','Individual',NULL,NULL,0,1),(2,'Spouse of','Spouse of','Spouse of','Spouse of','Spousal relationship.','Individual','Individual',NULL,NULL,0,1),(3,'Sibling of','Sibling of','Sibling of','Sibling of','Sibling relationship.','Individual','Individual',NULL,NULL,0,1),(4,'Employee of','Employee of','Employer of','Employer of','Employment relationship.','Individual','Organization',NULL,NULL,1,1),(5,'Volunteer for','Volunteer for','Volunteer is','Volunteer is','Volunteer relationship.','Individual','Organization',NULL,NULL,0,1),(6,'Head of Household for','Head of Household for','Head of Household is','Head of Household is','Head of household.','Individual','Household',NULL,NULL,1,1),(7,'Household Member of','Household Member of','Household Member is','Household Member is','Household membership.','Individual','Household',NULL,NULL,1,1),(8,'Case Coordinator is','Case Coordinator is','Case Coordinator','Case Coordinator','Case Coordinator','Individual','Individual',NULL,NULL,0,1),(9,'Supervised by','Supervised by','Supervisor','Supervisor','Immediate workplace supervisor','Individual','Individual',NULL,NULL,0,1);
/*!40000 ALTER TABLE `civicrm_relationship_type` ENABLE KEYS */;
UNLOCK TABLES;

--
-- Dumping data for table `civicrm_report_instance`
--

LOCK TABLES `civicrm_report_instance` WRITE;
/*!40000 ALTER TABLE `civicrm_report_instance` DISABLE KEYS */;
INSERT INTO `civicrm_report_instance` (`id`, `domain_id`, `title`, `report_id`, `name`, `args`, `description`, `permission`, `form_values`, `is_active`, `email_subject`, `email_to`, `email_cc`, `header`, `footer`, `navigation_id`) VALUES (1,1,'Constituent Report (Summary)','contact/summary',NULL,NULL,'Provides a list of address and telephone information for constituent records in your system.','administer CiviCRM','a:21:{s:6:\"fields\";a:4:{s:12:\"display_name\";s:1:\"1\";s:14:\"street_address\";s:1:\"1\";s:4:\"city\";s:1:\"1\";s:10:\"country_id\";s:1:\"1\";}s:12:\"sort_name_op\";s:3:\"has\";s:15:\"sort_name_value\";s:0:\"\";s:9:\"source_op\";s:3:\"has\";s:12:\"source_value\";s:0:\"\";s:6:\"id_min\";s:0:\"\";s:6:\"id_max\";s:0:\"\";s:5:\"id_op\";s:3:\"lte\";s:8:\"id_value\";s:0:\"\";s:13:\"country_id_op\";s:2:\"in\";s:16:\"country_id_value\";a:0:{}s:20:\"state_province_id_op\";s:2:\"in\";s:23:\"state_province_id_value\";a:0:{}s:6:\"gid_op\";s:2:\"in\";s:9:\"gid_value\";a:0:{}s:11:\"description\";s:92:\"Provides a list of address and telephone information for constituent records in your system.\";s:13:\"email_subject\";s:0:\"\";s:8:\"email_to\";s:0:\"\";s:8:\"email_cc\";s:0:\"\";s:10:\"permission\";s:18:\"administer CiviCRM\";s:6:\"groups\";s:0:\"\";}',NULL,NULL,NULL,NULL,NULL,NULL,197),(2,1,'Constituent Report (Detail)','contact/detail',NULL,NULL,'Provides contact-related information on contributions, memberships, events and activities.','administer CiviCRM','a:19:{s:6:\"fields\";a:30:{s:12:\"display_name\";s:1:\"1\";s:10:\"country_id\";s:1:\"1\";s:15:\"contribution_id\";s:1:\"1\";s:12:\"total_amount\";s:1:\"1\";s:20:\"contribution_type_id\";s:1:\"1\";s:12:\"receive_date\";s:1:\"1\";s:22:\"contribution_status_id\";s:1:\"1\";s:13:\"membership_id\";s:1:\"1\";s:18:\"membership_type_id\";s:1:\"1\";s:21:\"membership_start_date\";s:1:\"1\";s:19:\"membership_end_date\";s:1:\"1\";s:20:\"membership_status_id\";s:1:\"1\";s:14:\"participant_id\";s:1:\"1\";s:8:\"event_id\";s:1:\"1\";s:21:\"participant_status_id\";s:1:\"1\";s:7:\"role_id\";s:1:\"1\";s:25:\"participant_register_date\";s:1:\"1\";s:9:\"fee_level\";s:1:\"1\";s:10:\"fee_amount\";s:1:\"1\";s:15:\"relationship_id\";s:1:\"1\";s:20:\"relationship_type_id\";s:1:\"1\";s:12:\"contact_id_b\";s:1:\"1\";s:2:\"id\";s:1:\"1\";s:16:\"activity_type_id\";s:1:\"1\";s:7:\"subject\";s:1:\"1\";s:17:\"source_contact_id\";s:1:\"1\";s:18:\"activity_date_time\";s:1:\"1\";s:18:\"activity_status_id\";s:1:\"1\";s:17:\"target_contact_id\";s:1:\"1\";s:19:\"assignee_contact_id\";s:1:\"1\";}s:6:\"id_min\";s:0:\"\";s:6:\"id_max\";s:0:\"\";s:5:\"id_op\";s:3:\"lte\";s:8:\"id_value\";s:0:\"\";s:15:\"display_name_op\";s:3:\"has\";s:18:\"display_name_value\";s:0:\"\";s:6:\"gid_op\";s:2:\"in\";s:9:\"gid_value\";a:0:{}s:8:\"tagid_op\";s:2:\"in\";s:11:\"tagid_value\";a:0:{}s:11:\"description\";s:90:\"Provides contact-related information on contributions, memberships, events and activities.\";s:13:\"email_subject\";s:0:\"\";s:8:\"email_to\";s:0:\"\";s:8:\"email_cc\";s:0:\"\";s:10:\"permission\";s:18:\"administer CiviCRM\";s:9:\"parent_id\";s:0:\"\";s:6:\"groups\";s:0:\"\";s:9:\"domain_id\";i:1;}',NULL,NULL,NULL,NULL,NULL,NULL,198),(3,1,'Donor Report (Summary)','contribute/summary',NULL,NULL,'Shows contribution statistics by month / week / year .. country / state .. type.','access CiviContribute','a:38:{s:6:\"fields\";a:1:{s:12:\"total_amount\";s:1:\"1\";}s:13:\"country_id_op\";s:2:\"in\";s:16:\"country_id_value\";a:0:{}s:20:\"state_province_id_op\";s:2:\"in\";s:23:\"state_province_id_value\";a:0:{}s:21:\"receive_date_relative\";s:1:\"0\";s:17:\"receive_date_from\";s:0:\"\";s:15:\"receive_date_to\";s:0:\"\";s:25:\"contribution_status_id_op\";s:2:\"in\";s:28:\"contribution_status_id_value\";a:1:{i:0;s:1:\"1\";}s:16:\"total_amount_min\";s:0:\"\";s:16:\"total_amount_max\";s:0:\"\";s:15:\"total_amount_op\";s:3:\"lte\";s:18:\"total_amount_value\";s:0:\"\";s:13:\"total_sum_min\";s:0:\"\";s:13:\"total_sum_max\";s:0:\"\";s:12:\"total_sum_op\";s:3:\"lte\";s:15:\"total_sum_value\";s:0:\"\";s:15:\"total_count_min\";s:0:\"\";s:15:\"total_count_max\";s:0:\"\";s:14:\"total_count_op\";s:3:\"lte\";s:17:\"total_count_value\";s:0:\"\";s:13:\"total_avg_min\";s:0:\"\";s:13:\"total_avg_max\";s:0:\"\";s:12:\"total_avg_op\";s:3:\"lte\";s:15:\"total_avg_value\";s:0:\"\";s:6:\"gid_op\";s:2:\"in\";s:9:\"gid_value\";a:0:{}s:9:\"group_bys\";a:1:{s:12:\"receive_date\";s:1:\"1\";}s:14:\"group_bys_freq\";a:1:{s:12:\"receive_date\";s:5:\"MONTH\";}s:11:\"description\";s:80:\"Shows contribution statistics by month / week / year .. country / state .. type.\";s:13:\"email_subject\";s:0:\"\";s:8:\"email_to\";s:0:\"\";s:8:\"email_cc\";s:0:\"\";s:10:\"permission\";s:21:\"access CiviContribute\";s:9:\"parent_id\";s:3:\"174\";s:6:\"groups\";s:0:\"\";s:6:\"charts\";s:0:\"\";}',NULL,NULL,NULL,NULL,NULL,NULL,199),(4,1,'Donor Report (Detail)','contribute/detail',NULL,NULL,'Lists detailed contribution(s) for one / all contacts. Contribution summary report points to this report for specific details.','access CiviContribute','a:31:{s:6:\"fields\";a:6:{s:12:\"display_name\";s:1:\"1\";s:5:\"email\";s:1:\"1\";s:5:\"phone\";s:1:\"1\";s:10:\"country_id\";s:1:\"1\";s:12:\"total_amount\";s:1:\"1\";s:12:\"receive_date\";s:1:\"1\";}s:12:\"sort_name_op\";s:3:\"has\";s:15:\"sort_name_value\";s:0:\"\";s:6:\"id_min\";s:0:\"\";s:6:\"id_max\";s:0:\"\";s:5:\"id_op\";s:3:\"lte\";s:8:\"id_value\";s:0:\"\";s:13:\"country_id_op\";s:2:\"in\";s:16:\"country_id_value\";a:0:{}s:20:\"state_province_id_op\";s:2:\"in\";s:23:\"state_province_id_value\";a:0:{}s:21:\"receive_date_relative\";s:1:\"0\";s:17:\"receive_date_from\";s:0:\"\";s:15:\"receive_date_to\";s:0:\"\";s:25:\"contribution_status_id_op\";s:2:\"in\";s:28:\"contribution_status_id_value\";a:1:{i:0;s:1:\"1\";}s:16:\"total_amount_min\";s:0:\"\";s:16:\"total_amount_max\";s:0:\"\";s:15:\"total_amount_op\";s:3:\"lte\";s:18:\"total_amount_value\";s:0:\"\";s:6:\"gid_op\";s:2:\"in\";s:9:\"gid_value\";a:0:{}s:13:\"ordinality_op\";s:2:\"in\";s:16:\"ordinality_value\";a:0:{}s:11:\"description\";s:126:\"Lists detailed contribution(s) for one / all contacts. Contribution summary report points to this report for specific details.\";s:13:\"email_subject\";s:0:\"\";s:8:\"email_to\";s:0:\"\";s:8:\"email_cc\";s:0:\"\";s:10:\"permission\";s:21:\"access CiviContribute\";s:9:\"parent_id\";s:3:\"174\";s:6:\"groups\";s:0:\"\";}',NULL,NULL,NULL,NULL,NULL,NULL,200),(5,1,'Donation Summary Report (Repeat)','contribute/repeat',NULL,NULL,'Given two date ranges, shows contacts (and their contributions) who contributed in both the date ranges with percentage increase / decrease.','access CiviContribute','a:26:{s:6:\"fields\";a:3:{s:12:\"display_name\";s:1:\"1\";s:13:\"total_amount1\";s:1:\"1\";s:13:\"total_amount2\";s:1:\"1\";}s:22:\"receive_date1_relative\";s:13:\"previous.year\";s:18:\"receive_date1_from\";s:0:\"\";s:16:\"receive_date1_to\";s:0:\"\";s:22:\"receive_date2_relative\";s:9:\"this.year\";s:18:\"receive_date2_from\";s:0:\"\";s:16:\"receive_date2_to\";s:0:\"\";s:17:\"total_amount1_min\";s:0:\"\";s:17:\"total_amount1_max\";s:0:\"\";s:16:\"total_amount1_op\";s:3:\"lte\";s:19:\"total_amount1_value\";s:0:\"\";s:17:\"total_amount2_min\";s:0:\"\";s:17:\"total_amount2_max\";s:0:\"\";s:16:\"total_amount2_op\";s:3:\"lte\";s:19:\"total_amount2_value\";s:0:\"\";s:25:\"contribution_status_id_op\";s:2:\"in\";s:28:\"contribution_status_id_value\";a:1:{i:0;s:1:\"1\";}s:6:\"gid_op\";s:2:\"in\";s:9:\"gid_value\";a:0:{}s:9:\"group_bys\";a:1:{s:2:\"id\";s:1:\"1\";}s:11:\"description\";s:140:\"Given two date ranges, shows contacts (and their contributions) who contributed in both the date ranges with percentage increase / decrease.\";s:13:\"email_subject\";s:0:\"\";s:8:\"email_to\";s:0:\"\";s:8:\"email_cc\";s:0:\"\";s:10:\"permission\";s:21:\"access CiviContribute\";s:6:\"groups\";s:0:\"\";}',NULL,NULL,NULL,NULL,NULL,NULL,201),(6,1,'SYBUNT Report','contribute/sybunt',NULL,NULL,'Some year(s) but not this year. Provides a list of constituents who donated at some time in the history of your organization but did not donate during the time period you specify.','access CiviContribute','a:15:{s:6:\"fields\";a:3:{s:12:\"display_name\";s:1:\"1\";s:5:\"email\";s:1:\"1\";s:5:\"phone\";s:1:\"1\";}s:12:\"sort_name_op\";s:3:\"has\";s:15:\"sort_name_value\";s:0:\"\";s:6:\"yid_op\";s:2:\"eq\";s:9:\"yid_value\";s:4:\"2009\";s:25:\"contribution_status_id_op\";s:2:\"in\";s:28:\"contribution_status_id_value\";a:1:{i:0;s:1:\"1\";}s:6:\"gid_op\";s:2:\"in\";s:9:\"gid_value\";a:0:{}s:11:\"description\";s:179:\"Some year(s) but not this year. Provides a list of constituents who donated at some time in the history of your organization but did not donate during the time period you specify.\";s:13:\"email_subject\";s:0:\"\";s:8:\"email_to\";s:0:\"\";s:8:\"email_cc\";s:0:\"\";s:10:\"permission\";s:21:\"access CiviContribute\";s:6:\"charts\";s:0:\"\";}',NULL,NULL,NULL,NULL,NULL,NULL,202),(7,1,'LYBUNT Report','contribute/lybunt',NULL,NULL,'Last year but not this year. Provides a list of constituents who donated last year but did not donate during the time period you specify as the current year.','access CiviContribute','a:16:{s:6:\"fields\";a:3:{s:12:\"display_name\";s:1:\"1\";s:5:\"email\";s:1:\"1\";s:5:\"phone\";s:1:\"1\";}s:12:\"sort_name_op\";s:3:\"has\";s:15:\"sort_name_value\";s:0:\"\";s:6:\"yid_op\";s:2:\"eq\";s:9:\"yid_value\";s:4:\"2009\";s:25:\"contribution_status_id_op\";s:2:\"in\";s:28:\"contribution_status_id_value\";a:1:{i:0;s:1:\"1\";}s:6:\"gid_op\";s:2:\"in\";s:9:\"gid_value\";a:0:{}s:11:\"description\";s:157:\"Last year but not this year. Provides a list of constituents who donated last year but did not donate during the time period you specify as the current year.\";s:13:\"email_subject\";s:0:\"\";s:8:\"email_to\";s:0:\"\";s:8:\"email_cc\";s:0:\"\";s:10:\"permission\";s:21:\"access CiviContribute\";s:6:\"groups\";s:0:\"\";s:6:\"charts\";s:0:\"\";}',NULL,NULL,NULL,NULL,NULL,NULL,203),(8,1,'Soft Credit Report','contribute/softcredit',NULL,NULL,'Soft Credit details.','access CiviContribute','a:21:{s:6:\"fields\";a:5:{s:21:\"display_name_creditor\";s:1:\"1\";s:24:\"display_name_constituent\";s:1:\"1\";s:14:\"email_creditor\";s:1:\"1\";s:14:\"phone_creditor\";s:1:\"1\";s:12:\"total_amount\";s:1:\"1\";}s:5:\"id_op\";s:2:\"in\";s:8:\"id_value\";a:0:{}s:21:\"receive_date_relative\";s:1:\"0\";s:17:\"receive_date_from\";s:0:\"\";s:15:\"receive_date_to\";s:0:\"\";s:25:\"contribution_status_id_op\";s:2:\"in\";s:28:\"contribution_status_id_value\";a:1:{i:0;s:1:\"1\";}s:16:\"total_amount_min\";s:0:\"\";s:16:\"total_amount_max\";s:0:\"\";s:15:\"total_amount_op\";s:3:\"lte\";s:18:\"total_amount_value\";s:0:\"\";s:6:\"gid_op\";s:2:\"in\";s:9:\"gid_value\";a:0:{}s:11:\"description\";s:20:\"Soft Credit details.\";s:13:\"email_subject\";s:0:\"\";s:8:\"email_to\";s:0:\"\";s:8:\"email_cc\";s:0:\"\";s:10:\"permission\";s:21:\"access CiviContribute\";s:9:\"parent_id\";s:3:\"174\";s:6:\"groups\";s:0:\"\";}',NULL,NULL,NULL,NULL,NULL,NULL,204),(9,1,'Membership Report (Summary)','member/summary',NULL,NULL,'Provides a summary of memberships by type and join date.','access CiviMember','a:18:{s:6:\"fields\";a:2:{s:18:\"membership_type_id\";s:1:\"1\";s:12:\"total_amount\";s:1:\"1\";}s:18:\"join_date_relative\";s:1:\"0\";s:14:\"join_date_from\";s:0:\"\";s:12:\"join_date_to\";s:0:\"\";s:21:\"membership_type_id_op\";s:2:\"in\";s:24:\"membership_type_id_value\";a:0:{}s:12:\"status_id_op\";s:2:\"in\";s:15:\"status_id_value\";a:0:{}s:25:\"contribution_status_id_op\";s:2:\"in\";s:28:\"contribution_status_id_value\";a:0:{}s:9:\"group_bys\";a:2:{s:9:\"join_date\";s:1:\"1\";s:18:\"membership_type_id\";s:1:\"1\";}s:14:\"group_bys_freq\";a:1:{s:9:\"join_date\";s:5:\"MONTH\";}s:11:\"description\";s:56:\"Provides a summary of memberships by type and join date.\";s:13:\"email_subject\";s:0:\"\";s:8:\"email_to\";s:0:\"\";s:8:\"email_cc\";s:0:\"\";s:10:\"permission\";s:17:\"access CiviMember\";s:9:\"domain_id\";i:1;}',NULL,NULL,NULL,NULL,NULL,NULL,205),(10,1,'Membership Report (Detail)','member/detail',NULL,NULL,'Provides a list of members along with their membership status and membership details (Join Date, Start Date, End Date).','access CiviMember','a:27:{s:6:\"fields\";a:5:{s:12:\"display_name\";s:1:\"1\";s:18:\"membership_type_id\";s:1:\"1\";s:21:\"membership_start_date\";s:1:\"1\";s:19:\"membership_end_date\";s:1:\"1\";s:4:\"name\";s:1:\"1\";}s:12:\"sort_name_op\";s:3:\"has\";s:15:\"sort_name_value\";s:0:\"\";s:6:\"id_min\";s:0:\"\";s:6:\"id_max\";s:0:\"\";s:5:\"id_op\";s:3:\"lte\";s:8:\"id_value\";s:0:\"\";s:18:\"join_date_relative\";s:1:\"0\";s:14:\"join_date_from\";s:0:\"\";s:12:\"join_date_to\";s:0:\"\";s:23:\"owner_membership_id_min\";s:0:\"\";s:23:\"owner_membership_id_max\";s:0:\"\";s:22:\"owner_membership_id_op\";s:3:\"lte\";s:25:\"owner_membership_id_value\";s:0:\"\";s:6:\"tid_op\";s:2:\"in\";s:9:\"tid_value\";a:0:{}s:6:\"sid_op\";s:2:\"in\";s:9:\"sid_value\";a:0:{}s:6:\"gid_op\";s:2:\"in\";s:9:\"gid_value\";a:0:{}s:11:\"description\";s:119:\"Provides a list of members along with their membership status and membership details (Join Date, Start Date, End Date).\";s:13:\"email_subject\";s:0:\"\";s:8:\"email_to\";s:0:\"\";s:8:\"email_cc\";s:0:\"\";s:10:\"permission\";s:17:\"access CiviMember\";s:9:\"parent_id\";s:3:\"174\";s:6:\"groups\";s:0:\"\";}',NULL,NULL,NULL,NULL,NULL,NULL,206),(11,1,'Membership Report (Lapsed)','member/lapse',NULL,NULL,'Provides a list of memberships that lapsed or will lapse before the date you specify.','access CiviMember','a:15:{s:6:\"fields\";a:5:{s:12:\"display_name\";s:1:\"1\";s:18:\"membership_type_id\";s:1:\"1\";s:19:\"membership_end_date\";s:1:\"1\";s:4:\"name\";s:1:\"1\";s:10:\"country_id\";s:1:\"1\";}s:6:\"tid_op\";s:2:\"in\";s:9:\"tid_value\";a:0:{}s:28:\"membership_end_date_relative\";s:1:\"0\";s:24:\"membership_end_date_from\";s:0:\"\";s:22:\"membership_end_date_to\";s:0:\"\";s:6:\"gid_op\";s:2:\"in\";s:9:\"gid_value\";a:0:{}s:11:\"description\";s:85:\"Provides a list of memberships that lapsed or will lapse before the date you specify.\";s:13:\"email_subject\";s:0:\"\";s:8:\"email_to\";s:0:\"\";s:8:\"email_cc\";s:0:\"\";s:10:\"permission\";s:17:\"access CiviMember\";s:9:\"parent_id\";s:3:\"174\";s:6:\"groups\";s:0:\"\";}',NULL,NULL,NULL,NULL,NULL,NULL,207),(12,1,'Event Participant Report (List)','event/participantListing',NULL,NULL,'Provides lists of participants for an event.','access CiviEvent','a:25:{s:6:\"fields\";a:4:{s:12:\"display_name\";s:1:\"1\";s:8:\"event_id\";s:1:\"1\";s:9:\"status_id\";s:1:\"1\";s:7:\"role_id\";s:1:\"1\";}s:12:\"sort_name_op\";s:3:\"has\";s:15:\"sort_name_value\";s:0:\"\";s:8:\"email_op\";s:3:\"has\";s:11:\"email_value\";s:0:\"\";s:11:\"event_id_op\";s:2:\"in\";s:14:\"event_id_value\";a:0:{}s:6:\"sid_op\";s:2:\"in\";s:9:\"sid_value\";a:0:{}s:6:\"rid_op\";s:2:\"in\";s:9:\"rid_value\";a:0:{}s:34:\"participant_register_date_relative\";s:1:\"0\";s:30:\"participant_register_date_from\";s:1:\" \";s:28:\"participant_register_date_to\";s:1:\" \";s:6:\"eid_op\";s:2:\"in\";s:9:\"eid_value\";a:0:{}s:16:\"blank_column_end\";s:0:\"\";s:11:\"description\";s:44:\"Provides lists of participants for an event.\";s:13:\"email_subject\";s:0:\"\";s:8:\"email_to\";s:0:\"\";s:8:\"email_cc\";s:0:\"\";s:10:\"permission\";s:16:\"access CiviEvent\";s:9:\"parent_id\";s:0:\"\";s:6:\"groups\";s:0:\"\";s:7:\"options\";N;}',NULL,NULL,NULL,NULL,NULL,NULL,208),(13,1,'Event Income Report (Summary)','event/summary',NULL,NULL,'Provides an overview of event income. You can include key information such as event ID, registration, attendance, and income generated to help you determine the success of an event.','access CiviEvent','a:18:{s:6:\"fields\";a:2:{s:5:\"title\";s:1:\"1\";s:13:\"event_type_id\";s:1:\"1\";}s:5:\"id_op\";s:2:\"in\";s:8:\"id_value\";a:0:{}s:16:\"event_type_id_op\";s:2:\"in\";s:19:\"event_type_id_value\";a:0:{}s:25:\"event_start_date_relative\";s:1:\"0\";s:21:\"event_start_date_from\";s:1:\" \";s:19:\"event_start_date_to\";s:1:\" \";s:23:\"event_end_date_relative\";s:1:\"0\";s:19:\"event_end_date_from\";s:1:\" \";s:17:\"event_end_date_to\";s:0:\"\";s:11:\"description\";s:181:\"Provides an overview of event income. You can include key information such as event ID, registration, attendance, and income generated to help you determine the success of an event.\";s:13:\"email_subject\";s:0:\"\";s:8:\"email_to\";s:0:\"\";s:8:\"email_cc\";s:0:\"\";s:10:\"permission\";s:16:\"access CiviEvent\";s:9:\"parent_id\";s:3:\"174\";s:6:\"charts\";s:0:\"\";}',NULL,NULL,NULL,NULL,NULL,NULL,209),(14,1,'Event Income Report (Detail)','event/income',NULL,NULL,'Helps you to analyze the income generated by an event. The report can include details by participant type, status and payment method.','access CiviEvent','a:7:{s:5:\"id_op\";s:2:\"in\";s:8:\"id_value\";N;s:11:\"description\";s:133:\"Helps you to analyze the income generated by an event. The report can include details by participant type, status and payment method.\";s:13:\"email_subject\";s:0:\"\";s:8:\"email_to\";s:0:\"\";s:8:\"email_cc\";s:0:\"\";s:10:\"permission\";s:16:\"access CiviEvent\";}',NULL,NULL,NULL,NULL,NULL,NULL,210),(15,1,'Attendee List','event/participantListing',NULL,NULL,'Provides lists of event attendees.','access CiviEvent','a:25:{s:6:\"fields\";a:4:{s:12:\"display_name\";s:1:\"1\";s:14:\"participant_id\";s:1:\"1\";s:9:\"status_id\";s:1:\"1\";s:7:\"role_id\";s:1:\"1\";}s:12:\"sort_name_op\";s:3:\"has\";s:15:\"sort_name_value\";s:0:\"\";s:8:\"email_op\";s:3:\"has\";s:11:\"email_value\";s:0:\"\";s:11:\"event_id_op\";s:2:\"in\";s:14:\"event_id_value\";a:1:{i:0;s:1:\"1\";}s:6:\"sid_op\";s:2:\"in\";s:9:\"sid_value\";a:0:{}s:6:\"rid_op\";s:2:\"in\";s:9:\"rid_value\";a:0:{}s:34:\"participant_register_date_relative\";s:1:\"0\";s:30:\"participant_register_date_from\";s:0:\"\";s:28:\"participant_register_date_to\";s:0:\"\";s:6:\"eid_op\";s:2:\"in\";s:9:\"eid_value\";a:0:{}s:16:\"blank_column_end\";s:1:\"1\";s:11:\"description\";s:34:\"Provides lists of event attendees.\";s:13:\"email_subject\";s:0:\"\";s:8:\"email_to\";s:0:\"\";s:8:\"email_cc\";s:0:\"\";s:10:\"permission\";s:16:\"access CiviEvent\";s:9:\"parent_id\";s:3:\"174\";s:6:\"groups\";s:0:\"\";s:7:\"options\";N;}',NULL,NULL,NULL,NULL,NULL,NULL,211),(16,1,'Activity Report ','activity',NULL,NULL,'Provides a list of constituent activity including activity statistics for one/all contacts during a given date range(required)','administer CiviCRM','a:23:{s:6:\"fields\";a:7:{s:14:\"contact_source\";s:1:\"1\";s:16:\"contact_assignee\";s:1:\"1\";s:14:\"contact_target\";s:1:\"1\";s:16:\"activity_type_id\";s:1:\"1\";s:7:\"subject\";s:1:\"1\";s:18:\"activity_date_time\";s:1:\"1\";s:9:\"status_id\";s:1:\"1\";}s:17:\"contact_source_op\";s:3:\"has\";s:20:\"contact_source_value\";s:0:\"\";s:19:\"contact_assignee_op\";s:3:\"has\";s:22:\"contact_assignee_value\";s:0:\"\";s:17:\"contact_target_op\";s:3:\"has\";s:20:\"contact_target_value\";s:0:\"\";s:27:\"activity_date_time_relative\";s:10:\"this.month\";s:23:\"activity_date_time_from\";s:0:\"\";s:21:\"activity_date_time_to\";s:0:\"\";s:10:\"subject_op\";s:3:\"has\";s:13:\"subject_value\";s:0:\"\";s:19:\"activity_type_id_op\";s:2:\"in\";s:22:\"activity_type_id_value\";a:0:{}s:12:\"status_id_op\";s:2:\"in\";s:15:\"status_id_value\";a:0:{}s:9:\"group_bys\";a:1:{s:17:\"source_contact_id\";s:1:\"1\";}s:11:\"description\";s:126:\"Provides a list of constituent activity including activity statistics for one/all contacts during a given date range(required)\";s:13:\"email_subject\";s:0:\"\";s:8:\"email_to\";s:0:\"\";s:8:\"email_cc\";s:0:\"\";s:10:\"permission\";s:18:\"administer CiviCRM\";s:6:\"groups\";s:0:\"\";}',NULL,NULL,NULL,NULL,NULL,NULL,212),(17,1,'Relationship Report','contact/relationship',NULL,NULL,'Gives relationship details between two contacts','administer CiviCRM','a:23:{s:6:\"fields\";a:4:{s:14:\"display_name_a\";s:1:\"1\";s:14:\"display_name_b\";s:1:\"1\";s:9:\"label_a_b\";s:1:\"1\";s:9:\"label_b_a\";s:1:\"1\";}s:12:\"sort_name_op\";s:3:\"has\";s:15:\"sort_name_value\";s:0:\"\";s:17:\"contact_type_a_op\";s:2:\"in\";s:20:\"contact_type_a_value\";a:0:{}s:17:\"contact_type_b_op\";s:2:\"in\";s:20:\"contact_type_b_value\";a:0:{}s:12:\"is_active_op\";s:2:\"eq\";s:15:\"is_active_value\";s:0:\"\";s:23:\"relationship_type_id_op\";s:2:\"eq\";s:26:\"relationship_type_id_value\";s:0:\"\";s:13:\"country_id_op\";s:2:\"in\";s:16:\"country_id_value\";a:0:{}s:20:\"state_province_id_op\";s:2:\"in\";s:23:\"state_province_id_value\";a:0:{}s:6:\"gid_op\";s:2:\"in\";s:9:\"gid_value\";a:0:{}s:11:\"description\";s:47:\"Gives relationship details between two contacts\";s:13:\"email_subject\";s:0:\"\";s:8:\"email_to\";s:0:\"\";s:8:\"email_cc\";s:0:\"\";s:10:\"permission\";s:18:\"administer CiviCRM\";s:6:\"groups\";s:0:\"\";}',NULL,NULL,NULL,NULL,NULL,NULL,213),(18,1,'Donation Summary Report (Organization)','contribute/organizationSummary',NULL,NULL,'Displays a detailed contribution report for Organization relationships with contributors, as to if contribution done was  from an employee of some organization or from that Organization itself.','access CiviContribute','a:21:{s:6:\"fields\";a:5:{s:17:\"organization_name\";s:1:\"1\";s:12:\"display_name\";s:1:\"1\";s:12:\"total_amount\";s:1:\"1\";s:22:\"contribution_status_id\";s:1:\"1\";s:12:\"receive_date\";s:1:\"1\";}s:20:\"organization_name_op\";s:3:\"has\";s:23:\"organization_name_value\";s:0:\"\";s:23:\"relationship_type_id_op\";s:2:\"eq\";s:26:\"relationship_type_id_value\";s:5:\"4_b_a\";s:21:\"receive_date_relative\";s:1:\"0\";s:17:\"receive_date_from\";s:1:\" \";s:15:\"receive_date_to\";s:1:\" \";s:16:\"total_amount_min\";s:0:\"\";s:16:\"total_amount_max\";s:0:\"\";s:15:\"total_amount_op\";s:3:\"lte\";s:18:\"total_amount_value\";s:0:\"\";s:25:\"contribution_status_id_op\";s:2:\"in\";s:28:\"contribution_status_id_value\";a:1:{i:0;s:1:\"1\";}s:11:\"description\";s:193:\"Displays a detailed contribution report for Organization relationships with contributors, as to if contribution done was  from an employee of some organization or from that Organization itself.\";s:13:\"email_subject\";s:0:\"\";s:8:\"email_to\";s:0:\"\";s:8:\"email_cc\";s:0:\"\";s:10:\"permission\";s:21:\"access CiviContribute\";s:9:\"parent_id\";s:0:\"\";s:6:\"groups\";s:0:\"\";}',NULL,NULL,NULL,NULL,NULL,NULL,214),(19,1,'Donation Summary Report (Household)','contribute/householdSummary',NULL,NULL,'Provides a detailed report for Contributions made by contributors(Or Household itself) who are having a relationship with household (For ex a Contributor is Head of Household for some household or is a member of.)','access CiviContribute','a:21:{s:6:\"fields\";a:5:{s:14:\"household_name\";s:1:\"1\";s:12:\"display_name\";s:1:\"1\";s:12:\"total_amount\";s:1:\"1\";s:22:\"contribution_status_id\";s:1:\"1\";s:12:\"receive_date\";s:1:\"1\";}s:17:\"household_name_op\";s:3:\"has\";s:20:\"household_name_value\";s:0:\"\";s:23:\"relationship_type_id_op\";s:2:\"eq\";s:26:\"relationship_type_id_value\";s:5:\"6_b_a\";s:21:\"receive_date_relative\";s:1:\"0\";s:17:\"receive_date_from\";s:1:\" \";s:15:\"receive_date_to\";s:1:\" \";s:16:\"total_amount_min\";s:0:\"\";s:16:\"total_amount_max\";s:0:\"\";s:15:\"total_amount_op\";s:3:\"lte\";s:18:\"total_amount_value\";s:0:\"\";s:25:\"contribution_status_id_op\";s:2:\"in\";s:28:\"contribution_status_id_value\";a:1:{i:0;s:1:\"1\";}s:11:\"description\";s:213:\"Provides a detailed report for Contributions made by contributors(Or Household itself) who are having a relationship with household (For ex a Contributor is Head of Household for some household or is a member of.)\";s:13:\"email_subject\";s:0:\"\";s:8:\"email_to\";s:0:\"\";s:8:\"email_cc\";s:0:\"\";s:10:\"permission\";s:21:\"access CiviContribute\";s:9:\"parent_id\";s:0:\"\";s:6:\"groups\";s:0:\"\";}',NULL,NULL,NULL,NULL,NULL,NULL,215),(20,1,'Top Donors Report','contribute/topDonor',NULL,NULL,'Provides a list of the top donors during a time period you define. You can include as many donors as you want (for example, top 100 of your donors).','access CiviContribute','a:20:{s:6:\"fields\";a:2:{s:12:\"display_name\";s:1:\"1\";s:12:\"total_amount\";s:1:\"1\";}s:21:\"receive_date_relative\";s:9:\"this.year\";s:17:\"receive_date_from\";s:0:\"\";s:15:\"receive_date_to\";s:0:\"\";s:15:\"total_range_min\";s:0:\"\";s:15:\"total_range_max\";s:0:\"\";s:14:\"total_range_op\";s:2:\"eq\";s:17:\"total_range_value\";s:0:\"\";s:23:\"contribution_type_id_op\";s:2:\"in\";s:26:\"contribution_type_id_value\";a:0:{}s:25:\"contribution_status_id_op\";s:2:\"in\";s:28:\"contribution_status_id_value\";a:1:{i:0;s:1:\"1\";}s:6:\"gid_op\";s:2:\"in\";s:9:\"gid_value\";a:0:{}s:11:\"description\";s:148:\"Provides a list of the top donors during a time period you define. You can include as many donors as you want (for example, top 100 of your donors).\";s:13:\"email_subject\";s:0:\"\";s:8:\"email_to\";s:0:\"\";s:8:\"email_cc\";s:0:\"\";s:10:\"permission\";s:21:\"access CiviContribute\";s:6:\"groups\";s:0:\"\";}',NULL,NULL,NULL,NULL,NULL,NULL,216),(21,1,'Pledge Summary Report','pledge/summary',NULL,NULL,'Updates you with your Pledge Summary (if any) such as your pledge status, next payment date, amount, payment due, total amount paid etc.','access CiviPledge','a:25:{s:6:\"fields\";a:4:{s:12:\"display_name\";s:1:\"1\";s:10:\"country_id\";s:1:\"1\";s:6:\"amount\";s:1:\"1\";s:9:\"status_id\";s:1:\"1\";}s:12:\"sort_name_op\";s:3:\"has\";s:15:\"sort_name_value\";s:0:\"\";s:6:\"id_min\";s:0:\"\";s:6:\"id_max\";s:0:\"\";s:5:\"id_op\";s:3:\"lte\";s:8:\"id_value\";s:0:\"\";s:27:\"pledge_create_date_relative\";s:1:\"0\";s:23:\"pledge_create_date_from\";s:0:\"\";s:21:\"pledge_create_date_to\";s:0:\"\";s:17:\"pledge_amount_min\";s:0:\"\";s:17:\"pledge_amount_max\";s:0:\"\";s:16:\"pledge_amount_op\";s:3:\"lte\";s:19:\"pledge_amount_value\";s:0:\"\";s:6:\"sid_op\";s:2:\"in\";s:9:\"sid_value\";a:0:{}s:6:\"gid_op\";s:2:\"in\";s:9:\"gid_value\";a:0:{}s:11:\"description\";s:136:\"Updates you with your Pledge Summary (if any) such as your pledge status, next payment date, amount, payment due, total amount paid etc.\";s:13:\"email_subject\";s:0:\"\";s:8:\"email_to\";s:0:\"\";s:8:\"email_cc\";s:0:\"\";s:10:\"permission\";s:17:\"access CiviPledge\";s:9:\"parent_id\";s:3:\"174\";s:6:\"groups\";s:0:\"\";}',NULL,NULL,NULL,NULL,NULL,NULL,217),(22,1,'Pledged But not Paid Report','pledge/pbnp',NULL,NULL,'Pledged but not Paid Report','access CiviPledge','a:15:{s:6:\"fields\";a:6:{s:12:\"display_name\";s:1:\"1\";s:18:\"pledge_create_date\";s:1:\"1\";s:6:\"amount\";s:1:\"1\";s:14:\"scheduled_date\";s:1:\"1\";s:10:\"country_id\";s:1:\"1\";s:5:\"email\";s:1:\"1\";}s:27:\"pledge_create_date_relative\";s:1:\"0\";s:23:\"pledge_create_date_from\";s:0:\"\";s:21:\"pledge_create_date_to\";s:0:\"\";s:23:\"contribution_type_id_op\";s:2:\"in\";s:26:\"contribution_type_id_value\";a:0:{}s:6:\"gid_op\";s:2:\"in\";s:9:\"gid_value\";a:0:{}s:11:\"description\";s:27:\"Pledged but not Paid Report\";s:13:\"email_subject\";s:0:\"\";s:8:\"email_to\";s:0:\"\";s:8:\"email_cc\";s:0:\"\";s:10:\"permission\";s:17:\"access CiviPledge\";s:9:\"parent_id\";s:3:\"174\";s:6:\"groups\";s:0:\"\";}',NULL,NULL,NULL,NULL,NULL,NULL,218),(23,1,'Bookkeeping Transactions Report','contribute/bookkeeping',NULL,NULL,'Shows Bookkeeping Transactions Report','access CiviContribute','a:26:{s:6:\"fields\";a:10:{s:12:\"display_name\";s:1:\"1\";s:12:\"receive_date\";s:1:\"1\";s:12:\"total_amount\";s:1:\"1\";s:20:\"contribution_type_id\";s:1:\"1\";s:7:\"trxn_id\";s:1:\"1\";s:10:\"invoice_id\";s:1:\"1\";s:12:\"check_number\";s:1:\"1\";s:21:\"payment_instrument_id\";s:1:\"1\";s:22:\"contribution_status_id\";s:1:\"1\";s:2:\"id\";s:1:\"1\";}s:12:\"sort_name_op\";s:3:\"has\";s:15:\"sort_name_value\";s:0:\"\";s:6:\"id_min\";s:0:\"\";s:6:\"id_max\";s:0:\"\";s:5:\"id_op\";s:3:\"lte\";s:8:\"id_value\";s:0:\"\";s:21:\"receive_date_relative\";s:1:\"0\";s:17:\"receive_date_from\";s:0:\"\";s:15:\"receive_date_to\";s:0:\"\";s:23:\"contribution_type_id_op\";s:2:\"in\";s:26:\"contribution_type_id_value\";a:0:{}s:25:\"contribution_status_id_op\";s:2:\"in\";s:28:\"contribution_status_id_value\";a:1:{i:0;s:1:\"1\";}s:16:\"total_amount_min\";s:0:\"\";s:16:\"total_amount_max\";s:0:\"\";s:15:\"total_amount_op\";s:3:\"lte\";s:18:\"total_amount_value\";s:0:\"\";s:11:\"description\";s:37:\"Shows Bookkeeping Transactions Report\";s:13:\"email_subject\";s:0:\"\";s:8:\"email_to\";s:0:\"\";s:8:\"email_cc\";s:0:\"\";s:10:\"permission\";s:1:\"0\";s:9:\"parent_id\";s:0:\"\";s:6:\"groups\";s:0:\"\";s:9:\"domain_id\";i:1;} ',NULL,NULL,NULL,NULL,NULL,NULL,219),(24,1,'Grant Report (Detail)','grant/detail',NULL,NULL,'Grant Report Detail','access CiviGrant','a:37:{s:6:\"fields\";a:2:{s:12:\"display_name\";s:1:\"1\";s:25:\"application_received_date\";s:1:\"1\";}s:15:\"display_name_op\";s:3:\"has\";s:18:\"display_name_value\";s:0:\"\";s:12:\"gender_id_op\";s:2:\"in\";s:15:\"gender_id_value\";a:0:{}s:13:\"country_id_op\";s:2:\"in\";s:16:\"country_id_value\";a:0:{}s:20:\"state_province_id_op\";s:2:\"in\";s:23:\"state_province_id_value\";a:0:{}s:13:\"grant_type_op\";s:2:\"in\";s:16:\"grant_type_value\";a:0:{}s:12:\"status_id_op\";s:2:\"in\";s:15:\"status_id_value\";a:0:{}s:18:\"amount_granted_min\";s:0:\"\";s:18:\"amount_granted_max\";s:0:\"\";s:17:\"amount_granted_op\";s:3:\"lte\";s:20:\"amount_granted_value\";s:0:\"\";s:20:\"amount_requested_min\";s:0:\"\";s:20:\"amount_requested_max\";s:0:\"\";s:19:\"amount_requested_op\";s:3:\"lte\";s:22:\"amount_requested_value\";s:0:\"\";s:34:\"application_received_date_relative\";s:1:\"0\";s:30:\"application_received_date_from\";s:0:\"\";s:28:\"application_received_date_to\";s:0:\"\";s:28:\"money_transfer_date_relative\";s:1:\"0\";s:24:\"money_transfer_date_from\";s:0:\"\";s:22:\"money_transfer_date_to\";s:0:\"\";s:23:\"grant_due_date_relative\";s:1:\"0\";s:19:\"grant_due_date_from\";s:0:\"\";s:17:\"grant_due_date_to\";s:0:\"\";s:11:\"description\";s:19:\"Grant Report Detail\";s:13:\"email_subject\";s:0:\"\";s:8:\"email_to\";s:0:\"\";s:8:\"email_cc\";s:0:\"\";s:10:\"permission\";s:16:\"access CiviGrant\";s:6:\"groups\";s:0:\"\";s:9:\"domain_id\";i:1;}',NULL,NULL,NULL,NULL,NULL,NULL,220),(25,1,'Mail Bounce Report','Mailing/bounce',NULL,NULL,'Bounce Report for mailings','access CiviMail','a:39:{s:6:\"fields\";a:5:{s:2:\"id\";s:1:\"1\";s:10:\"first_name\";s:1:\"1\";s:9:\"last_name\";s:1:\"1\";s:11:\"bounce_name\";s:1:\"1\";s:5:\"email\";s:1:\"1\";}s:12:\"sort_name_op\";s:3:\"has\";s:15:\"sort_name_value\";s:0:\"\";s:9:\"source_op\";s:3:\"has\";s:12:\"source_value\";s:0:\"\";s:6:\"id_min\";s:0:\"\";s:6:\"id_max\";s:0:\"\";s:5:\"id_op\";s:3:\"lte\";s:8:\"id_value\";s:0:\"\";s:15:\"mailing_name_op\";s:2:\"in\";s:18:\"mailing_name_value\";a:0:{}s:19:\"bounce_type_name_op\";s:2:\"eq\";s:22:\"bounce_type_name_value\";s:0:\"\";s:6:\"gid_op\";s:2:\"in\";s:9:\"gid_value\";a:0:{}s:8:\"tagid_op\";s:2:\"in\";s:11:\"tagid_value\";a:0:{}s:11:\"custom_1_op\";s:2:\"in\";s:14:\"custom_1_value\";a:0:{}s:11:\"custom_2_op\";s:2:\"in\";s:14:\"custom_2_value\";a:0:{}s:17:\"custom_3_relative\";s:1:\"0\";s:13:\"custom_3_from\";s:0:\"\";s:11:\"custom_3_to\";s:0:\"\";s:17:\"custom_9_relative\";s:1:\"0\";s:13:\"custom_9_from\";s:0:\"\";s:11:\"custom_9_to\";s:0:\"\";s:12:\"custom_10_op\";s:2:\"in\";s:15:\"custom_10_value\";a:0:{}s:12:\"custom_11_op\";s:3:\"has\";s:15:\"custom_11_value\";s:0:\"\";s:11:\"description\";s:26:\"Bounce Report for mailings\";s:13:\"email_subject\";s:0:\"\";s:8:\"email_to\";s:0:\"\";s:8:\"email_cc\";s:0:\"\";s:10:\"permission\";s:15:\"access CiviMail\";s:6:\"groups\";s:0:\"\";s:6:\"charts\";s:0:\"\";s:9:\"domain_id\";i:1;}',NULL,NULL,NULL,NULL,NULL,NULL,221),(26,1,'Mail Summary Report','Mailing/summary',NULL,NULL,'Summary statistics for mailings','access CiviMail','a:25:{s:6:\"fields\";a:5:{s:4:\"name\";s:1:\"1\";s:11:\"queue_count\";s:1:\"1\";s:15:\"delivered_count\";s:1:\"1\";s:12:\"bounce_count\";s:1:\"1\";s:10:\"open_count\";s:1:\"1\";}s:15:\"is_completed_op\";s:2:\"eq\";s:18:\"is_completed_value\";s:1:\"1\";s:15:\"mailing_name_op\";s:2:\"in\";s:18:\"mailing_name_value\";a:0:{}s:9:\"status_op\";s:3:\"has\";s:12:\"status_value\";s:8:\"Complete\";s:11:\"is_test_min\";s:0:\"\";s:11:\"is_test_max\";s:0:\"\";s:10:\"is_test_op\";s:3:\"lte\";s:13:\"is_test_value\";s:1:\"0\";s:19:\"start_date_relative\";s:9:\"this.year\";s:15:\"start_date_from\";s:0:\"\";s:13:\"start_date_to\";s:0:\"\";s:17:\"end_date_relative\";s:9:\"this.year\";s:13:\"end_date_from\";s:0:\"\";s:11:\"end_date_to\";s:0:\"\";s:11:\"description\";s:31:\"Summary statistics for mailings\";s:13:\"email_subject\";s:0:\"\";s:8:\"email_to\";s:0:\"\";s:8:\"email_cc\";s:0:\"\";s:10:\"permission\";s:15:\"access CiviMail\";s:6:\"groups\";s:0:\"\";s:6:\"charts\";s:0:\"\";s:9:\"domain_id\";i:1;}',NULL,NULL,NULL,NULL,NULL,NULL,222),(27,1,'Mail Opened Report','Mailing/opened',NULL,NULL,'Display contacts who opened emails from a mailing','access CiviMail','a:37:{s:6:\"fields\";a:4:{s:2:\"id\";s:1:\"1\";s:10:\"first_name\";s:1:\"1\";s:9:\"last_name\";s:1:\"1\";s:5:\"email\";s:1:\"1\";}s:12:\"sort_name_op\";s:3:\"has\";s:15:\"sort_name_value\";s:0:\"\";s:9:\"source_op\";s:3:\"has\";s:12:\"source_value\";s:0:\"\";s:6:\"id_min\";s:0:\"\";s:6:\"id_max\";s:0:\"\";s:5:\"id_op\";s:3:\"lte\";s:8:\"id_value\";s:0:\"\";s:15:\"mailing_name_op\";s:2:\"in\";s:18:\"mailing_name_value\";a:0:{}s:6:\"gid_op\";s:2:\"in\";s:9:\"gid_value\";a:0:{}s:8:\"tagid_op\";s:2:\"in\";s:11:\"tagid_value\";a:0:{}s:11:\"custom_1_op\";s:2:\"in\";s:14:\"custom_1_value\";a:0:{}s:11:\"custom_2_op\";s:2:\"in\";s:14:\"custom_2_value\";a:0:{}s:17:\"custom_3_relative\";s:1:\"0\";s:13:\"custom_3_from\";s:0:\"\";s:11:\"custom_3_to\";s:0:\"\";s:17:\"custom_9_relative\";s:1:\"0\";s:13:\"custom_9_from\";s:0:\"\";s:11:\"custom_9_to\";s:0:\"\";s:12:\"custom_10_op\";s:2:\"in\";s:15:\"custom_10_value\";a:0:{}s:12:\"custom_11_op\";s:3:\"has\";s:15:\"custom_11_value\";s:0:\"\";s:11:\"description\";s:49:\"Display contacts who opened emails from a mailing\";s:13:\"email_subject\";s:0:\"\";s:8:\"email_to\";s:0:\"\";s:8:\"email_cc\";s:0:\"\";s:10:\"permission\";s:15:\"access CiviMail\";s:6:\"groups\";s:0:\"\";s:6:\"charts\";s:0:\"\";s:9:\"domain_id\";i:1;}',NULL,NULL,NULL,NULL,NULL,NULL,223),(28,1,'Mail Clickthrough Report','Mailing/clicks',NULL,NULL,'Display clicks from each mailing','access CiviMail','a:37:{s:6:\"fields\";a:5:{s:2:\"id\";s:1:\"1\";s:10:\"first_name\";s:1:\"1\";s:9:\"last_name\";s:1:\"1\";s:5:\"email\";s:1:\"1\";s:3:\"url\";s:1:\"1\";}s:12:\"sort_name_op\";s:3:\"has\";s:15:\"sort_name_value\";s:0:\"\";s:9:\"source_op\";s:3:\"has\";s:12:\"source_value\";s:0:\"\";s:6:\"id_min\";s:0:\"\";s:6:\"id_max\";s:0:\"\";s:5:\"id_op\";s:3:\"lte\";s:8:\"id_value\";s:0:\"\";s:15:\"mailing_name_op\";s:2:\"in\";s:18:\"mailing_name_value\";a:0:{}s:6:\"gid_op\";s:2:\"in\";s:9:\"gid_value\";a:0:{}s:8:\"tagid_op\";s:2:\"in\";s:11:\"tagid_value\";a:0:{}s:11:\"custom_1_op\";s:2:\"in\";s:14:\"custom_1_value\";a:0:{}s:11:\"custom_2_op\";s:2:\"in\";s:14:\"custom_2_value\";a:0:{}s:17:\"custom_3_relative\";s:1:\"0\";s:13:\"custom_3_from\";s:0:\"\";s:11:\"custom_3_to\";s:0:\"\";s:17:\"custom_9_relative\";s:1:\"0\";s:13:\"custom_9_from\";s:0:\"\";s:11:\"custom_9_to\";s:0:\"\";s:12:\"custom_10_op\";s:2:\"in\";s:15:\"custom_10_value\";a:0:{}s:12:\"custom_11_op\";s:3:\"has\";s:15:\"custom_11_value\";s:0:\"\";s:11:\"description\";s:32:\"Display clicks from each mailing\";s:13:\"email_subject\";s:0:\"\";s:8:\"email_to\";s:0:\"\";s:8:\"email_cc\";s:0:\"\";s:10:\"permission\";s:15:\"access CiviMail\";s:6:\"groups\";s:0:\"\";s:6:\"charts\";s:0:\"\";s:9:\"domain_id\";i:1;}',NULL,NULL,NULL,NULL,NULL,NULL,224),(29,1,'Grant Report (Statistics)','grant/statistics',NULL,NULL,'Shows statistics for Grants','access CiviGrant','a:45:{s:6:\"fields\";a:3:{s:18:\"summary_statistics\";s:1:\"1\";s:9:\"gender_id\";s:1:\"1\";s:12:\"contact_type\";s:1:\"1\";}s:34:\"application_received_date_relative\";s:1:\"0\";s:30:\"application_received_date_from\";s:0:\"\";s:28:\"application_received_date_to\";s:0:\"\";s:22:\"decision_date_relative\";s:1:\"0\";s:18:\"decision_date_from\";s:0:\"\";s:16:\"decision_date_to\";s:0:\"\";s:28:\"money_transfer_date_relative\";s:1:\"0\";s:24:\"money_transfer_date_from\";s:0:\"\";s:22:\"money_transfer_date_to\";s:0:\"\";s:23:\"grant_due_date_relative\";s:1:\"0\";s:19:\"grant_due_date_from\";s:0:\"\";s:17:\"grant_due_date_to\";s:0:\"\";s:13:\"grant_type_op\";s:2:\"in\";s:16:\"grant_type_value\";a:1:{i:0;s:1:\"1\";}s:12:\"status_id_op\";s:2:\"in\";s:15:\"status_id_value\";a:0:{}s:20:\"amount_requested_min\";s:0:\"\";s:20:\"amount_requested_max\";s:0:\"\";s:19:\"amount_requested_op\";s:3:\"lte\";s:22:\"amount_requested_value\";s:0:\"\";s:18:\"amount_granted_min\";s:0:\"\";s:18:\"amount_granted_max\";s:0:\"\";s:17:\"amount_granted_op\";s:3:\"lte\";s:20:\"amount_granted_value\";s:0:\"\";s:24:\"grant_report_received_op\";s:2:\"eq\";s:27:\"grant_report_received_value\";s:0:\"\";s:13:\"country_id_op\";s:2:\"in\";s:16:\"country_id_value\";a:0:{}s:12:\"region_id_op\";s:2:\"in\";s:15:\"region_id_value\";a:0:{}s:11:\"custom_7_op\";s:2:\"in\";s:14:\"custom_7_value\";a:0:{}s:11:\"custom_9_op\";s:3:\"has\";s:14:\"custom_9_value\";s:0:\"\";s:11:\"custom_8_op\";s:4:\"mhas\";s:14:\"custom_8_value\";a:0:{}s:11:\"description\";s:28:\"Shows statistics for Grants.\";s:13:\"email_subject\";s:0:\"\";s:8:\"email_to\";s:0:\"\";s:8:\"email_cc\";s:0:\"\";s:10:\"permission\";s:16:\"access CiviGrant\";s:9:\"parent_id\";s:0:\"\";s:6:\"groups\";s:0:\"\";s:9:\"domain_id\";i:1;}',NULL,NULL,NULL,NULL,NULL,NULL,225);
/*!40000 ALTER TABLE `civicrm_report_instance` ENABLE KEYS */;
UNLOCK TABLES;

--
-- Dumping data for table `civicrm_saved_search`
--

LOCK TABLES `civicrm_saved_search` WRITE;
/*!40000 ALTER TABLE `civicrm_saved_search` DISABLE KEYS */;
/*!40000 ALTER TABLE `civicrm_saved_search` ENABLE KEYS */;
UNLOCK TABLES;

--
-- Dumping data for table `civicrm_state_province`
--

LOCK TABLES `civicrm_state_province` WRITE;
/*!40000 ALTER TABLE `civicrm_state_province` DISABLE KEYS */;
INSERT INTO `civicrm_state_province` (`id`, `name`, `abbreviation`, `country_id`) VALUES (1000,'Alabama','AL',1228),(1001,'Alaska','AK',1228),(1002,'Arizona','AZ',1228),(1003,'Arkansas','AR',1228),(1004,'California','CA',1228),(1005,'Colorado','CO',1228),(1006,'Connecticut','CT',1228),(1007,'Delaware','DE',1228),(1008,'Florida','FL',1228),(1009,'Georgia','GA',1228),(1010,'Hawaii','HI',1228),(1011,'Idaho','ID',1228),(1012,'Illinois','IL',1228),(1013,'Indiana','IN',1228),(1014,'Iowa','IA',1228),(1015,'Kansas','KS',1228),(1016,'Kentucky','KY',1228),(1017,'Louisiana','LA',1228),(1018,'Maine','ME',1228),(1019,'Maryland','MD',1228),(1020,'Massachusetts','MA',1228),(1021,'Michigan','MI',1228),(1022,'Minnesota','MN',1228),(1023,'Mississippi','MS',1228),(1024,'Missouri','MO',1228),(1025,'Montana','MT',1228),(1026,'Nebraska','NE',1228),(1027,'Nevada','NV',1228),(1028,'New Hampshire','NH',1228),(1029,'New Jersey','NJ',1228),(1030,'New Mexico','NM',1228),(1031,'New York','NY',1228),(1032,'North Carolina','NC',1228),(1033,'North Dakota','ND',1228),(1034,'Ohio','OH',1228),(1035,'Oklahoma','OK',1228),(1036,'Oregon','OR',1228),(1037,'Pennsylvania','PA',1228),(1038,'Rhode Island','RI',1228),(1039,'South Carolina','SC',1228),(1040,'South Dakota','SD',1228),(1041,'Tennessee','TN',1228),(1042,'Texas','TX',1228),(1043,'Utah','UT',1228),(1044,'Vermont','VT',1228),(1045,'Virginia','VA',1228),(1046,'Washington','WA',1228),(1047,'West Virginia','WV',1228),(1048,'Wisconsin','WI',1228),(1049,'Wyoming','WY',1228),(1050,'District of Columbia','DC',1228),(1052,'American Samoa','AS',1228),(1053,'Guam','GU',1228),(1055,'Northern Mariana Islands','MP',1228),(1056,'Puerto Rico','PR',1228),(1057,'Virgin Islands','VI',1228),(1058,'United States Minor Outlying Islands','UM',1228),(1059,'Armed Forces Europe','AE',1228),(1060,'Armed Forces Americas','AA',1228),(1061,'Armed Forces Pacific','AP',1228),(1100,'Alberta','AB',1039),(1101,'British Columbia','BC',1039),(1102,'Manitoba','MB',1039),(1103,'New Brunswick','NB',1039),(1104,'Newfoundland and Labrador','NL',1039),(1105,'Northwest Territories','NT',1039),(1106,'Nova Scotia','NS',1039),(1107,'Nunavut','NU',1039),(1108,'Ontario','ON',1039),(1109,'Prince Edward Island','PE',1039),(1110,'Quebec','QC',1039),(1111,'Saskatchewan','SK',1039),(1112,'Yukon Territory','YT',1039),(1200,'Maharashtra','MM',1101),(1201,'Karnataka','KA',1101),(1202,'Andhra Pradesh','AP',1101),(1203,'Arunachal Pradesh','AR',1101),(1204,'Assam','AS',1101),(1205,'Bihar','BR',1101),(1206,'Chhattisgarh','CH',1101),(1207,'Goa','GA',1101),(1208,'Gujarat','GJ',1101),(1209,'Haryana','HR',1101),(1210,'Himachal Pradesh','HP',1101),(1211,'Jammu and Kashmir','JK',1101),(1212,'Jharkhand','JH',1101),(1213,'Kerala','KL',1101),(1214,'Madhya Pradesh','MP',1101),(1215,'Manipur','MN',1101),(1216,'Meghalaya','ML',1101),(1217,'Mizoram','MZ',1101),(1218,'Nagaland','NL',1101),(1219,'Orissa','OR',1101),(1220,'Punjab','PB',1101),(1221,'Rajasthan','RJ',1101),(1222,'Sikkim','SK',1101),(1223,'Tamil Nadu','TN',1101),(1224,'Tripura','TR',1101),(1225,'Uttaranchal','UL',1101),(1226,'Uttar Pradesh','UP',1101),(1227,'West Bengal','WB',1101),(1228,'Andaman and Nicobar Islands','AN',1101),(1229,'Dadra and Nagar Haveli','DN',1101),(1230,'Daman and Diu','DD',1101),(1231,'Delhi','DL',1101),(1232,'Lakshadweep','LD',1101),(1233,'Pondicherry','PY',1101),(1300,'mazowieckie','MZ',1172),(1301,'pomorskie','PM',1172),(1302,'dolnolskie','DS',1172),(1303,'kujawsko-pomorskie','KP',1172),(1304,'lubelskie','LU',1172),(1305,'lubuskie','LB',1172),(1306,'dzkie','LD',1172),(1307,'maopolskie','MA',1172),(1308,'opolskie','OP',1172),(1309,'podkarpackie','PK',1172),(1310,'podlaskie','PD',1172),(1311,'lskie','SL',1172),(1312,'witokrzyskie','SK',1172),(1313,'warmisko-mazurskie','WN',1172),(1314,'wielkopolskie','WP',1172),(1315,'zachodniopomorskie','ZP',1172),(1500,'Abu Zaby','AZ',1225),(1501,'\'Ajman','AJ',1225),(1502,'Al Fujayrah','FU',1225),(1503,'Ash Shariqah','SH',1225),(1504,'Dubayy','DU',1225),(1505,'Ra\'s al Khaymah','RK',1225),(1506,'Dac Lac','33',1233),(1507,'Umm al Qaywayn','UQ',1225),(1508,'Badakhshan','BDS',1001),(1509,'Badghis','BDG',1001),(1510,'Baghlan','BGL',1001),(1511,'Balkh','BAL',1001),(1512,'Bamian','BAM',1001),(1513,'Farah','FRA',1001),(1514,'Faryab','FYB',1001),(1515,'Ghazni','GHA',1001),(1516,'Ghowr','GHO',1001),(1517,'Helmand','HEL',1001),(1518,'Herat','HER',1001),(1519,'Jowzjan','JOW',1001),(1520,'Kabul','KAB',1001),(1521,'Kandahar','KAN',1001),(1522,'Kapisa','KAP',1001),(1523,'Khowst','KHO',1001),(1524,'Konar','KNR',1001),(1525,'Kondoz','KDZ',1001),(1526,'Laghman','LAG',1001),(1527,'Lowgar','LOW',1001),(1528,'Nangrahar','NAN',1001),(1529,'Nimruz','NIM',1001),(1530,'Nurestan','NUR',1001),(1531,'Oruzgan','ORU',1001),(1532,'Paktia','PIA',1001),(1533,'Paktika','PKA',1001),(1534,'Parwan','PAR',1001),(1535,'Samangan','SAM',1001),(1536,'Sar-e Pol','SAR',1001),(1537,'Takhar','TAK',1001),(1538,'Wardak','WAR',1001),(1539,'Zabol','ZAB',1001),(1540,'Berat','BR',1002),(1541,'Bulqiz','BU',1002),(1542,'Delvin','DL',1002),(1543,'Devoll','DV',1002),(1544,'Dibr','DI',1002),(1545,'Durrs','DR',1002),(1546,'Elbasan','EL',1002),(1547,'Fier','FR',1002),(1548,'Gramsh','GR',1002),(1549,'Gjirokastr','GJ',1002),(1550,'Has','HA',1002),(1551,'Kavaj','KA',1002),(1552,'Kolonj','ER',1002),(1553,'Kor','KO',1002),(1554,'Kruj','KR',1002),(1555,'Kuov','KC',1002),(1556,'Kuks','KU',1002),(1557,'Kurbin','KB',1002),(1558,'Lezh','LE',1002),(1559,'Librazhd','LB',1002),(1560,'Lushnj','LU',1002),(1561,'Malsi e Madhe','MM',1002),(1562,'Mallakastr','MK',1002),(1563,'Mat','MT',1002),(1564,'Mirdit','MR',1002),(1565,'Peqin','PQ',1002),(1566,'Prmet','PR',1002),(1567,'Pogradec','PG',1002),(1568,'Puk','PU',1002),(1569,'Sarand','SR',1002),(1570,'Skrapar','SK',1002),(1571,'Shkodr','SH',1002),(1572,'Tepelen','TE',1002),(1573,'Tiran','TR',1002),(1574,'Tropoj','TP',1002),(1575,'Vlor','VL',1002),(1576,'Erevan','ER',1011),(1577,'Aragacotn','AG',1011),(1578,'Ararat','AR',1011),(1579,'Armavir','AV',1011),(1580,'Gegarkunik\'','GR',1011),(1581,'Kotayk\'','KT',1011),(1582,'Lory','LO',1011),(1583,'Sirak','SH',1011),(1584,'Syunik\'','SU',1011),(1585,'Tavus','TV',1011),(1586,'Vayoc Jor','VD',1011),(1587,'Bengo','BGO',1006),(1588,'Benguela','BGU',1006),(1589,'Bie','BIE',1006),(1590,'Cabinda','CAB',1006),(1591,'Cuando-Cubango','CCU',1006),(1592,'Cuanza Norte','CNO',1006),(1593,'Cuanza Sul','CUS',1006),(1594,'Cunene','CNN',1006),(1595,'Huambo','HUA',1006),(1596,'Huila','HUI',1006),(1597,'Luanda','LUA',1006),(1598,'Lunda Norte','LNO',1006),(1599,'Lunda Sul','LSU',1006),(1600,'Malange','MAL',1006),(1601,'Moxico','MOX',1006),(1602,'Namibe','NAM',1006),(1603,'Uige','UIG',1006),(1604,'Zaire','ZAI',1006),(1605,'Capital federal','C',1010),(1606,'Buenos Aires','B',1010),(1607,'Catamarca','K',1010),(1608,'Cordoba','X',1010),(1609,'Corrientes','W',1010),(1610,'Chaco','H',1010),(1611,'Chubut','U',1010),(1612,'Entre Rios','E',1010),(1613,'Formosa','P',1010),(1614,'Jujuy','Y',1010),(1615,'La Pampa','L',1010),(1616,'Mendoza','M',1010),(1617,'Misiones','N',1010),(1618,'Neuquen','Q',1010),(1619,'Rio Negro','R',1010),(1620,'Salta','A',1010),(1621,'San Juan','J',1010),(1622,'San Luis','D',1010),(1623,'Santa Cruz','Z',1010),(1624,'Santa Fe','S',1010),(1625,'Santiago del Estero','G',1010),(1626,'Tierra del Fuego','V',1010),(1627,'Tucuman','T',1010),(1628,'Burgenland','1',1014),(1629,'Krnten','2',1014),(1630,'Niederosterreich','3',1014),(1631,'Oberosterreich','4',1014),(1632,'Salzburg','5',1014),(1633,'Steiermark','6',1014),(1634,'Tirol','7',1014),(1635,'Vorarlberg','8',1014),(1636,'Wien','9',1014),(1637,'Australian Antarctic Territory','AAT',1008),(1638,'Australian Capital Territory','ACT',1013),(1639,'Northern Territory','NT',1013),(1640,'New South Wales','NSW',1013),(1641,'Queensland','QLD',1013),(1642,'South Australia','SA',1013),(1643,'Tasmania','TAS',1013),(1644,'Victoria','VIC',1013),(1645,'Western Australia','WA',1013),(1646,'Naxcivan','NX',1015),(1647,'Ali Bayramli','AB',1015),(1648,'Baki','BA',1015),(1649,'Ganca','GA',1015),(1650,'Lankaran','LA',1015),(1651,'Mingacevir','MI',1015),(1652,'Naftalan','NA',1015),(1653,'Saki','SA',1015),(1654,'Sumqayit','SM',1015),(1655,'Susa','SS',1015),(1656,'Xankandi','XA',1015),(1657,'Yevlax','YE',1015),(1658,'Abseron','ABS',1015),(1659,'Agcabadi','AGC',1015),(1660,'Agdam','AGM',1015),(1661,'Agdas','AGS',1015),(1662,'Agstafa','AGA',1015),(1663,'Agsu','AGU',1015),(1664,'Astara','AST',1015),(1665,'Babak','BAB',1015),(1666,'Balakan','BAL',1015),(1667,'Barda','BAR',1015),(1668,'Beylagan','BEY',1015),(1669,'Bilasuvar','BIL',1015),(1670,'Cabrayll','CAB',1015),(1671,'Calilabad','CAL',1015),(1672,'Culfa','CUL',1015),(1673,'Daskasan','DAS',1015),(1674,'Davaci','DAV',1015),(1675,'Fuzuli','FUZ',1015),(1676,'Gadabay','GAD',1015),(1677,'Goranboy','GOR',1015),(1678,'Goycay','GOY',1015),(1679,'Haciqabul','HAC',1015),(1680,'Imisli','IMI',1015),(1681,'Ismayilli','ISM',1015),(1682,'Kalbacar','KAL',1015),(1683,'Kurdamir','KUR',1015),(1684,'Lacin','LAC',1015),(1685,'Lerik','LER',1015),(1686,'Masalli','MAS',1015),(1687,'Neftcala','NEF',1015),(1688,'Oguz','OGU',1015),(1689,'Ordubad','ORD',1015),(1690,'Qabala','QAB',1015),(1691,'Qax','QAX',1015),(1692,'Qazax','QAZ',1015),(1693,'Qobustan','QOB',1015),(1694,'Quba','QBA',1015),(1695,'Qubadli','QBI',1015),(1696,'Qusar','QUS',1015),(1697,'Saatli','SAT',1015),(1698,'Sabirabad','SAB',1015),(1699,'Sadarak','SAD',1015),(1700,'Sahbuz','SAH',1015),(1701,'Salyan','SAL',1015),(1702,'Samaxi','SMI',1015),(1703,'Samkir','SKR',1015),(1704,'Samux','SMX',1015),(1705,'Sarur','SAR',1015),(1706,'Siyazan','SIY',1015),(1707,'Tartar','TAR',1015),(1708,'Tovuz','TOV',1015),(1709,'Ucar','UCA',1015),(1710,'Xacmaz','XAC',1015),(1711,'Xanlar','XAN',1015),(1712,'Xizi','XIZ',1015),(1713,'Xocali','XCI',1015),(1714,'Xocavand','XVD',1015),(1715,'Yardimli','YAR',1015),(1716,'Zangilan','ZAN',1015),(1717,'Zaqatala','ZAQ',1015),(1718,'Zardab','ZAR',1015),(1719,'Federacija Bosna i Hercegovina','BIH',1026),(1720,'Republika Srpska','SRP',1026),(1721,'Bagerhat zila','05',1017),(1722,'Bandarban zila','01',1017),(1723,'Barguna zila','02',1017),(1724,'Barisal zila','06',1017),(1725,'Bhola zila','07',1017),(1726,'Bogra zila','03',1017),(1727,'Brahmanbaria zila','04',1017),(1728,'Chandpur zila','09',1017),(1729,'Chittagong zila','10',1017),(1730,'Chuadanga zila','12',1017),(1731,'Comilla zila','08',1017),(1732,'Cox\'s Bazar zila','11',1017),(1733,'Dhaka zila','13',1017),(1734,'Dinajpur zila','14',1017),(1735,'Faridpur zila','15',1017),(1736,'Feni zila','16',1017),(1737,'Gaibandha zila','19',1017),(1738,'Gazipur zila','18',1017),(1739,'Gopalganj zila','17',1017),(1740,'Habiganj zila','20',1017),(1741,'Jaipurhat zila','24',1017),(1742,'Jamalpur zila','21',1017),(1743,'Jessore zila','22',1017),(1744,'Jhalakati zila','25',1017),(1745,'Jhenaidah zila','23',1017),(1746,'Khagrachari zila','29',1017),(1747,'Khulna zila','27',1017),(1748,'Kishorganj zila','26',1017),(1749,'Kurigram zila','28',1017),(1750,'Kushtia zila','30',1017),(1751,'Lakshmipur zila','31',1017),(1752,'Lalmonirhat zila','32',1017),(1753,'Madaripur zila','36',1017),(1754,'Magura zila','37',1017),(1755,'Manikganj zila','33',1017),(1756,'Meherpur zila','39',1017),(1757,'Moulvibazar zila','38',1017),(1758,'Munshiganj zila','35',1017),(1759,'Mymensingh zila','34',1017),(1760,'Naogaon zila','48',1017),(1761,'Narail zila','43',1017),(1762,'Narayanganj zila','40',1017),(1763,'Narsingdi zila','42',1017),(1764,'Natore zila','44',1017),(1765,'Nawabganj zila','45',1017),(1766,'Netrakona zila','41',1017),(1767,'Nilphamari zila','46',1017),(1768,'Noakhali zila','47',1017),(1769,'Pabna zila','49',1017),(1770,'Panchagarh zila','52',1017),(1771,'Patuakhali zila','51',1017),(1772,'Pirojpur zila','50',1017),(1773,'Rajbari zila','53',1017),(1774,'Rajshahi zila','54',1017),(1775,'Rangamati zila','56',1017),(1776,'Rangpur zila','55',1017),(1777,'Satkhira zila','58',1017),(1778,'Shariatpur zila','62',1017),(1779,'Sherpur zila','57',1017),(1780,'Sirajganj zila','59',1017),(1781,'Sunamganj zila','61',1017),(1782,'Sylhet zila','60',1017),(1783,'Tangail zila','63',1017),(1784,'Thakurgaon zila','64',1017),(1785,'Antwerpen','VAN',1020),(1786,'Brabant Wallon','WBR',1020),(1787,'Hainaut','WHT',1020),(1788,'Liege','WLG',1020),(1789,'Limburg','VLI',1020),(1790,'Luxembourg','WLX',1020),(1791,'Namur','WNA',1020),(1792,'Oost-Vlaanderen','VOV',1020),(1793,'Vlaams-Brabant','VBR',1020),(1794,'West-Vlaanderen','VWV',1020),(1795,'Bale','BAL',1034),(1796,'Bam','BAM',1034),(1797,'Banwa','BAN',1034),(1798,'Bazega','BAZ',1034),(1799,'Bougouriba','BGR',1034),(1800,'Boulgou','BLG',1034),(1801,'Boulkiemde','BLK',1034),(1802,'Comoe','COM',1034),(1803,'Ganzourgou','GAN',1034),(1804,'Gnagna','GNA',1034),(1805,'Gourma','GOU',1034),(1806,'Houet','HOU',1034),(1807,'Ioba','IOB',1034),(1808,'Kadiogo','KAD',1034),(1809,'Kenedougou','KEN',1034),(1810,'Komondjari','KMD',1034),(1811,'Kompienga','KMP',1034),(1812,'Kossi','KOS',1034),(1813,'Koulpulogo','KOP',1034),(1814,'Kouritenga','KOT',1034),(1815,'Kourweogo','KOW',1034),(1816,'Leraba','LER',1034),(1817,'Loroum','LOR',1034),(1818,'Mouhoun','MOU',1034),(1819,'Nahouri','NAO',1034),(1820,'Namentenga','NAM',1034),(1821,'Nayala','NAY',1034),(1822,'Noumbiel','NOU',1034),(1823,'Oubritenga','OUB',1034),(1824,'Oudalan','OUD',1034),(1825,'Passore','PAS',1034),(1826,'Poni','PON',1034),(1827,'Sanguie','SNG',1034),(1828,'Sanmatenga','SMT',1034),(1829,'Seno','SEN',1034),(1830,'Siasili','SIS',1034),(1831,'Soum','SOM',1034),(1832,'Sourou','SOR',1034),(1833,'Tapoa','TAP',1034),(1834,'Tui','TUI',1034),(1835,'Yagha','YAG',1034),(1836,'Yatenga','YAT',1034),(1837,'Ziro','ZIR',1034),(1838,'Zondoma','ZON',1034),(1839,'Zoundweogo','ZOU',1034),(1840,'Blagoevgrad','01',1033),(1841,'Burgas','02',1033),(1842,'Dobric','08',1033),(1843,'Gabrovo','07',1033),(1844,'Haskovo','26',1033),(1845,'Jambol','28',1033),(1846,'Kardzali','09',1033),(1847,'Kjstendil','10',1033),(1848,'Lovec','11',1033),(1849,'Montana','12',1033),(1850,'Pazardzik','13',1033),(1851,'Pernik','14',1033),(1852,'Pleven','15',1033),(1853,'Plovdiv','16',1033),(1854,'Razgrad','17',1033),(1855,'Ruse','18',1033),(1856,'Silistra','19',1033),(1857,'Sliven','20',1033),(1858,'Smoljan','21',1033),(1859,'Sofia','23',1033),(1860,'Stara Zagora','24',1033),(1861,'Sumen','27',1033),(1862,'Targoviste','25',1033),(1863,'Varna','03',1033),(1864,'Veliko Tarnovo','04',1033),(1865,'Vidin','05',1033),(1866,'Vraca','06',1033),(1867,'Al Hadd','01',1016),(1868,'Al Manamah','03',1016),(1869,'Al Mintaqah al Gharbiyah','10',1016),(1870,'Al Mintagah al Wusta','07',1016),(1871,'Al Mintaqah ash Shamaliyah','05',1016),(1872,'Al Muharraq','02',1016),(1873,'Ar Rifa','09',1016),(1874,'Jidd Hafs','04',1016),(1875,'Madluat Jamad','12',1016),(1876,'Madluat Isa','08',1016),(1877,'Mintaqat Juzur tawar','11',1016),(1878,'Sitrah','06',1016),(1879,'Bubanza','BB',1036),(1880,'Bujumbura','BJ',1036),(1881,'Bururi','BR',1036),(1882,'Cankuzo','CA',1036),(1883,'Cibitoke','CI',1036),(1884,'Gitega','GI',1036),(1885,'Karuzi','KR',1036),(1886,'Kayanza','KY',1036),(1887,'Makamba','MA',1036),(1888,'Muramvya','MU',1036),(1889,'Mwaro','MW',1036),(1890,'Ngozi','NG',1036),(1891,'Rutana','RT',1036),(1892,'Ruyigi','RY',1036),(1893,'Alibori','AL',1022),(1894,'Atakora','AK',1022),(1895,'Atlantique','AQ',1022),(1896,'Borgou','BO',1022),(1897,'Collines','CO',1022),(1898,'Donga','DO',1022),(1899,'Kouffo','KO',1022),(1900,'Littoral','LI',1022),(1901,'Mono','MO',1022),(1902,'Oueme','OU',1022),(1903,'Plateau','PL',1022),(1904,'Zou','ZO',1022),(1905,'Belait','BE',1032),(1906,'Brunei-Muara','BM',1032),(1907,'Temburong','TE',1032),(1908,'Tutong','TU',1032),(1909,'Cochabamba','C',1025),(1910,'Chuquisaca','H',1025),(1911,'El Beni','B',1025),(1912,'La Paz','L',1025),(1913,'Oruro','O',1025),(1914,'Pando','N',1025),(1915,'Potosi','P',1025),(1916,'Tarija','T',1025),(1917,'Acre','AC',1029),(1918,'Alagoas','AL',1029),(1919,'Amazonas','AM',1029),(1920,'Amapa','AP',1029),(1921,'Bahia','BA',1029),(1922,'Ceara','CE',1029),(1923,'Distrito Federal','DF',1029),(1924,'Espirito Santo','ES',1029),(1925,'Fernando de Noronha','FN',1029),(1926,'Goias','GO',1029),(1927,'Maranhao','MA',1029),(1928,'Minas Gerais','MG',1029),(1929,'Mato Grosso do Sul','MS',1029),(1930,'Mato Grosso','MT',1029),(1931,'Para','PA',1029),(1932,'Paraiba','PB',1029),(1933,'Pernambuco','PE',1029),(1934,'Piaui','PI',1029),(1935,'Parana','PR',1029),(1936,'Rio de Janeiro','RJ',1029),(1937,'Rio Grande do Norte','RN',1029),(1938,'Rondonia','RO',1029),(1939,'Roraima','RR',1029),(1940,'Rio Grande do Sul','RS',1029),(1941,'Santa Catarina','SC',1029),(1942,'Sergipe','SE',1029),(1943,'Sao Paulo','SP',1029),(1944,'Tocantins','TO',1029),(1945,'Acklins and Crooked Islands','AC',1212),(1946,'Bimini','BI',1212),(1947,'Cat Island','CI',1212),(1948,'Exuma','EX',1212),(1955,'Inagua','IN',1212),(1957,'Long Island','LI',1212),(1959,'Mayaguana','MG',1212),(1960,'New Providence','NP',1212),(1962,'Ragged Island','RI',1212),(1966,'Bumthang','33',1024),(1967,'Chhukha','12',1024),(1968,'Dagana','22',1024),(1969,'Gasa','GA',1024),(1970,'Ha','13',1024),(1971,'Lhuentse','44',1024),(1972,'Monggar','42',1024),(1973,'Paro','11',1024),(1974,'Pemagatshel','43',1024),(1975,'Punakha','23',1024),(1976,'Samdrup Jongkha','45',1024),(1977,'Samtee','14',1024),(1978,'Sarpang','31',1024),(1979,'Thimphu','15',1024),(1980,'Trashigang','41',1024),(1981,'Trashi Yangtse','TY',1024),(1982,'Trongsa','32',1024),(1983,'Tsirang','21',1024),(1984,'Wangdue Phodrang','24',1024),(1985,'Zhemgang','34',1024),(1986,'Central','CE',1027),(1987,'Ghanzi','GH',1027),(1988,'Kgalagadi','KG',1027),(1989,'Kgatleng','KL',1027),(1990,'Kweneng','KW',1027),(1991,'Ngamiland','NG',1027),(1992,'North-East','NE',1027),(1993,'North-West','NW',1027),(1994,'South-East','SE',1027),(1995,'Southern','SO',1027),(1996,'Brsckaja voblasc\'','BR',1019),(1997,'Homel\'skaja voblasc\'','HO',1019),(1998,'Hrodzenskaja voblasc\'','HR',1019),(1999,'Mahiluskaja voblasc\'','MA',1019),(2000,'Minskaja voblasc\'','MI',1019),(2001,'Vicebskaja voblasc\'','VI',1019),(2002,'Belize','BZ',1021),(2003,'Cayo','CY',1021),(2004,'Corozal','CZL',1021),(2005,'Orange Walk','OW',1021),(2006,'Stann Creek','SC',1021),(2007,'Toledo','TOL',1021),(2008,'Kinshasa','KN',1050),(2011,'Equateur','EQ',1050),(2014,'Kasai-Oriental','KE',1050),(2016,'Maniema','MA',1050),(2017,'Nord-Kivu','NK',1050),(2019,'Sud-Kivu','SK',1050),(2020,'Bangui','BGF',1042),(2021,'Bamingui-Bangoran','BB',1042),(2022,'Basse-Kotto','BK',1042),(2023,'Haute-Kotto','HK',1042),(2024,'Haut-Mbomou','HM',1042),(2025,'Kemo','KG',1042),(2026,'Lobaye','LB',1042),(2027,'Mambere-Kadei','HS',1042),(2028,'Mbomou','MB',1042),(2029,'Nana-Grebizi','KB',1042),(2030,'Nana-Mambere','NM',1042),(2031,'Ombella-Mpoko','MP',1042),(2032,'Ouaka','UK',1042),(2033,'Ouham','AC',1042),(2034,'Ouham-Pende','OP',1042),(2035,'Sangha-Mbaere','SE',1042),(2036,'Vakaga','VR',1042),(2037,'Brazzaville','BZV',1051),(2038,'Bouenza','11',1051),(2039,'Cuvette','8',1051),(2040,'Cuvette-Ouest','15',1051),(2041,'Kouilou','5',1051),(2042,'Lekoumou','2',1051),(2043,'Likouala','7',1051),(2044,'Niari','9',1051),(2045,'Plateaux','14',1051),(2046,'Pool','12',1051),(2047,'Sangha','13',1051),(2048,'Aargau','AG',1205),(2049,'Appenzell Innerrhoden','AI',1205),(2050,'Appenzell Ausserrhoden','AR',1205),(2051,'Bern','BE',1205),(2052,'Basel-Landschaft','BL',1205),(2053,'Basel-Stadt','BS',1205),(2054,'Fribourg','FR',1205),(2055,'Geneva','GE',1205),(2056,'Glarus','GL',1205),(2057,'Graubunden','GR',1205),(2058,'Jura','JU',1205),(2059,'Luzern','LU',1205),(2060,'Neuchatel','NE',1205),(2061,'Nidwalden','NW',1205),(2062,'Obwalden','OW',1205),(2063,'Sankt Gallen','SG',1205),(2064,'Schaffhausen','SH',1205),(2065,'Solothurn','SO',1205),(2066,'Schwyz','SZ',1205),(2067,'Thurgau','TG',1205),(2068,'Ticino','TI',1205),(2069,'Uri','UR',1205),(2070,'Vaud','VD',1205),(2071,'Valais','VS',1205),(2072,'Zug','ZG',1205),(2073,'Zurich','ZH',1205),(2074,'18 Montagnes','06',1054),(2075,'Agnebi','16',1054),(2076,'Bas-Sassandra','09',1054),(2077,'Denguele','10',1054),(2078,'Haut-Sassandra','02',1054),(2079,'Lacs','07',1054),(2080,'Lagunes','01',1054),(2081,'Marahoue','12',1054),(2082,'Moyen-Comoe','05',1054),(2083,'Nzi-Comoe','11',1054),(2084,'Savanes','03',1054),(2085,'Sud-Bandama','15',1054),(2086,'Sud-Comoe','13',1054),(2087,'Vallee du Bandama','04',1054),(2088,'Worodouqou','14',1054),(2089,'Zanzan','08',1054),(2090,'Aisen del General Carlos Ibanez del Campo','AI',1044),(2091,'Antofagasta','AN',1044),(2092,'Araucania','AR',1044),(2093,'Atacama','AT',1044),(2094,'Bio-Bio','BI',1044),(2095,'Coquimbo','CO',1044),(2096,'Libertador General Bernardo O\'Higgins','LI',1044),(2097,'Los Lagos','LL',1044),(2098,'Magallanes','MA',1044),(2099,'Maule','ML',1044),(2100,'Region Metropolitana de Santiago','RM',1044),(2101,'Tarapaca','TA',1044),(2102,'Valparaiso','VS',1044),(2103,'Adamaoua','AD',1038),(2104,'Centre','CE',1038),(2105,'East','ES',1038),(2106,'Far North','EN',1038),(2107,'North','NO',1038),(2108,'South','SW',1038),(2109,'South-West','SW',1038),(2110,'West','OU',1038),(2111,'Beijing','11',1045),(2112,'Chongqing','50',1045),(2113,'Shanghai','31',1045),(2114,'Tianjin','12',1045),(2115,'Anhui','34',1045),(2116,'Fujian','35',1045),(2117,'Gansu','62',1045),(2118,'Guangdong','44',1045),(2119,'Guizhou','52',1045),(2120,'Hainan','46',1045),(2121,'Hebei','13',1045),(2122,'Heilongjiang','23',1045),(2123,'Henan','41',1045),(2124,'Hubei','42',1045),(2125,'Hunan','43',1045),(2126,'Jiangsu','32',1045),(2127,'Jiangxi','36',1045),(2128,'Jilin','22',1045),(2129,'Liaoning','21',1045),(2130,'Qinghai','63',1045),(2131,'Shaanxi','61',1045),(2132,'Shandong','37',1045),(2133,'Shanxi','14',1045),(2134,'Sichuan','51',1045),(2135,'Taiwan','71',1045),(2136,'Yunnan','53',1045),(2137,'Zhejiang','33',1045),(2138,'Guangxi','45',1045),(2139,'Neia Mongol (mn)','15',1045),(2140,'Xinjiang','65',1045),(2141,'Xizang','54',1045),(2142,'Hong Kong','91',1045),(2143,'Macau','92',1045),(2144,'Distrito Capital de Bogot','DC',1048),(2145,'Amazonea','AMA',1048),(2146,'Antioquia','ANT',1048),(2147,'Arauca','ARA',1048),(2148,'Atlntico','ATL',1048),(2149,'Bolvar','BOL',1048),(2150,'Boyac','BOY',1048),(2151,'Caldea','CAL',1048),(2152,'Caquet','CAQ',1048),(2153,'Casanare','CAS',1048),(2154,'Cauca','CAU',1048),(2155,'Cesar','CES',1048),(2156,'Crdoba','COR',1048),(2157,'Cundinamarca','CUN',1048),(2158,'Choc','CHO',1048),(2159,'Guaina','GUA',1048),(2160,'Guaviare','GUV',1048),(2161,'La Guajira','LAG',1048),(2162,'Magdalena','MAG',1048),(2163,'Meta','MET',1048),(2164,'Nario','NAR',1048),(2165,'Norte de Santander','NSA',1048),(2166,'Putumayo','PUT',1048),(2167,'Quindio','QUI',1048),(2168,'Risaralda','RIS',1048),(2169,'San Andrs, Providencia y Santa Catalina','SAP',1048),(2170,'Santander','SAN',1048),(2171,'Sucre','SUC',1048),(2172,'Tolima','TOL',1048),(2173,'Valle del Cauca','VAC',1048),(2174,'Vaups','VAU',1048),(2175,'Vichada','VID',1048),(2176,'Alajuela','A',1053),(2177,'Cartago','C',1053),(2178,'Guanacaste','G',1053),(2179,'Heredia','H',1053),(2180,'Limon','L',1053),(2181,'Puntarenas','P',1053),(2182,'San Jose','SJ',1053),(2183,'Camagey','09',1056),(2184,'Ciego de `vila','08',1056),(2185,'Cienfuegos','06',1056),(2186,'Ciudad de La Habana','03',1056),(2187,'Granma','12',1056),(2188,'Guantanamo','14',1056),(2189,'Holquin','11',1056),(2190,'La Habana','02',1056),(2191,'Las Tunas','10',1056),(2192,'Matanzas','04',1056),(2193,'Pinar del Rio','01',1056),(2194,'Sancti Spiritus','07',1056),(2195,'Santiago de Cuba','13',1056),(2196,'Villa Clara','05',1056),(2197,'Isla de la Juventud','99',1056),(2198,'Pinar del Roo','PR',1056),(2199,'Ciego de Avila','CA',1056),(2200,'Camagoey','CG',1056),(2201,'Holgun','HO',1056),(2202,'Sancti Spritus','SS',1056),(2203,'Municipio Especial Isla de la Juventud','IJ',1056),(2204,'Boa Vista','BV',1040),(2205,'Brava','BR',1040),(2206,'Calheta de Sao Miguel','CS',1040),(2207,'Fogo','FO',1040),(2208,'Maio','MA',1040),(2209,'Mosteiros','MO',1040),(2210,'Paul','PA',1040),(2211,'Porto Novo','PN',1040),(2212,'Praia','PR',1040),(2213,'Ribeira Grande','RG',1040),(2214,'Sal','SL',1040),(2215,'Sao Domingos','SD',1040),(2216,'Sao Filipe','SF',1040),(2217,'Sao Nicolau','SN',1040),(2218,'Sao Vicente','SV',1040),(2219,'Tarrafal','TA',1040),(2220,'Ammochostos Magusa','04',1057),(2221,'Keryneia','06',1057),(2222,'Larnaka','03',1057),(2223,'Lefkosia','01',1057),(2224,'Lemesos','02',1057),(2225,'Pafos','05',1057),(2226,'Jihoesk kraj','JC',1058),(2227,'Jihomoravsk kraj','JM',1058),(2228,'Karlovarsk kraj','KA',1058),(2229,'Krlovhradeck kraj','KR',1058),(2230,'Libereck kraj','LI',1058),(2231,'Moravskoslezsk kraj','MO',1058),(2232,'Olomouck kraj','OL',1058),(2233,'Pardubick kraj','PA',1058),(2234,'Plzesk kraj','PL',1058),(2235,'Praha, hlavn msto','PR',1058),(2236,'Stedoesk kraj','ST',1058),(2237,'steck kraj','US',1058),(2238,'Vysoina','VY',1058),(2239,'Zlnsk kraj','ZL',1058),(2240,'Baden-Wuerttemberg','BW',1082),(2241,'Bayern','BY',1082),(2242,'Bremen','HB',1082),(2243,'Hamburg','HH',1082),(2244,'Hessen','HE',1082),(2245,'Niedersachsen','NI',1082),(2246,'Nordrhein-Westfalen','NW',1082),(2247,'Rheinland-Pfalz','RP',1082),(2248,'Saarland','SL',1082),(2249,'Schleswig-Holstein','SH',1082),(2250,'Berlin','BR',1082),(2251,'Brandenburg','BB',1082),(2252,'Mecklenburg-Vorpommern','MV',1082),(2253,'Sachsen','SN',1082),(2254,'Sachsen-Anhalt','ST',1082),(2255,'Thueringen','TH',1082),(2256,'Ali Sabiah','AS',1060),(2257,'Dikhil','DI',1060),(2258,'Djibouti','DJ',1060),(2259,'Obock','OB',1060),(2260,'Tadjoura','TA',1060),(2261,'Frederiksberg','147',1059),(2262,'Copenhagen City','101',1059),(2263,'Copenhagen','015',1059),(2264,'Frederiksborg','020',1059),(2265,'Roskilde','025',1059),(2266,'Vestsjlland','030',1059),(2267,'Storstrm','035',1059),(2268,'Bornholm','040',1059),(2269,'Fyn','042',1059),(2270,'South Jutland','050',1059),(2271,'Ribe','055',1059),(2272,'Vejle','060',1059),(2273,'Ringkjbing','065',1059),(2274,'rhus','070',1059),(2275,'Viborg','076',1059),(2276,'North Jutland','080',1059),(2277,'Distrito Nacional (Santo Domingo)','01',1062),(2278,'Azua','02',1062),(2279,'Bahoruco','03',1062),(2280,'Barahona','04',1062),(2281,'Dajabn','05',1062),(2282,'Duarte','06',1062),(2283,'El Seybo [El Seibo]','08',1062),(2284,'Espaillat','09',1062),(2285,'Hato Mayor','30',1062),(2286,'Independencia','10',1062),(2287,'La Altagracia','11',1062),(2288,'La Estrelleta [Elias Pina]','07',1062),(2289,'La Romana','12',1062),(2290,'La Vega','13',1062),(2291,'Maroia Trinidad Snchez','14',1062),(2292,'Monseor Nouel','28',1062),(2293,'Monte Cristi','15',1062),(2294,'Monte Plata','29',1062),(2295,'Pedernales','16',1062),(2296,'Peravia','17',1062),(2297,'Puerto Plata','18',1062),(2298,'Salcedo','19',1062),(2299,'Saman','20',1062),(2300,'San Cristbal','21',1062),(2301,'San Pedro de Macors','23',1062),(2302,'Snchez Ramrez','24',1062),(2303,'Santiago','25',1062),(2304,'Santiago Rodrguez','26',1062),(2305,'Valverde','27',1062),(2306,'Adrar','01',1003),(2307,'Ain Defla','44',1003),(2308,'Ain Tmouchent','46',1003),(2309,'Alger','16',1003),(2310,'Annaba','23',1003),(2311,'Batna','05',1003),(2312,'Bechar','08',1003),(2313,'Bejaia','06',1003),(2314,'Biskra','07',1003),(2315,'Blida','09',1003),(2316,'Bordj Bou Arreridj','34',1003),(2317,'Bouira','10',1003),(2318,'Boumerdes','35',1003),(2319,'Chlef','02',1003),(2320,'Constantine','25',1003),(2321,'Djelfa','17',1003),(2322,'El Bayadh','32',1003),(2323,'El Oued','39',1003),(2324,'El Tarf','36',1003),(2325,'Ghardaia','47',1003),(2326,'Guelma','24',1003),(2327,'Illizi','33',1003),(2328,'Jijel','18',1003),(2329,'Khenchela','40',1003),(2330,'Laghouat','03',1003),(2331,'Mascara','29',1003),(2332,'Medea','26',1003),(2333,'Mila','43',1003),(2334,'Mostaganem','27',1003),(2335,'Msila','28',1003),(2336,'Naama','45',1003),(2337,'Oran','31',1003),(2338,'Ouargla','30',1003),(2339,'Oum el Bouaghi','04',1003),(2340,'Relizane','48',1003),(2341,'Saida','20',1003),(2342,'Setif','19',1003),(2343,'Sidi Bel Abbes','22',1003),(2344,'Skikda','21',1003),(2345,'Souk Ahras','41',1003),(2346,'Tamanghasset','11',1003),(2347,'Tebessa','12',1003),(2348,'Tiaret','14',1003),(2349,'Tindouf','37',1003),(2350,'Tipaza','42',1003),(2351,'Tissemsilt','38',1003),(2352,'Tizi Ouzou','15',1003),(2353,'Tlemcen','13',1003),(2354,'Azuay','A',1064),(2355,'Bolivar','B',1064),(2356,'Canar','F',1064),(2357,'Carchi','C',1064),(2358,'Cotopaxi','X',1064),(2359,'Chimborazo','H',1064),(2360,'El Oro','O',1064),(2361,'Esmeraldas','E',1064),(2362,'Galapagos','W',1064),(2363,'Guayas','G',1064),(2364,'Imbabura','I',1064),(2365,'Loja','L',1064),(2366,'Los Rios','R',1064),(2367,'Manabi','M',1064),(2368,'Morona-Santiago','S',1064),(2369,'Napo','N',1064),(2370,'Orellana','D',1064),(2371,'Pastaza','Y',1064),(2372,'Pichincha','P',1064),(2373,'Sucumbios','U',1064),(2374,'Tungurahua','T',1064),(2375,'Zamora-Chinchipe','Z',1064),(2376,'Harjumsa','37',1069),(2377,'Hitumea','39',1069),(2378,'Ida-Virumsa','44',1069),(2379,'Jogevamsa','49',1069),(2380,'Jarvamsa','51',1069),(2381,'Lasnemsa','57',1069),(2382,'Laane-Virumaa','59',1069),(2383,'Polvamea','65',1069),(2384,'Parnumsa','67',1069),(2385,'Raplamsa','70',1069),(2386,'Saaremsa','74',1069),(2387,'Tartumsa','7B',1069),(2388,'Valgamaa','82',1069),(2389,'Viljandimsa','84',1069),(2390,'Vorumaa','86',1069),(2391,'Ad Daqahllyah','DK',1065),(2392,'Al Bahr al Ahmar','BA',1065),(2393,'Al Buhayrah','BH',1065),(2394,'Al Fayym','FYM',1065),(2395,'Al Gharbiyah','GH',1065),(2396,'Al Iskandarlyah','ALX',1065),(2397,'Al Isma illyah','IS',1065),(2398,'Al Jizah','GZ',1065),(2399,'Al Minuflyah','MNF',1065),(2400,'Al Minya','MN',1065),(2401,'Al Qahirah','C',1065),(2402,'Al Qalyublyah','KB',1065),(2403,'Al Wadi al Jadid','WAD',1065),(2404,'Ash Sharqiyah','SHR',1065),(2405,'As Suways','SUZ',1065),(2406,'Aswan','ASN',1065),(2407,'Asyut','AST',1065),(2408,'Bani Suwayf','BNS',1065),(2409,'Bur Sa\'id','PTS',1065),(2410,'Dumyat','DT',1065),(2411,'Janub Sina\'','JS',1065),(2412,'Kafr ash Shaykh','KFS',1065),(2413,'Matruh','MT',1065),(2414,'Qina','KN',1065),(2415,'Shamal Sina\'','SIN',1065),(2416,'Suhaj','SHG',1065),(2417,'Anseba','AN',1068),(2418,'Debub','DU',1068),(2419,'Debubawi Keyih Bahri [Debub-Keih-Bahri]','DK',1068),(2420,'Gash-Barka','GB',1068),(2421,'Maakel [Maekel]','MA',1068),(2422,'Semenawi Keyih Bahri [Semien-Keih-Bahri]','SK',1068),(2423,'lava','VI',1198),(2424,'Albacete','AB',1198),(2425,'Alicante','A',1198),(2426,'Almera','AL',1198),(2427,'Asturias','O',1198),(2428,'vila','AV',1198),(2429,'Badajoz','BA',1198),(2430,'Baleares','PM',1198),(2431,'Barcelona','B',1198),(2432,'Burgos','BU',1198),(2433,'Cceres','CC',1198),(2434,'Cdiz','CA',1198),(2435,'Cantabria','S',1198),(2436,'Castelln','CS',1198),(2437,'Ciudad Real','CR',1198),(2438,'Cuenca','CU',1198),(2439,'Girona [Gerona]','GE',1198),(2440,'Granada','GR',1198),(2441,'Guadalajara','GU',1198),(2442,'Guipzcoa','SS',1198),(2443,'Huelva','H',1198),(2444,'Huesca','HU',1198),(2445,'Jan','J',1198),(2446,'La Corua','C',1198),(2447,'La Rioja','LO',1198),(2448,'Las Palmas','GC',1198),(2449,'Len','LE',1198),(2450,'Lleida [Lrida]','L',1198),(2451,'Lugo','LU',1198),(2452,'Madrid','M',1198),(2453,'Mlaga','MA',1198),(2454,'Murcia','MU',1198),(2455,'Navarra','NA',1198),(2456,'Ourense','OR',1198),(2457,'Palencia','P',1198),(2458,'Pontevedra','PO',1198),(2459,'Salamanca','SA',1198),(2460,'Santa Cruz de Tenerife','TF',1198),(2461,'Segovia','SG',1198),(2462,'Sevilla','SE',1198),(2463,'Soria','SO',1198),(2464,'Tarragona','T',1198),(2465,'Teruel','TE',1198),(2466,'Valencia','V',1198),(2467,'Valladolid','VA',1198),(2468,'Vizcaya','BI',1198),(2469,'Zamora','ZA',1198),(2470,'Zaragoza','Z',1198),(2471,'Ceuta','CE',1198),(2472,'Melilla','ML',1198),(2473,'Addis Ababa','AA',1070),(2474,'Dire Dawa','DD',1070),(2475,'Afar','AF',1070),(2476,'Amara','AM',1070),(2477,'Benshangul-Gumaz','BE',1070),(2478,'Gambela Peoples','GA',1070),(2479,'Harari People','HA',1070),(2480,'Oromia','OR',1070),(2481,'Somali','SO',1070),(2482,'Southern Nations, Nationalities and Peoples','SN',1070),(2483,'Tigrai','TI',1070),(2490,'Eastern','E',1074),(2491,'Northern','N',1074),(2492,'Western','W',1074),(2493,'Rotuma','R',1074),(2494,'Chuuk','TRK',1141),(2495,'Kosrae','KSA',1141),(2496,'Pohnpei','PNI',1141),(2497,'Yap','YAP',1141),(2498,'Ain','01',1076),(2499,'Aisne','02',1076),(2500,'Allier','03',1076),(2501,'Alpes-de-Haute-Provence','04',1076),(2502,'Alpes-Maritimes','06',1076),(2503,'Ardche','07',1076),(2504,'Ardennes','08',1076),(2505,'Arige','09',1076),(2506,'Aube','10',1076),(2507,'Aude','11',1076),(2508,'Aveyron','12',1076),(2509,'Bas-Rhin','67',1076),(2510,'Bouches-du-Rhne','13',1076),(2511,'Calvados','14',1076),(2512,'Cantal','15',1076),(2513,'Charente','16',1076),(2514,'Charente-Maritime','17',1076),(2515,'Cher','18',1076),(2516,'Corrze','19',1076),(2517,'Corse-du-Sud','20A',1076),(2518,'Cte-d\'Or','21',1076),(2519,'Ctes-d\'Armor','22',1076),(2520,'Creuse','23',1076),(2521,'Deux-Svres','79',1076),(2522,'Dordogne','24',1076),(2523,'Doubs','25',1076),(2524,'Drme','26',1076),(2525,'Essonne','91',1076),(2526,'Eure','27',1076),(2527,'Eure-et-Loir','28',1076),(2528,'Finistre','29',1076),(2529,'Gard','30',1076),(2530,'Gers','32',1076),(2531,'Gironde','33',1076),(2532,'Haut-Rhin','68',1076),(2533,'Haute-Corse','20B',1076),(2534,'Haute-Garonne','31',1076),(2535,'Haute-Loire','43',1076),(2536,'Haute-Sane','70',1076),(2537,'Haute-Savoie','74',1076),(2538,'Haute-Vienne','87',1076),(2539,'Hautes-Alpes','05',1076),(2540,'Hautes-Pyrnes','65',1076),(2541,'Hauts-de-Seine','92',1076),(2542,'Hrault','34',1076),(2543,'Indre','36',1076),(2544,'Ille-et-Vilaine','35',1076),(2545,'Indre-et-Loire','37',1076),(2546,'Isre','38',1076),(2547,'Landes','40',1076),(2548,'Loir-et-Cher','41',1076),(2549,'Loire','42',1076),(2550,'Loire-Atlantique','44',1076),(2551,'Loiret','45',1076),(2552,'Lot','46',1076),(2553,'Lot-et-Garonne','47',1076),(2554,'Lozre','48',1076),(2555,'Maine-et-Loire','49',1076),(2556,'Manche','50',1076),(2557,'Marne','51',1076),(2558,'Mayenne','53',1076),(2559,'Meurthe-et-Moselle','54',1076),(2560,'Meuse','55',1076),(2561,'Morbihan','56',1076),(2562,'Moselle','57',1076),(2563,'Nivre','58',1076),(2564,'Nord','59',1076),(2565,'Oise','60',1076),(2566,'Orne','61',1076),(2567,'Paris','75',1076),(2568,'Pas-de-Calais','62',1076),(2569,'Puy-de-Dme','63',1076),(2570,'Pyrnes-Atlantiques','64',1076),(2571,'Pyrnes-Orientales','66',1076),(2572,'Rhne','69',1076),(2573,'Sane-et-Loire','71',1076),(2574,'Sarthe','72',1076),(2575,'Savoie','73',1076),(2576,'Seine-et-Marne','77',1076),(2577,'Seine-Maritime','76',1076),(2578,'Seine-Saint-Denis','93',1076),(2579,'Somme','80',1076),(2580,'Tarn','81',1076),(2581,'Tarn-et-Garonne','82',1076),(2582,'Val d\'Oise','95',1076),(2583,'Territoire de Belfort','90',1076),(2584,'Val-de-Marne','94',1076),(2585,'Var','83',1076),(2586,'Vaucluse','84',1076),(2587,'Vende','85',1076),(2588,'Vienne','86',1076),(2589,'Vosges','88',1076),(2590,'Yonne','89',1076),(2591,'Yvelines','78',1076),(2592,'Aberdeen City','ABE',1226),(2593,'Aberdeenshire','ABD',1226),(2594,'Angus','ANS',1226),(2595,'Co Antrim','ANT',1226),(2597,'Argyll and Bute','AGB',1226),(2598,'Co Armagh','ARM',1226),(2606,'Bedfordshire','BDF',1226),(2612,'Gwent','BGW',1226),(2620,'Bristol, City of','BST',1226),(2622,'Buckinghamshire','BKM',1226),(2626,'Cambridgeshire','CAM',1226),(2634,'Cheshire','CHS',1226),(2635,'Clackmannanshire','CLK',1226),(2639,'Cornwall','CON',1226),(2643,'Cumbria','CMA',1226),(2647,'Derbyshire','DBY',1226),(2648,'Co Londonderry','DRY',1226),(2649,'Devon','DEV',1226),(2651,'Dorset','DOR',1226),(2652,'Co Down','DOW',1226),(2654,'Dumfries and Galloway','DGY',1226),(2655,'Dundee City','DND',1226),(2657,'County Durham','DUR',1226),(2659,'East Ayrshire','EAY',1226),(2660,'East Dunbartonshire','EDU',1226),(2661,'East Lothian','ELN',1226),(2662,'East Renfrewshire','ERW',1226),(2663,'East Riding of Yorkshire','ERY',1226),(2664,'East Sussex','ESX',1226),(2665,'Edinburgh, City of','EDH',1226),(2666,'Na h-Eileanan Siar','ELS',1226),(2668,'Essex','ESS',1226),(2669,'Falkirk','FAL',1226),(2670,'Co Fermanagh','FER',1226),(2671,'Fife','FIF',1226),(2674,'Glasgow City','GLG',1226),(2675,'Gloucestershire','GLS',1226),(2678,'Gwynedd','GWN',1226),(2682,'Hampshire','HAM',1226),(2687,'Herefordshire','HEF',1226),(2688,'Hertfordshire','HRT',1226),(2689,'Highland','HED',1226),(2692,'Inverclyde','IVC',1226),(2694,'Isle of Wight','IOW',1226),(2699,'Kent','KEN',1226),(2705,'Lancashire','LAN',1226),(2709,'Leicestershire','LEC',1226),(2712,'Lincolnshire','LIN',1226),(2723,'Midlothian','MLN',1226),(2726,'Moray','MRY',1226),(2734,'Norfolk','NFK',1226),(2735,'North Ayrshire','NAY',1226),(2738,'North Lanarkshire','NLK',1226),(2742,'North Yorkshire','NYK',1226),(2743,'Northamptonshire','NTH',1226),(2744,'Northumberland','NBL',1226),(2746,'Nottinghamshire','NTT',1226),(2747,'Oldham','OLD',1226),(2748,'Omagh','OMH',1226),(2749,'Orkney Islands','ORR',1226),(2750,'Oxfordshire','OXF',1226),(2752,'Perth and Kinross','PKN',1226),(2757,'Powys','POW',1226),(2761,'Renfrewshire','RFW',1226),(2766,'Rutland','RUT',1226),(2770,'Scottish Borders','SCB',1226),(2773,'Shetland Islands','ZET',1226),(2774,'Shropshire','SHR',1226),(2777,'Somerset','SOM',1226),(2778,'South Ayrshire','SAY',1226),(2779,'South Gloucestershire','SGC',1226),(2780,'South Lanarkshire','SLK',1226),(2785,'Staffordshire','STS',1226),(2786,'Stirling','STG',1226),(2791,'Suffolk','SFK',1226),(2793,'Surrey','SRY',1226),(2804,'Mid Glamorgan','VGL',1226),(2811,'Warwickshire','WAR',1226),(2813,'West Dunbartonshire','WDU',1226),(2814,'West Lothian','WLN',1226),(2815,'West Sussex','WSX',1226),(2818,'Wiltshire','WIL',1226),(2823,'Worcestershire','WOR',1226),(2826,'Ashanti','AH',1083),(2827,'Brong-Ahafo','BA',1083),(2828,'Greater Accra','AA',1083),(2829,'Upper East','UE',1083),(2830,'Upper West','UW',1083),(2831,'Volta','TV',1083),(2832,'Banjul','B',1213),(2833,'Lower River','L',1213),(2834,'MacCarthy Island','M',1213),(2835,'North Bank','N',1213),(2836,'Upper River','U',1213),(2837,'Beyla','BE',1091),(2838,'Boffa','BF',1091),(2839,'Boke','BK',1091),(2840,'Coyah','CO',1091),(2841,'Dabola','DB',1091),(2842,'Dalaba','DL',1091),(2843,'Dinguiraye','DI',1091),(2844,'Dubreka','DU',1091),(2845,'Faranah','FA',1091),(2846,'Forecariah','FO',1091),(2847,'Fria','FR',1091),(2848,'Gaoual','GA',1091),(2849,'Guekedou','GU',1091),(2850,'Kankan','KA',1091),(2851,'Kerouane','KE',1091),(2852,'Kindia','KD',1091),(2853,'Kissidougou','KS',1091),(2854,'Koubia','KB',1091),(2855,'Koundara','KN',1091),(2856,'Kouroussa','KO',1091),(2857,'Labe','LA',1091),(2858,'Lelouma','LE',1091),(2859,'Lola','LO',1091),(2860,'Macenta','MC',1091),(2861,'Mali','ML',1091),(2862,'Mamou','MM',1091),(2863,'Mandiana','MD',1091),(2864,'Nzerekore','NZ',1091),(2865,'Pita','PI',1091),(2866,'Siguiri','SI',1091),(2867,'Telimele','TE',1091),(2868,'Tougue','TO',1091),(2869,'Yomou','YO',1091),(2870,'Region Continental','C',1067),(2871,'Region Insular','I',1067),(2872,'Annobon','AN',1067),(2873,'Bioko Norte','BN',1067),(2874,'Bioko Sur','BS',1067),(2875,'Centro Sur','CS',1067),(2876,'Kie-Ntem','KN',1067),(2877,'Litoral','LI',1067),(2878,'Wele-Nzas','WN',1067),(2879,'Achaa','13',1085),(2880,'Aitolia-Akarnania','01',1085),(2881,'Argolis','11',1085),(2882,'Arkadia','12',1085),(2883,'Arta','31',1085),(2884,'Attiki','A1',1085),(2885,'Chalkidiki','64',1085),(2886,'Chania','94',1085),(2887,'Chios','85',1085),(2888,'Dodekanisos','81',1085),(2889,'Drama','52',1085),(2890,'Evros','71',1085),(2891,'Evrytania','05',1085),(2892,'Evvoia','04',1085),(2893,'Florina','63',1085),(2894,'Fokis','07',1085),(2895,'Fthiotis','06',1085),(2896,'Grevena','51',1085),(2897,'Ileia','14',1085),(2898,'Imathia','53',1085),(2899,'Ioannina','33',1085),(2900,'Irakleion','91',1085),(2901,'Karditsa','41',1085),(2902,'Kastoria','56',1085),(2903,'Kavalla','55',1085),(2904,'Kefallinia','23',1085),(2905,'Kerkyra','22',1085),(2906,'Kilkis','57',1085),(2907,'Korinthia','15',1085),(2908,'Kozani','58',1085),(2909,'Kyklades','82',1085),(2910,'Lakonia','16',1085),(2911,'Larisa','42',1085),(2912,'Lasithion','92',1085),(2913,'Lefkas','24',1085),(2914,'Lesvos','83',1085),(2915,'Magnisia','43',1085),(2916,'Messinia','17',1085),(2917,'Pella','59',1085),(2918,'Preveza','34',1085),(2919,'Rethymnon','93',1085),(2920,'Rodopi','73',1085),(2921,'Samos','84',1085),(2922,'Serrai','62',1085),(2923,'Thesprotia','32',1085),(2924,'Thessaloniki','54',1085),(2925,'Trikala','44',1085),(2926,'Voiotia','03',1085),(2927,'Xanthi','72',1085),(2928,'Zakynthos','21',1085),(2929,'Agio Oros','69',1085),(2930,'Alta Verapez','AV',1090),(2931,'Baja Verapez','BV',1090),(2932,'Chimaltenango','CM',1090),(2933,'Chiquimula','CQ',1090),(2934,'El Progreso','PR',1090),(2935,'Escuintla','ES',1090),(2936,'Guatemala','GU',1090),(2937,'Huehuetenango','HU',1090),(2938,'Izabal','IZ',1090),(2939,'Jalapa','JA',1090),(2940,'Jutiapa','JU',1090),(2941,'Peten','PE',1090),(2942,'Quetzaltenango','QZ',1090),(2943,'Quiche','QC',1090),(2944,'Reta.thuleu','RE',1090),(2945,'Sacatepequez','SA',1090),(2946,'San Marcos','SM',1090),(2947,'Santa Rosa','SR',1090),(2948,'Solol6','SO',1090),(2949,'Suchitepequez','SU',1090),(2950,'Totonicapan','TO',1090),(2951,'Zacapa','ZA',1090),(2952,'Bissau','BS',1092),(2953,'Bafata','BA',1092),(2954,'Biombo','BM',1092),(2955,'Bolama','BL',1092),(2956,'Cacheu','CA',1092),(2957,'Gabu','GA',1092),(2958,'Oio','OI',1092),(2959,'Quloara','QU',1092),(2960,'Tombali S','TO',1092),(2961,'Barima-Waini','BA',1093),(2962,'Cuyuni-Mazaruni','CU',1093),(2963,'Demerara-Mahaica','DE',1093),(2964,'East Berbice-Corentyne','EB',1093),(2965,'Essequibo Islands-West Demerara','ES',1093),(2966,'Mahaica-Berbice','MA',1093),(2967,'Pomeroon-Supenaam','PM',1093),(2968,'Potaro-Siparuni','PT',1093),(2969,'Upper Demerara-Berbice','UD',1093),(2970,'Upper Takutu-Upper Essequibo','UT',1093),(2971,'Atlantida','AT',1097),(2972,'Colon','CL',1097),(2973,'Comayagua','CM',1097),(2974,'Copan','CP',1097),(2975,'Cortes','CR',1097),(2976,'Choluteca','CH',1097),(2977,'El Paraiso','EP',1097),(2978,'Francisco Morazan','FM',1097),(2979,'Gracias a Dios','GD',1097),(2980,'Intibuca','IN',1097),(2981,'Islas de la Bahia','IB',1097),(2982,'Lempira','LE',1097),(2983,'Ocotepeque','OC',1097),(2984,'Olancho','OL',1097),(2985,'Santa Barbara','SB',1097),(2986,'Valle','VA',1097),(2987,'Yoro','YO',1097),(2988,'Bjelovarsko-bilogorska zupanija','07',1055),(2989,'Brodsko-posavska zupanija','12',1055),(2990,'Dubrovacko-neretvanska zupanija','19',1055),(2991,'Istarska zupanija','18',1055),(2992,'Karlovacka zupanija','04',1055),(2993,'Koprivnickco-krizevacka zupanija','06',1055),(2994,'Krapinako-zagorska zupanija','02',1055),(2995,'Licko-senjska zupanija','09',1055),(2996,'Medimurska zupanija','20',1055),(2997,'Osjecko-baranjska zupanija','14',1055),(2998,'Pozesko-slavonska zupanija','11',1055),(2999,'Primorsko-goranska zupanija','08',1055),(3000,'Sisacko-moelavacka Iupanija','03',1055),(3001,'Splitako-dalmatinska zupanija','17',1055),(3002,'Sibenako-kninska zupanija','15',1055),(3003,'Varaidinska zupanija','05',1055),(3004,'VirovitiEko-podravska zupanija','10',1055),(3005,'VuRovarako-srijemska zupanija','16',1055),(3006,'Zadaraka','13',1055),(3007,'Zagrebacka zupanija','01',1055),(3008,'Grande-Anse','GA',1094),(3009,'Nord-Est','NE',1094),(3010,'Nord-Ouest','NO',1094),(3011,'Ouest','OU',1094),(3012,'Sud','SD',1094),(3013,'Sud-Est','SE',1094),(3014,'Budapest','BU',1099),(3015,'Bcs-Kiskun','BK',1099),(3016,'Baranya','BA',1099),(3017,'Bks','BE',1099),(3018,'Borsod-Abaj-Zempln','BZ',1099),(3019,'Csongrd','CS',1099),(3020,'Fejr','FE',1099),(3021,'Gyr-Moson-Sopron','GS',1099),(3022,'Hajdu-Bihar','HB',1099),(3023,'Heves','HE',1099),(3024,'Jsz-Nagykun-Szolnok','JN',1099),(3025,'Komrom-Esztergom','KE',1099),(3026,'Nogrd','NO',1099),(3027,'Pest','PE',1099),(3028,'Somogy','SO',1099),(3029,'Szabolcs-Szatmr-Bereg','SZ',1099),(3030,'Tolna','TO',1099),(3031,'Vas','VA',1099),(3032,'Veszprm','VE',1099),(3033,'Zala','ZA',1099),(3034,'Bkscsaba','BC',1099),(3035,'Debrecen','DE',1099),(3036,'Dunajvros','DU',1099),(3037,'Eger','EG',1099),(3038,'Gyr','GY',1099),(3039,'Hdmezvsrhely','HV',1099),(3040,'Kaposvr','KV',1099),(3041,'Kecskemt','KM',1099),(3042,'Miskolc','MI',1099),(3043,'Nagykanizsa','NK',1099),(3044,'Nyiregyhza','NY',1099),(3045,'Pcs','PS',1099),(3046,'Salgtarjn','ST',1099),(3047,'Sopron','SN',1099),(3048,'Szeged','SD',1099),(3049,'Szkesfehrvr','SF',1099),(3050,'Szekszrd','SS',1099),(3051,'Szolnok','SK',1099),(3052,'Szombathely','SH',1099),(3053,'Tatabnya','TB',1099),(3054,'Zalaegerszeg','ZE',1099),(3055,'Bali','BA',1102),(3056,'Bangka Belitung','BB',1102),(3057,'Banten','BT',1102),(3058,'Bengkulu','BE',1102),(3059,'Gorontalo','GO',1102),(3060,'Irian Jaya','IJ',1102),(3061,'Jambi','JA',1102),(3062,'Jawa Barat','JB',1102),(3063,'Jawa Tengah','JT',1102),(3064,'Jawa Timur','JI',1102),(3065,'Kalimantan Barat','KB',1102),(3066,'Kalimantan Timur','KT',1102),(3067,'Kalimantan Selatan','KS',1102),(3068,'Kepulauan Riau','KR',1102),(3069,'Lampung','LA',1102),(3070,'Maluku','MA',1102),(3071,'Maluku Utara','MU',1102),(3072,'Nusa Tenggara Barat','NB',1102),(3073,'Nusa Tenggara Timur','NT',1102),(3074,'Papua','PA',1102),(3075,'Riau','RI',1102),(3076,'Sulawesi Selatan','SN',1102),(3077,'Sulawesi Tengah','ST',1102),(3078,'Sulawesi Tenggara','SG',1102),(3079,'Sulawesi Utara','SA',1102),(3080,'Sumatra Barat','SB',1102),(3081,'Sumatra Selatan','SS',1102),(3082,'Sumatera Utara','SU',1102),(3083,'Jakarta Raya','JK',1102),(3084,'Aceh','AC',1102),(3085,'Yogyakarta','YO',1102),(3086,'Cork','C',1105),(3087,'Clare','CE',1105),(3088,'Cavan','CN',1105),(3089,'Carlow','CW',1105),(3090,'Dublin','D',1105),(3091,'Donegal','DL',1105),(3092,'Galway','G',1105),(3093,'Kildare','KE',1105),(3094,'Kilkenny','KK',1105),(3095,'Kerry','KY',1105),(3096,'Longford','LD',1105),(3097,'Louth','LH',1105),(3098,'Limerick','LK',1105),(3099,'Leitrim','LM',1105),(3100,'Laois','LS',1105),(3101,'Meath','MH',1105),(3102,'Monaghan','MN',1105),(3103,'Mayo','MO',1105),(3104,'Offaly','OY',1105),(3105,'Roscommon','RN',1105),(3106,'Sligo','SO',1105),(3107,'Tipperary','TA',1105),(3108,'Waterford','WD',1105),(3109,'Westmeath','WH',1105),(3110,'Wicklow','WW',1105),(3111,'Wexford','WX',1105),(3112,'HaDarom','D',1106),(3113,'HaMerkaz','M',1106),(3114,'HaZafon','Z',1106),(3115,'Haifa','HA',1106),(3116,'Tel-Aviv','TA',1106),(3117,'Jerusalem','JM',1106),(3118,'Al Anbar','AN',1104),(3119,'Al Ba,rah','BA',1104),(3120,'Al Muthanna','MU',1104),(3121,'Al Qadisiyah','QA',1104),(3122,'An Najef','NA',1104),(3123,'Arbil','AR',1104),(3124,'As Sulaymaniyah','SW',1104),(3125,'At Ta\'mim','TS',1104),(3126,'Babil','BB',1104),(3127,'Baghdad','BG',1104),(3128,'Dahuk','DA',1104),(3129,'Dhi Qar','DQ',1104),(3130,'Diyala','DI',1104),(3131,'Karbala\'','KA',1104),(3132,'Maysan','MA',1104),(3133,'Ninawa','NI',1104),(3134,'Salah ad Din','SD',1104),(3135,'Wasit','WA',1104),(3136,'Ardabil','03',1103),(3137,'Azarbayjan-e Gharbi','02',1103),(3138,'Azarbayjan-e Sharqi','01',1103),(3139,'Bushehr','06',1103),(3140,'Chahar Mahall va Bakhtiari','08',1103),(3141,'Esfahan','04',1103),(3142,'Fars','14',1103),(3143,'Gilan','19',1103),(3144,'Golestan','27',1103),(3145,'Hamadan','24',1103),(3146,'Hormozgan','23',1103),(3147,'Iiam','05',1103),(3148,'Kerman','15',1103),(3149,'Kermanshah','17',1103),(3150,'Khorasan','09',1103),(3151,'Khuzestan','10',1103),(3152,'Kohjiluyeh va Buyer Ahmad','18',1103),(3153,'Kordestan','16',1103),(3154,'Lorestan','20',1103),(3155,'Markazi','22',1103),(3156,'Mazandaran','21',1103),(3157,'Qazvin','28',1103),(3158,'Qom','26',1103),(3159,'Semnan','12',1103),(3160,'Sistan va Baluchestan','13',1103),(3161,'Tehran','07',1103),(3162,'Yazd','25',1103),(3163,'Zanjan','11',1103),(3164,'Austurland','7',1100),(3165,'Hofuoborgarsvaeoi utan Reykjavikur','1',1100),(3166,'Norourland eystra','6',1100),(3167,'Norourland vestra','5',1100),(3168,'Reykjavik','0',1100),(3169,'Suourland','8',1100),(3170,'Suournes','2',1100),(3171,'Vestfirolr','4',1100),(3172,'Vesturland','3',1100),(3173,'Agrigento','AG',1107),(3174,'Alessandria','AL',1107),(3175,'Ancona','AN',1107),(3176,'Aosta','AO',1107),(3177,'Arezzo','AR',1107),(3178,'Ascoli Piceno','AP',1107),(3179,'Asti','AT',1107),(3180,'Avellino','AV',1107),(3181,'Bari','BA',1107),(3182,'Belluno','BL',1107),(3183,'Benevento','BN',1107),(3184,'Bergamo','BG',1107),(3185,'Biella','BI',1107),(3186,'Bologna','BO',1107),(3187,'Bolzano','BZ',1107),(3188,'Brescia','BS',1107),(3189,'Brindisi','BR',1107),(3190,'Cagliari','CA',1107),(3191,'Caltanissetta','CL',1107),(3192,'Campobasso','CB',1107),(3193,'Caserta','CE',1107),(3194,'Catania','CT',1107),(3195,'Catanzaro','CZ',1107),(3196,'Chieti','CH',1107),(3197,'Como','CO',1107),(3198,'Cosenza','CS',1107),(3199,'Cremona','CR',1107),(3200,'Crotone','KR',1107),(3201,'Cuneo','CN',1107),(3202,'Enna','EN',1107),(3203,'Ferrara','FE',1107),(3204,'Firenze','FI',1107),(3205,'Foggia','FG',1107),(3206,'Forl-Cesena','FC',1107),(3207,'Frosinone','FR',1107),(3208,'Genova','GE',1107),(3209,'Gorizia','GO',1107),(3210,'Grosseto','GR',1107),(3211,'Imperia','IM',1107),(3212,'Isernia','IS',1107),(3213,'L\'Aquila','AQ',1107),(3214,'La Spezia','SP',1107),(3215,'Latina','LT',1107),(3216,'Lecce','LE',1107),(3217,'Lecco','LC',1107),(3218,'Livorno','LI',1107),(3219,'Lodi','LO',1107),(3220,'Lucca','LU',1107),(3221,'Macerata','MC',1107),(3222,'Mantova','MN',1107),(3223,'Massa-Carrara','MS',1107),(3224,'Matera','MT',1107),(3225,'Messina','ME',1107),(3226,'Milano','MI',1107),(3227,'Modena','MO',1107),(3228,'Napoli','NA',1107),(3229,'Novara','NO',1107),(3230,'Nuoro','NU',1107),(3231,'Oristano','OR',1107),(3232,'Padova','PD',1107),(3233,'Palermo','PA',1107),(3234,'Parma','PR',1107),(3235,'Pavia','PV',1107),(3236,'Perugia','PG',1107),(3237,'Pesaro e Urbino','PU',1107),(3238,'Pescara','PE',1107),(3239,'Piacenza','PC',1107),(3240,'Pisa','PI',1107),(3241,'Pistoia','PT',1107),(3242,'Pordenone','PN',1107),(3243,'Potenza','PZ',1107),(3244,'Prato','PO',1107),(3245,'Ragusa','RG',1107),(3246,'Ravenna','RA',1107),(3247,'Reggio Calabria','RC',1107),(3248,'Reggio Emilia','RE',1107),(3249,'Rieti','RI',1107),(3250,'Rimini','RN',1107),(3251,'Roma','RM',1107),(3252,'Rovigo','RO',1107),(3253,'Salerno','SA',1107),(3254,'Sassari','SS',1107),(3255,'Savona','SV',1107),(3256,'Siena','SI',1107),(3257,'Siracusa','SR',1107),(3258,'Sondrio','SO',1107),(3259,'Taranto','TA',1107),(3260,'Teramo','TE',1107),(3261,'Terni','TR',1107),(3262,'Torino','TO',1107),(3263,'Trapani','TP',1107),(3264,'Trento','TN',1107),(3265,'Treviso','TV',1107),(3266,'Trieste','TS',1107),(3267,'Udine','UD',1107),(3268,'Varese','VA',1107),(3269,'Venezia','VE',1107),(3270,'Verbano-Cusio-Ossola','VB',1107),(3271,'Vercelli','VC',1107),(3272,'Verona','VR',1107),(3273,'Vibo Valentia','VV',1107),(3274,'Vicenza','VI',1107),(3275,'Viterbo','VT',1107),(3276,'Aichi','23',1109),(3277,'Akita','05',1109),(3278,'Aomori','02',1109),(3279,'Chiba','12',1109),(3280,'Ehime','38',1109),(3281,'Fukui','18',1109),(3282,'Fukuoka','40',1109),(3283,'Fukusima','07',1109),(3284,'Gifu','21',1109),(3285,'Gunma','10',1109),(3286,'Hiroshima','34',1109),(3287,'Hokkaido','01',1109),(3288,'Hyogo','28',1109),(3289,'Ibaraki','08',1109),(3290,'Ishikawa','17',1109),(3291,'Iwate','03',1109),(3292,'Kagawa','37',1109),(3293,'Kagoshima','46',1109),(3294,'Kanagawa','14',1109),(3295,'Kochi','39',1109),(3296,'Kumamoto','43',1109),(3297,'Kyoto','26',1109),(3298,'Mie','24',1109),(3299,'Miyagi','04',1109),(3300,'Miyazaki','45',1109),(3301,'Nagano','20',1109),(3302,'Nagasaki','42',1109),(3303,'Nara','29',1109),(3304,'Niigata','15',1109),(3305,'Oita','44',1109),(3306,'Okayama','33',1109),(3307,'Okinawa','47',1109),(3308,'Osaka','27',1109),(3309,'Saga','41',1109),(3310,'Saitama','11',1109),(3311,'Shiga','25',1109),(3312,'Shimane','32',1109),(3313,'Shizuoka','22',1109),(3314,'Tochigi','09',1109),(3315,'Tokushima','36',1109),(3316,'Tokyo','13',1109),(3317,'Tottori','31',1109),(3318,'Toyama','16',1109),(3319,'Wakayama','30',1109),(3320,'Yamagata','06',1109),(3321,'Yamaguchi','35',1109),(3322,'Yamanashi','19',1109),(3323,'Clarendon','CN',1108),(3324,'Hanover','HR',1108),(3325,'Kingston','KN',1108),(3326,'Portland','PD',1108),(3327,'Saint Andrew','AW',1108),(3328,'Saint Ann','AN',1108),(3329,'Saint Catherine','CE',1108),(3330,'Saint Elizabeth','EH',1108),(3331,'Saint James','JS',1108),(3332,'Saint Mary','MY',1108),(3333,'Saint Thomas','TS',1108),(3334,'Trelawny','TY',1108),(3335,'Westmoreland','WD',1108),(3336,'Ajln','AJ',1110),(3337,'Al \'Aqaba','AQ',1110),(3338,'Al Balqa\'','BA',1110),(3339,'Al Karak','KA',1110),(3340,'Al Mafraq','MA',1110),(3341,'Amman','AM',1110),(3342,'At Tafilah','AT',1110),(3343,'Az Zarga','AZ',1110),(3344,'Irbid','JR',1110),(3345,'Jarash','JA',1110),(3346,'Ma\'an','MN',1110),(3347,'Madaba','MD',1110),(3348,'Nairobi Municipality','110',1112),(3349,'Coast','300',1112),(3350,'North-Eastern Kaskazini Mashariki','500',1112),(3351,'Rift Valley','700',1112),(3352,'Western Magharibi','900',1112),(3353,'Bishkek','GB',1117),(3354,'Batken','B',1117),(3355,'Chu','C',1117),(3356,'Jalal-Abad','J',1117),(3357,'Naryn','N',1117),(3358,'Osh','O',1117),(3359,'Talas','T',1117),(3360,'Ysyk-Kol','Y',1117),(3361,'Krong Kaeb','23',1037),(3362,'Krong Pailin','24',1037),(3363,'Xrong Preah Sihanouk','18',1037),(3364,'Phnom Penh','12',1037),(3365,'Baat Dambang','2',1037),(3366,'Banteay Mean Chey','1',1037),(3367,'Rampong Chaam','3',1037),(3368,'Kampong Chhnang','4',1037),(3369,'Kampong Spueu','5',1037),(3370,'Kampong Thum','6',1037),(3371,'Kampot','7',1037),(3372,'Kandaal','8',1037),(3373,'Kach Kong','9',1037),(3374,'Krachoh','10',1037),(3375,'Mondol Kiri','11',1037),(3376,'Otdar Mean Chey','22',1037),(3377,'Pousaat','15',1037),(3378,'Preah Vihear','13',1037),(3379,'Prey Veaeng','14',1037),(3380,'Rotanak Kiri','16',1037),(3381,'Siem Reab','17',1037),(3382,'Stueng Traeng','19',1037),(3383,'Svaay Rieng','20',1037),(3384,'Taakaev','21',1037),(3385,'Gilbert Islands','G',1113),(3386,'Line Islands','L',1113),(3387,'Phoenix Islands','P',1113),(3388,'Anjouan Ndzouani','A',1049),(3389,'Grande Comore Ngazidja','G',1049),(3390,'Moheli Moili','M',1049),(3391,'Kaesong-si','KAE',1114),(3392,'Nampo-si','NAM',1114),(3393,'Pyongyang-ai','PYO',1114),(3394,'Chagang-do','CHA',1114),(3395,'Hamgyongbuk-do','HAB',1114),(3396,'Hamgyongnam-do','HAN',1114),(3397,'Hwanghaebuk-do','HWB',1114),(3398,'Hwanghaenam-do','HWN',1114),(3399,'Kangwon-do','KAN',1114),(3400,'Pyonganbuk-do','PYB',1114),(3401,'Pyongannam-do','PYN',1114),(3402,'Yanggang-do','YAN',1114),(3403,'Najin Sonbong-si','NAJ',1114),(3404,'Seoul Teugbyeolsi','11',1115),(3405,'Busan Gwang\'yeogsi','26',1115),(3406,'Daegu Gwang\'yeogsi','27',1115),(3407,'Daejeon Gwang\'yeogsi','30',1115),(3408,'Gwangju Gwang\'yeogsi','29',1115),(3409,'Incheon Gwang\'yeogsi','28',1115),(3410,'Ulsan Gwang\'yeogsi','31',1115),(3411,'Chungcheongbugdo','43',1115),(3412,'Chungcheongnamdo','44',1115),(3413,'Gang\'weondo','42',1115),(3414,'Gyeonggido','41',1115),(3415,'Gyeongsangbugdo','47',1115),(3416,'Gyeongsangnamdo','48',1115),(3417,'Jejudo','49',1115),(3418,'Jeonrabugdo','45',1115),(3419,'Jeonranamdo','46',1115),(3420,'Al Ahmadi','AH',1116),(3421,'Al Farwanlyah','FA',1116),(3422,'Al Jahrah','JA',1116),(3423,'Al Kuwayt','KU',1116),(3424,'Hawalli','HA',1116),(3425,'Almaty','ALA',1111),(3426,'Astana','AST',1111),(3427,'Almaty oblysy','ALM',1111),(3428,'Aqmola oblysy','AKM',1111),(3429,'Aqtobe oblysy','AKT',1111),(3430,'Atyrau oblyfiy','ATY',1111),(3431,'Batys Quzaqstan oblysy','ZAP',1111),(3432,'Mangghystau oblysy','MAN',1111),(3433,'Ongtustik Quzaqstan oblysy','YUZ',1111),(3434,'Pavlodar oblysy','PAV',1111),(3435,'Qaraghandy oblysy','KAR',1111),(3436,'Qostanay oblysy','KUS',1111),(3437,'Qyzylorda oblysy','KZY',1111),(3438,'Shyghys Quzaqstan oblysy','VOS',1111),(3439,'Soltustik Quzaqstan oblysy','SEV',1111),(3440,'Zhambyl oblysy Zhambylskaya oblast\'','ZHA',1111),(3441,'Vientiane','VT',1118),(3442,'Attapu','AT',1118),(3443,'Bokeo','BK',1118),(3444,'Bolikhamxai','BL',1118),(3445,'Champasak','CH',1118),(3446,'Houaphan','HO',1118),(3447,'Khammouan','KH',1118),(3448,'Louang Namtha','LM',1118),(3449,'Louangphabang','LP',1118),(3450,'Oudomxai','OU',1118),(3451,'Phongsali','PH',1118),(3452,'Salavan','SL',1118),(3453,'Savannakhet','SV',1118),(3454,'Xaignabouli','XA',1118),(3455,'Xiasomboun','XN',1118),(3456,'Xekong','XE',1118),(3457,'Xiangkhoang','XI',1118),(3458,'Beirout','BA',1120),(3459,'El Begsa','BI',1120),(3460,'Jabal Loubnane','JL',1120),(3461,'Loubnane ech Chemali','AS',1120),(3462,'Loubnane ej Jnoubi','JA',1120),(3463,'Nabatiye','NA',1120),(3464,'Ampara','52',1199),(3465,'Anuradhapura','71',1199),(3466,'Badulla','81',1199),(3467,'Batticaloa','51',1199),(3468,'Colombo','11',1199),(3469,'Galle','31',1199),(3470,'Gampaha','12',1199),(3471,'Hambantota','33',1199),(3472,'Jaffna','41',1199),(3473,'Kalutara','13',1199),(3474,'Kandy','21',1199),(3475,'Kegalla','92',1199),(3476,'Kilinochchi','42',1199),(3477,'Kurunegala','61',1199),(3478,'Mannar','43',1199),(3479,'Matale','22',1199),(3480,'Matara','32',1199),(3481,'Monaragala','82',1199),(3482,'Mullaittivu','45',1199),(3483,'Nuwara Eliya','23',1199),(3484,'Polonnaruwa','72',1199),(3485,'Puttalum','62',1199),(3486,'Ratnapura','91',1199),(3487,'Trincomalee','53',1199),(3488,'VavunLya','44',1199),(3489,'Bomi','BM',1122),(3490,'Bong','BG',1122),(3491,'Grand Basaa','GB',1122),(3492,'Grand Cape Mount','CM',1122),(3493,'Grand Gedeh','GG',1122),(3494,'Grand Kru','GK',1122),(3495,'Lofa','LO',1122),(3496,'Margibi','MG',1122),(3497,'Maryland','MY',1122),(3498,'Montserrado','MO',1122),(3499,'Nimba','NI',1122),(3500,'Rivercess','RI',1122),(3501,'Sinoe','SI',1122),(3502,'Berea','D',1121),(3503,'Butha-Buthe','B',1121),(3504,'Leribe','C',1121),(3505,'Mafeteng','E',1121),(3506,'Maseru','A',1121),(3507,'Mohale\'s Hoek','F',1121),(3508,'Mokhotlong','J',1121),(3509,'Qacha\'s Nek','H',1121),(3510,'Quthing','G',1121),(3511,'Thaba-Tseka','K',1121),(3512,'Alytaus Apskritis','AL',1125),(3513,'Kauno Apskritis','KU',1125),(3514,'Klaipedos Apskritis','KL',1125),(3515,'Marijampoles Apskritis','MR',1125),(3516,'Panevezio Apskritis','PN',1125),(3517,'Sisuliu Apskritis','SA',1125),(3518,'Taurages Apskritis','TA',1125),(3519,'Telsiu Apskritis','TE',1125),(3520,'Utenos Apskritis','UT',1125),(3521,'Vilniaus Apskritis','VL',1125),(3522,'Diekirch','D',1126),(3523,'GreveNmacher','G',1126),(3524,'Aizkraukles Apripkis','AI',1119),(3525,'Alkanes Apripkis','AL',1119),(3526,'Balvu Apripkis','BL',1119),(3527,'Bauskas Apripkis','BU',1119),(3528,'Cesu Aprikis','CE',1119),(3529,'Daugavpile Apripkis','DA',1119),(3530,'Dobeles Apripkis','DO',1119),(3531,'Gulbenes Aprlpkis','GU',1119),(3532,'Jelgavas Apripkis','JL',1119),(3533,'Jekabpils Apripkis','JK',1119),(3534,'Kraslavas Apripkis','KR',1119),(3535,'Kuldlgas Apripkis','KU',1119),(3536,'Limbazu Apripkis','LM',1119),(3537,'Liepajas Apripkis','LE',1119),(3538,'Ludzas Apripkis','LU',1119),(3539,'Madonas Apripkis','MA',1119),(3540,'Ogres Apripkis','OG',1119),(3541,'Preilu Apripkis','PR',1119),(3542,'Rezaknes Apripkis','RE',1119),(3543,'Rigas Apripkis','RI',1119),(3544,'Saldus Apripkis','SA',1119),(3545,'Talsu Apripkis','TA',1119),(3546,'Tukuma Apriplcis','TU',1119),(3547,'Valkas Apripkis','VK',1119),(3548,'Valmieras Apripkis','VM',1119),(3549,'Ventspils Apripkis','VE',1119),(3550,'Daugavpils','DGV',1119),(3551,'Jelgava','JEL',1119),(3552,'Jurmala','JUR',1119),(3553,'Liepaja','LPX',1119),(3554,'Rezekne','REZ',1119),(3555,'Riga','RIX',1119),(3556,'Ventspils','VEN',1119),(3557,'Ajdbiy','AJ',1123),(3558,'Al Bunn','BU',1123),(3559,'Al Hizm al Akhdar','HZ',1123),(3560,'Al Jabal al Akhdar','JA',1123),(3561,'Al Jifrah','JI',1123),(3562,'Al Jufrah','JU',1123),(3563,'Al Kufrah','KF',1123),(3564,'Al Marj','MJ',1123),(3565,'Al Marqab','MB',1123),(3566,'Al Qarn','QT',1123),(3567,'Al Qubbah','QB',1123),(3568,'Al Whah','WA',1123),(3569,'An Nuqa al Khams','NQ',1123),(3570,'Ash Shi\'','SH',1123),(3571,'Az Zwiyah','ZA',1123),(3572,'Banghz','BA',1123),(3573,'Ban Wald','BW',1123),(3574,'Darnah','DR',1123),(3575,'Ghadmis','GD',1123),(3576,'Gharyn','GR',1123),(3577,'Ght','GT',1123),(3578,'Jaghbb','JB',1123),(3579,'Mirtah','MI',1123),(3580,'Mizdah','MZ',1123),(3581,'Murzuq','MQ',1123),(3582,'Nlt','NL',1123),(3583,'Sabh','SB',1123),(3584,'abrtah urmn','SS',1123),(3585,'Surt','SR',1123),(3586,'Tjr\' wa an Nawh al Arbh','TN',1123),(3587,'arbulus','TB',1123),(3588,'Tarhnah-Masalltah','TM',1123),(3589,'Wd al hayt','WD',1123),(3590,'Yafran-Jd','YJ',1123),(3591,'Agadir','AGD',1146),(3592,'At Baha','BAH',1146),(3593,'At Melloul','MEL',1146),(3594,'Al Haouz','HAO',1146),(3595,'Al Hocema','HOC',1146),(3596,'Assa-Zag','ASZ',1146),(3597,'Azilal','AZI',1146),(3598,'Beni Mellal','BEM',1146),(3599,'Ben Sllmane','BES',1146),(3600,'Berkane','BER',1146),(3601,'Boujdour','BOD',1146),(3602,'Boulemane','BOM',1146),(3603,'Casablanca  [Dar el Beda]','CAS',1146),(3604,'Chefchaouene','CHE',1146),(3605,'Chichaoua','CHI',1146),(3606,'El Hajeb','HAJ',1146),(3607,'El Jadida','JDI',1146),(3608,'Errachidia','ERR',1146),(3609,'Essaouira','ESI',1146),(3610,'Es Smara','ESM',1146),(3611,'Fs','FES',1146),(3612,'Figuig','FIG',1146),(3613,'Guelmim','GUE',1146),(3614,'Ifrane','IFR',1146),(3615,'Jerada','JRA',1146),(3616,'Kelaat Sraghna','KES',1146),(3617,'Knitra','KEN',1146),(3618,'Khemisaet','KHE',1146),(3619,'Khenifra','KHN',1146),(3620,'Khouribga','KHO',1146),(3621,'Layoune (EH)','LAA',1146),(3622,'Larache','LAP',1146),(3623,'Marrakech','MAR',1146),(3624,'Meknss','MEK',1146),(3625,'Nador','NAD',1146),(3626,'Ouarzazate','OUA',1146),(3627,'Oued ed Dahab (EH)','OUD',1146),(3628,'Oujda','OUJ',1146),(3629,'Rabat-Sal','RBA',1146),(3630,'Safi','SAF',1146),(3631,'Sefrou','SEF',1146),(3632,'Settat','SET',1146),(3633,'Sidl Kacem','SIK',1146),(3634,'Tanger','TNG',1146),(3635,'Tan-Tan','TNT',1146),(3636,'Taounate','TAO',1146),(3637,'Taroudannt','TAR',1146),(3638,'Tata','TAT',1146),(3639,'Taza','TAZ',1146),(3640,'Ttouan','TET',1146),(3641,'Tiznit','TIZ',1146),(3642,'Gagauzia, Unitate Teritoriala Autonoma','GA',1142),(3643,'Chisinau','CU',1142),(3644,'Stinga Nistrului, unitatea teritoriala din','SN',1142),(3645,'Balti','BA',1142),(3646,'Cahul','CA',1142),(3647,'Edinet','ED',1142),(3648,'Lapusna','LA',1142),(3649,'Orhei','OR',1142),(3650,'Soroca','SO',1142),(3651,'Taraclia','TA',1142),(3652,'Tighina [Bender]','TI',1142),(3653,'Ungheni','UN',1142),(3654,'Antananarivo','T',1129),(3655,'Antsiranana','D',1129),(3656,'Fianarantsoa','F',1129),(3657,'Mahajanga','M',1129),(3658,'Toamasina','A',1129),(3659,'Toliara','U',1129),(3660,'Ailinglapalap','ALL',1135),(3661,'Ailuk','ALK',1135),(3662,'Arno','ARN',1135),(3663,'Aur','AUR',1135),(3664,'Ebon','EBO',1135),(3665,'Eniwetok','ENI',1135),(3666,'Jaluit','JAL',1135),(3667,'Kili','KIL',1135),(3668,'Kwajalein','KWA',1135),(3669,'Lae','LAE',1135),(3670,'Lib','LIB',1135),(3671,'Likiep','LIK',1135),(3672,'Majuro','MAJ',1135),(3673,'Maloelap','MAL',1135),(3674,'Mejit','MEJ',1135),(3675,'Mili','MIL',1135),(3676,'Namorik','NMK',1135),(3677,'Namu','NMU',1135),(3678,'Rongelap','RON',1135),(3679,'Ujae','UJA',1135),(3680,'Ujelang','UJL',1135),(3681,'Utirik','UTI',1135),(3682,'Wotho','WTN',1135),(3683,'Wotje','WTJ',1135),(3684,'Bamako','BK0',1133),(3685,'Gao','7',1133),(3686,'Kayes','1',1133),(3687,'Kidal','8',1133),(3688,'Xoulikoro','2',1133),(3689,'Mopti','5',1133),(3690,'S69ou','4',1133),(3691,'Sikasso','3',1133),(3692,'Tombouctou','6',1133),(3693,'Ayeyarwady','07',1035),(3694,'Bago','02',1035),(3695,'Magway','03',1035),(3696,'Mandalay','04',1035),(3697,'Sagaing','01',1035),(3698,'Tanintharyi','05',1035),(3699,'Yangon','06',1035),(3700,'Chin','14',1035),(3701,'Kachin','11',1035),(3702,'Kayah','12',1035),(3703,'Kayin','13',1035),(3704,'Mon','15',1035),(3705,'Rakhine','16',1035),(3706,'Shan','17',1035),(3707,'Ulaanbaatar','1',1144),(3708,'Arhangay','073',1144),(3709,'Bayanhongor','069',1144),(3710,'Bayan-Olgiy','071',1144),(3711,'Bulgan','067',1144),(3712,'Darhan uul','037',1144),(3713,'Dornod','061',1144),(3714,'Dornogov,','063',1144),(3715,'DundgovL','059',1144),(3716,'Dzavhan','057',1144),(3717,'Govi-Altay','065',1144),(3718,'Govi-Smber','064',1144),(3719,'Hentiy','039',1144),(3720,'Hovd','043',1144),(3721,'Hovsgol','041',1144),(3722,'Omnogovi','053',1144),(3723,'Orhon','035',1144),(3724,'Ovorhangay','055',1144),(3725,'Selenge','049',1144),(3726,'Shbaatar','051',1144),(3727,'Tov','047',1144),(3728,'Uvs','046',1144),(3729,'Nouakchott','NKC',1137),(3730,'Assaba','03',1137),(3731,'Brakna','05',1137),(3732,'Dakhlet Nouadhibou','08',1137),(3733,'Gorgol','04',1137),(3734,'Guidimaka','10',1137),(3735,'Hodh ech Chargui','01',1137),(3736,'Hodh el Charbi','02',1137),(3737,'Inchiri','12',1137),(3738,'Tagant','09',1137),(3739,'Tiris Zemmour','11',1137),(3740,'Trarza','06',1137),(3741,'Beau Bassin-Rose Hill','BR',1138),(3742,'Curepipe','CU',1138),(3743,'Port Louis','PU',1138),(3744,'Quatre Bornes','QB',1138),(3745,'Vacosa-Phoenix','VP',1138),(3746,'Black River','BL',1138),(3747,'Flacq','FL',1138),(3748,'Grand Port','GP',1138),(3749,'Moka','MO',1138),(3750,'Pamplemousses','PA',1138),(3751,'Plaines Wilhems','PW',1138),(3752,'Riviere du Rempart','RP',1138),(3753,'Savanne','SA',1138),(3754,'Agalega Islands','AG',1138),(3755,'Cargados Carajos Shoals','CC',1138),(3756,'Rodrigues Island','RO',1138),(3757,'Male','MLE',1132),(3758,'Alif','02',1132),(3759,'Baa','20',1132),(3760,'Dhaalu','17',1132),(3761,'Faafu','14',1132),(3762,'Gaaf Alif','27',1132),(3763,'Gaefu Dhaalu','28',1132),(3764,'Gnaviyani','29',1132),(3765,'Haa Alif','07',1132),(3766,'Haa Dhaalu','23',1132),(3767,'Kaafu','26',1132),(3768,'Laamu','05',1132),(3769,'Lhaviyani','03',1132),(3770,'Meemu','12',1132),(3771,'Noonu','25',1132),(3772,'Raa','13',1132),(3773,'Seenu','01',1132),(3774,'Shaviyani','24',1132),(3775,'Thaa','08',1132),(3776,'Vaavu','04',1132),(3777,'Balaka','BA',1130),(3778,'Blantyre','BL',1130),(3779,'Chikwawa','CK',1130),(3780,'Chiradzulu','CR',1130),(3781,'Chitipa','CT',1130),(3782,'Dedza','DE',1130),(3783,'Dowa','DO',1130),(3784,'Karonga','KR',1130),(3785,'Kasungu','KS',1130),(3786,'Likoma Island','LK',1130),(3787,'Lilongwe','LI',1130),(3788,'Machinga','MH',1130),(3789,'Mangochi','MG',1130),(3790,'Mchinji','MC',1130),(3791,'Mulanje','MU',1130),(3792,'Mwanza','MW',1130),(3793,'Mzimba','MZ',1130),(3794,'Nkhata Bay','NB',1130),(3795,'Nkhotakota','NK',1130),(3796,'Nsanje','NS',1130),(3797,'Ntcheu','NU',1130),(3798,'Ntchisi','NI',1130),(3799,'Phalomba','PH',1130),(3800,'Rumphi','RU',1130),(3801,'Salima','SA',1130),(3802,'Thyolo','TH',1130),(3803,'Zomba','ZO',1130),(3804,'Aguascalientes','AGU',1140),(3805,'Baja California','BCN',1140),(3806,'Baja California Sur','BCS',1140),(3807,'Campeche','CAM',1140),(3808,'Coahuila','COA',1140),(3809,'Colima','COL',1140),(3810,'Chiapas','CHP',1140),(3811,'Chihuahua','CHH',1140),(3812,'Durango','DUR',1140),(3813,'Guanajuato','GUA',1140),(3814,'Guerrero','GRO',1140),(3815,'Hidalgo','HID',1140),(3816,'Jalisco','JAL',1140),(3817,'Mexico','MEX',1140),(3818,'Michoacin','MIC',1140),(3819,'Morelos','MOR',1140),(3820,'Nayarit','NAY',1140),(3821,'Nuevo Leon','NLE',1140),(3822,'Oaxaca','OAX',1140),(3823,'Puebla','PUE',1140),(3824,'Queretaro','QUE',1140),(3825,'Quintana Roo','ROO',1140),(3826,'San Luis Potosi','SLP',1140),(3827,'Sinaloa','SIN',1140),(3828,'Sonora','SON',1140),(3829,'Tabasco','TAB',1140),(3830,'Tamaulipas','TAM',1140),(3831,'Tlaxcala','TLA',1140),(3832,'Veracruz','VER',1140),(3833,'Yucatan','YUC',1140),(3834,'Zacatecas','ZAC',1140),(3835,'Wilayah Persekutuan Kuala Lumpur','14',1131),(3836,'Wilayah Persekutuan Labuan','15',1131),(3837,'Wilayah Persekutuan Putrajaya','16',1131),(3838,'Johor','01',1131),(3839,'Kedah','02',1131),(3840,'Kelantan','03',1131),(3841,'Melaka','04',1131),(3842,'Negeri Sembilan','05',1131),(3843,'Pahang','06',1131),(3844,'Perak','08',1131),(3845,'Perlis','09',1131),(3846,'Pulau Pinang','07',1131),(3847,'Sabah','12',1131),(3848,'Sarawak','13',1131),(3849,'Selangor','10',1131),(3850,'Terengganu','11',1131),(3851,'Maputo','MPM',1147),(3852,'Cabo Delgado','P',1147),(3853,'Gaza','G',1147),(3854,'Inhambane','I',1147),(3855,'Manica','B',1147),(3856,'Numpula','N',1147),(3857,'Niaaea','A',1147),(3858,'Sofala','S',1147),(3859,'Tete','T',1147),(3860,'Zambezia','Q',1147),(3861,'Caprivi','CA',1148),(3862,'Erongo','ER',1148),(3863,'Hardap','HA',1148),(3864,'Karas','KA',1148),(3865,'Khomas','KH',1148),(3866,'Kunene','KU',1148),(3867,'Ohangwena','OW',1148),(3868,'Okavango','OK',1148),(3869,'Omaheke','OH',1148),(3870,'Omusati','OS',1148),(3871,'Oshana','ON',1148),(3872,'Oshikoto','OT',1148),(3873,'Otjozondjupa','OD',1148),(3874,'Niamey','8',1156),(3875,'Agadez','1',1156),(3876,'Diffa','2',1156),(3877,'Dosso','3',1156),(3878,'Maradi','4',1156),(3879,'Tahoua','S',1156),(3880,'Tillaberi','6',1156),(3881,'Zinder','7',1156),(3882,'Abuja Capital Territory','FC',1157),(3883,'Abia','AB',1157),(3884,'Adamawa','AD',1157),(3885,'Akwa Ibom','AK',1157),(3886,'Anambra','AN',1157),(3887,'Bauchi','BA',1157),(3888,'Bayelsa','BY',1157),(3889,'Benue','BE',1157),(3890,'Borno','BO',1157),(3891,'Cross River','CR',1157),(3892,'Delta','DE',1157),(3893,'Ebonyi','EB',1157),(3894,'Edo','ED',1157),(3895,'Ekiti','EK',1157),(3896,'Enugu','EN',1157),(3897,'Gombe','GO',1157),(3898,'Imo','IM',1157),(3899,'Jigawa','JI',1157),(3900,'Kaduna','KD',1157),(3901,'Kano','KN',1157),(3902,'Katsina','KT',1157),(3903,'Kebbi','KE',1157),(3904,'Kogi','KO',1157),(3905,'Kwara','KW',1157),(3906,'Lagos','LA',1157),(3907,'Nassarawa','NA',1157),(3908,'Niger','NI',1157),(3909,'Ogun','OG',1157),(3910,'Ondo','ON',1157),(3911,'Osun','OS',1157),(3912,'Oyo','OY',1157),(3913,'Rivers','RI',1157),(3914,'Sokoto','SO',1157),(3915,'Taraba','TA',1157),(3916,'Yobe','YO',1157),(3917,'Zamfara','ZA',1157),(3918,'Boaco','BO',1155),(3919,'Carazo','CA',1155),(3920,'Chinandega','CI',1155),(3921,'Chontales','CO',1155),(3922,'Esteli','ES',1155),(3923,'Jinotega','JI',1155),(3924,'Leon','LE',1155),(3925,'Madriz','MD',1155),(3926,'Managua','MN',1155),(3927,'Masaya','MS',1155),(3928,'Matagalpa','MT',1155),(3929,'Nueva Segovia','NS',1155),(3930,'Rio San Juan','SJ',1155),(3931,'Rivas','RI',1155),(3932,'Atlantico Norte','AN',1155),(3933,'Atlantico Sur','AS',1155),(3934,'Drente','DR',1152),(3935,'Flevoland','FL',1152),(3936,'Friesland','FR',1152),(3937,'Gelderland','GL',1152),(3938,'Groningen','GR',1152),(3939,'Noord-Brabant','NB',1152),(3940,'Noord-Holland','NH',1152),(3941,'Overijssel','OV',1152),(3942,'Utrecht','UT',1152),(3943,'Zuid-Holland','ZH',1152),(3944,'Zeeland','ZL',1152),(3945,'Akershus','02',1161),(3946,'Aust-Agder','09',1161),(3947,'Buskerud','06',1161),(3948,'Finumark','20',1161),(3949,'Hedmark','04',1161),(3950,'Hordaland','12',1161),(3951,'Mire og Romsdal','15',1161),(3952,'Nordland','18',1161),(3953,'Nord-Trindelag','17',1161),(3954,'Oppland','05',1161),(3955,'Oslo','03',1161),(3956,'Rogaland','11',1161),(3957,'Sogn og Fjordane','14',1161),(3958,'Sir-Trindelag','16',1161),(3959,'Telemark','06',1161),(3960,'Troms','19',1161),(3961,'Vest-Agder','10',1161),(3962,'Vestfold','07',1161),(3963,'Ostfold','01',1161),(3964,'Jan Mayen','22',1161),(3965,'Svalbard','21',1161),(3966,'Auckland','AUK',1154),(3967,'Bay of Plenty','BOP',1154),(3968,'Canterbury','CAN',1154),(3969,'Gisborne','GIS',1154),(3970,'Hawkes Bay','HKB',1154),(3971,'Manawatu-Wanganui','MWT',1154),(3972,'Marlborough','MBH',1154),(3973,'Nelson','NSN',1154),(3974,'Northland','NTL',1154),(3975,'Otago','OTA',1154),(3976,'Southland','STL',1154),(3977,'Taranaki','TKI',1154),(3978,'Tasman','TAS',1154),(3979,'waikato','WKO',1154),(3980,'Wellington','WGN',1154),(3981,'West Coast','WTC',1154),(3982,'Ad Dakhillyah','DA',1162),(3983,'Al Batinah','BA',1162),(3984,'Al Janblyah','JA',1162),(3985,'Al Wusta','WU',1162),(3986,'Ash Sharqlyah','SH',1162),(3987,'Az Zahirah','ZA',1162),(3988,'Masqat','MA',1162),(3989,'Musandam','MU',1162),(3990,'Bocas del Toro','1',1166),(3991,'Cocle','2',1166),(3992,'Chiriqui','4',1166),(3993,'Darien','5',1166),(3994,'Herrera','6',1166),(3995,'Loa Santoa','7',1166),(3996,'Panama','8',1166),(3997,'Veraguas','9',1166),(3998,'Comarca de San Blas','Q',1166),(3999,'El Callao','CAL',1169),(4000,'Ancash','ANC',1169),(4001,'Apurimac','APU',1169),(4002,'Arequipa','ARE',1169),(4003,'Ayacucho','AYA',1169),(4004,'Cajamarca','CAJ',1169),(4005,'Cuzco','CUS',1169),(4006,'Huancavelica','HUV',1169),(4007,'Huanuco','HUC',1169),(4008,'Ica','ICA',1169),(4009,'Junin','JUN',1169),(4010,'La Libertad','LAL',1169),(4011,'Lambayeque','LAM',1169),(4012,'Lima','LIM',1169),(4013,'Loreto','LOR',1169),(4014,'Madre de Dios','MDD',1169),(4015,'Moquegua','MOQ',1169),(4016,'Pasco','PAS',1169),(4017,'Piura','PIU',1169),(4018,'Puno','PUN',1169),(4019,'San Martin','SAM',1169),(4020,'Tacna','TAC',1169),(4021,'Tumbes','TUM',1169),(4022,'Ucayali','UCA',1169),(4023,'National Capital District (Port Moresby)','NCD',1167),(4024,'Chimbu','CPK',1167),(4025,'Eastern Highlands','EHG',1167),(4026,'East New Britain','EBR',1167),(4027,'East Sepik','ESW',1167),(4028,'Enga','EPW',1167),(4029,'Gulf','GPK',1167),(4030,'Madang','MPM',1167),(4031,'Manus','MRL',1167),(4032,'Milne Bay','MBA',1167),(4033,'Morobe','MPL',1167),(4034,'New Ireland','NIK',1167),(4035,'North Solomons','NSA',1167),(4036,'Santaun','SAN',1167),(4037,'Southern Highlands','SHM',1167),(4038,'Western Highlands','WHM',1167),(4039,'West New Britain','WBK',1167),(4040,'Abra','ABR',1170),(4041,'Agusan del Norte','AGN',1170),(4042,'Agusan del Sur','AGS',1170),(4043,'Aklan','AKL',1170),(4044,'Albay','ALB',1170),(4045,'Antique','ANT',1170),(4046,'Apayao','APA',1170),(4047,'Aurora','AUR',1170),(4048,'Basilan','BAS',1170),(4049,'Batasn','BAN',1170),(4050,'Batanes','BTN',1170),(4051,'Batangas','BTG',1170),(4052,'Benguet','BEN',1170),(4053,'Biliran','BIL',1170),(4054,'Bohol','BOH',1170),(4055,'Bukidnon','BUK',1170),(4056,'Bulacan','BUL',1170),(4057,'Cagayan','CAG',1170),(4058,'Camarines Norte','CAN',1170),(4059,'Camarines Sur','CAS',1170),(4060,'Camiguin','CAM',1170),(4061,'Capiz','CAP',1170),(4062,'Catanduanes','CAT',1170),(4063,'Cavite','CAV',1170),(4064,'Cebu','CEB',1170),(4065,'Compostela Valley','COM',1170),(4066,'Davao','DAV',1170),(4067,'Davao del Sur','DAS',1170),(4068,'Davao Oriental','DAO',1170),(4069,'Eastern Samar','EAS',1170),(4070,'Guimaras','GUI',1170),(4071,'Ifugao','IFU',1170),(4072,'Ilocos Norte','ILN',1170),(4073,'Ilocos Sur','ILS',1170),(4074,'Iloilo','ILI',1170),(4075,'Isabela','ISA',1170),(4076,'Kalinga-Apayso','KAL',1170),(4077,'Laguna','LAG',1170),(4078,'Lanao del Norte','LAN',1170),(4079,'Lanao del Sur','LAS',1170),(4080,'La Union','LUN',1170),(4081,'Leyte','LEY',1170),(4082,'Maguindanao','MAG',1170),(4083,'Marinduque','MAD',1170),(4084,'Masbate','MAS',1170),(4085,'Mindoro Occidental','MDC',1170),(4086,'Mindoro Oriental','MDR',1170),(4087,'Misamis Occidental','MSC',1170),(4088,'Misamis Oriental','MSR',1170),(4089,'Mountain Province','MOU',1170),(4090,'Negroe Occidental','NEC',1170),(4091,'Negros Oriental','NER',1170),(4092,'North Cotabato','NCO',1170),(4093,'Northern Samar','NSA',1170),(4094,'Nueva Ecija','NUE',1170),(4095,'Nueva Vizcaya','NUV',1170),(4096,'Palawan','PLW',1170),(4097,'Pampanga','PAM',1170),(4098,'Pangasinan','PAN',1170),(4099,'Quezon','QUE',1170),(4100,'Quirino','QUI',1170),(4101,'Rizal','RIZ',1170),(4102,'Romblon','ROM',1170),(4103,'Sarangani','SAR',1170),(4104,'Siquijor','SIG',1170),(4105,'Sorsogon','SOR',1170),(4106,'South Cotabato','SCO',1170),(4107,'Southern Leyte','SLE',1170),(4108,'Sultan Kudarat','SUK',1170),(4109,'Sulu','SLU',1170),(4110,'Surigao del Norte','SUN',1170),(4111,'Surigao del Sur','SUR',1170),(4112,'Tarlac','TAR',1170),(4113,'Tawi-Tawi','TAW',1170),(4114,'Western Samar','WSA',1170),(4115,'Zambales','ZMB',1170),(4116,'Zamboanga del Norte','ZAN',1170),(4117,'Zamboanga del Sur','ZAS',1170),(4118,'Zamboanga Sibiguey','ZSI',1170),(4119,'Islamabad','IS',1163),(4120,'Baluchistan (en)','BA',1163),(4121,'North-West Frontier','NW',1163),(4122,'Sind (en)','SD',1163),(4123,'Federally Administered Tribal Aresa','TA',1163),(4124,'Azad Rashmir','JK',1163),(4125,'Northern Areas','NA',1163),(4126,'Aveiro','01',1173),(4127,'Beja','02',1173),(4128,'Braga','03',1173),(4129,'Braganca','04',1173),(4130,'Castelo Branco','05',1173),(4131,'Colmbra','06',1173),(4132,'Ovora','07',1173),(4133,'Faro','08',1173),(4134,'Guarda','09',1173),(4135,'Leiria','10',1173),(4136,'Lisboa','11',1173),(4137,'Portalegre','12',1173),(4138,'Porto','13',1173),(4139,'Santarem','14',1173),(4140,'Setubal','15',1173),(4141,'Viana do Castelo','16',1173),(4142,'Vila Real','17',1173),(4143,'Viseu','18',1173),(4144,'Regiao Autonoma dos Acores','20',1173),(4145,'Regiao Autonoma da Madeira','30',1173),(4146,'Asuncion','ASU',1168),(4147,'Alto Paraguay','16',1168),(4148,'Alto Parana','10',1168),(4149,'Amambay','13',1168),(4150,'Boqueron','19',1168),(4151,'Caeguazu','5',1168),(4152,'Caazapl','6',1168),(4153,'Canindeyu','14',1168),(4154,'Concepcion','1',1168),(4155,'Cordillera','3',1168),(4156,'Guaira','4',1168),(4157,'Itapua','7',1168),(4158,'Miaiones','8',1168),(4159,'Neembucu','12',1168),(4160,'Paraguari','9',1168),(4161,'Presidente Hayes','15',1168),(4162,'San Pedro','2',1168),(4163,'Ad Dawhah','DA',1175),(4164,'Al Ghuwayriyah','GH',1175),(4165,'Al Jumayliyah','JU',1175),(4166,'Al Khawr','KH',1175),(4167,'Al Wakrah','WA',1175),(4168,'Ar Rayyan','RA',1175),(4169,'Jariyan al Batnah','JB',1175),(4170,'Madinat ash Shamal','MS',1175),(4171,'Umm Salal','US',1175),(4172,'Bucuresti','B',1176),(4173,'Alba','AB',1176),(4174,'Arad','AR',1176),(4175,'Arges','AG',1176),(4176,'Bacau','BC',1176),(4177,'Bihor','BH',1176),(4178,'Bistrita-Nasaud','BN',1176),(4179,'Boto\'ani','BT',1176),(4180,'Bra\'ov','BV',1176),(4181,'Braila','BR',1176),(4182,'Buzau','BZ',1176),(4183,'Caras-Severin','CS',1176),(4184,'Ca la ras\'i','CL',1176),(4185,'Cluj','CJ',1176),(4186,'Constant\'a','CT',1176),(4187,'Covasna','CV',1176),(4188,'Dambovit\'a','DB',1176),(4189,'Dolj','DJ',1176),(4190,'Galat\'i','GL',1176),(4191,'Giurgiu','GR',1176),(4192,'Gorj','GJ',1176),(4193,'Harghita','HR',1176),(4194,'Hunedoara','HD',1176),(4195,'Ialomit\'a','IL',1176),(4196,'Ias\'i','IS',1176),(4197,'Ilfov','IF',1176),(4198,'Maramures','MM',1176),(4199,'Mehedint\'i','MH',1176),(4200,'Mures','MS',1176),(4201,'Neamt','NT',1176),(4202,'Olt','OT',1176),(4203,'Prahova','PH',1176),(4204,'Satu Mare','SM',1176),(4205,'Sa laj','SJ',1176),(4206,'Sibiu','SB',1176),(4207,'Suceava','SV',1176),(4208,'Teleorman','TR',1176),(4209,'Timis','TM',1176),(4210,'Tulcea','TL',1176),(4211,'Vaslui','VS',1176),(4212,'Valcea','VL',1176),(4213,'Vrancea','VN',1176),(4214,'Adygeya, Respublika','AD',1177),(4215,'Altay, Respublika','AL',1177),(4216,'Bashkortostan, Respublika','BA',1177),(4217,'Buryatiya, Respublika','BU',1177),(4218,'Chechenskaya Respublika','CE',1177),(4219,'Chuvashskaya Respublika','CU',1177),(4220,'Dagestan, Respublika','DA',1177),(4221,'Ingushskaya Respublika','IN',1177),(4222,'Kabardino-Balkarskaya','KB',1177),(4223,'Kalmykiya, Respublika','KL',1177),(4224,'Karachayevo-Cherkesskaya Respublika','KC',1177),(4225,'Kareliya, Respublika','KR',1177),(4226,'Khakasiya, Respublika','KK',1177),(4227,'Komi, Respublika','KO',1177),(4228,'Mariy El, Respublika','ME',1177),(4229,'Mordoviya, Respublika','MO',1177),(4230,'Sakha, Respublika [Yakutiya]','SA',1177),(4231,'Severnaya Osetiya, Respublika','SE',1177),(4232,'Tatarstan, Respublika','TA',1177),(4233,'Tyva, Respublika [Tuva]','TY',1177),(4234,'Udmurtskaya Respublika','UD',1177),(4235,'Altayskiy kray','ALT',1177),(4236,'Khabarovskiy kray','KHA',1177),(4237,'Krasnodarskiy kray','KDA',1177),(4238,'Krasnoyarskiy kray','KYA',1177),(4239,'Primorskiy kray','PRI',1177),(4240,'Stavropol\'skiy kray','STA',1177),(4241,'Amurskaya oblast\'','AMU',1177),(4242,'Arkhangel\'skaya oblast\'','ARK',1177),(4243,'Astrakhanskaya oblast\'','AST',1177),(4244,'Belgorodskaya oblast\'','BEL',1177),(4245,'Bryanskaya oblast\'','BRY',1177),(4246,'Chelyabinskaya oblast\'','CHE',1177),(4247,'Chitinskaya oblast\'','CHI',1177),(4248,'Irkutskaya oblast\'','IRK',1177),(4249,'Ivanovskaya oblast\'','IVA',1177),(4250,'Kaliningradskaya oblast\'','KGD',1177),(4251,'Kaluzhskaya oblast\'','KLU',1177),(4252,'Kamchatskaya oblast\'','KAM',1177),(4253,'Kemerovskaya oblast\'','KEM',1177),(4254,'Kirovskaya oblast\'','KIR',1177),(4255,'Kostromskaya oblast\'','KOS',1177),(4256,'Kurganskaya oblast\'','KGN',1177),(4257,'Kurskaya oblast\'','KRS',1177),(4258,'Leningradskaya oblast\'','LEN',1177),(4259,'Lipetskaya oblast\'','LIP',1177),(4260,'Magadanskaya oblast\'','MAG',1177),(4261,'Moskovskaya oblast\'','MOS',1177),(4262,'Murmanskaya oblast\'','MUR',1177),(4263,'Nizhegorodskaya oblast\'','NIZ',1177),(4264,'Novgorodskaya oblast\'','NGR',1177),(4265,'Novosibirskaya oblast\'','NVS',1177),(4266,'Omskaya oblast\'','OMS',1177),(4267,'Orenburgskaya oblast\'','ORE',1177),(4268,'Orlovskaya oblast\'','ORL',1177),(4269,'Penzenskaya oblast\'','PNZ',1177),(4270,'Permskaya oblast\'','PER',1177),(4271,'Pskovskaya oblast\'','PSK',1177),(4272,'Rostovskaya oblast\'','ROS',1177),(4273,'Ryazanskaya oblast\'','RYA',1177),(4274,'Sakhalinskaya oblast\'','SAK',1177),(4275,'Samarskaya oblast\'','SAM',1177),(4276,'Saratovskaya oblast\'','SAR',1177),(4277,'Smolenskaya oblast\'','SMO',1177),(4278,'Sverdlovskaya oblast\'','SVE',1177),(4279,'Tambovskaya oblast\'','TAM',1177),(4280,'Tomskaya oblast\'','TOM',1177),(4281,'Tul\'skaya oblast\'','TUL',1177),(4282,'Tverskaya oblast\'','TVE',1177),(4283,'Tyumenskaya oblast\'','TYU',1177),(4284,'Ul\'yanovskaya oblast\'','ULY',1177),(4285,'Vladimirskaya oblast\'','VLA',1177),(4286,'Volgogradskaya oblast\'','VGG',1177),(4287,'Vologodskaya oblast\'','VLG',1177),(4288,'Voronezhskaya oblast\'','VOR',1177),(4289,'Yaroslavskaya oblast\'','YAR',1177),(4290,'Moskva','MOW',1177),(4291,'Sankt-Peterburg','SPE',1177),(4292,'Yevreyskaya avtonomnaya oblast\'','YEV',1177),(4293,'Aginskiy Buryatskiy avtonomnyy','AGB',1177),(4294,'Chukotskiy avtonomnyy okrug','CHU',1177),(4295,'Evenkiyskiy avtonomnyy okrug','EVE',1177),(4296,'Khanty-Mansiyskiy avtonomnyy okrug','KHM',1177),(4297,'Komi-Permyatskiy avtonomnyy okrug','KOP',1177),(4298,'Koryakskiy avtonomnyy okrug','KOR',1177),(4299,'Nenetskiy avtonomnyy okrug','NEN',1177),(4300,'Taymyrskiy (Dolgano-Nenetskiy)','TAY',1177),(4301,'Ust\'-Ordynskiy Buryatskiy','UOB',1177),(4302,'Yamalo-Nenetskiy avtonomnyy okrug','YAN',1177),(4303,'Butare','C',1178),(4304,'Byumba','I',1178),(4305,'Cyangugu','E',1178),(4306,'Gikongoro','D',1178),(4307,'Gisenyi','G',1178),(4308,'Gitarama','B',1178),(4309,'Kibungo','J',1178),(4310,'Kibuye','F',1178),(4311,'Kigali-Rural Kigali y\' Icyaro','K',1178),(4312,'Kigali-Ville Kigali Ngari','L',1178),(4313,'Mutara','M',1178),(4314,'Ruhengeri','H',1178),(4315,'Al Batah','11',1187),(4316,'Al H,udd ash Shamallyah','08',1187),(4317,'Al Jawf','12',1187),(4318,'Al Madinah','03',1187),(4319,'Al Qasim','05',1187),(4320,'Ar Riyad','01',1187),(4321,'Asir','14',1187),(4322,'Ha\'il','06',1187),(4323,'Jlzan','09',1187),(4324,'Makkah','02',1187),(4325,'Najran','10',1187),(4326,'Tabuk','07',1187),(4327,'Capital Territory (Honiara)','CT',1194),(4328,'Guadalcanal','GU',1194),(4329,'Isabel','IS',1194),(4330,'Makira','MK',1194),(4331,'Malaita','ML',1194),(4332,'Temotu','TE',1194),(4333,'A\'ali an Nil','23',1200),(4334,'Al Bah al Ahmar','26',1200),(4335,'Al Buhayrat','18',1200),(4336,'Al Jazirah','07',1200),(4337,'Al Khartum','03',1200),(4338,'Al Qadarif','06',1200),(4339,'Al Wahdah','22',1200),(4340,'An Nil','04',1200),(4341,'An Nil al Abyaq','08',1200),(4342,'An Nil al Azraq','24',1200),(4343,'Ash Shamallyah','01',1200),(4344,'Bahr al Jabal','17',1200),(4345,'Gharb al Istiwa\'iyah','16',1200),(4346,'Gharb Ba~r al Ghazal','14',1200),(4347,'Gharb Darfur','12',1200),(4348,'Gharb Kurdufan','10',1200),(4349,'Janub Darfur','11',1200),(4350,'Janub Rurdufan','13',1200),(4351,'Jnqall','20',1200),(4352,'Kassala','05',1200),(4353,'Shamal Batr al Ghazal','15',1200),(4354,'Shamal Darfur','02',1200),(4355,'Shamal Kurdufan','09',1200),(4356,'Sharq al Istiwa\'iyah','19',1200),(4357,'Sinnar','25',1200),(4358,'Warab','21',1200),(4359,'Blekinge lan','K',1204),(4360,'Dalarnas lan','W',1204),(4361,'Gotlands lan','I',1204),(4362,'Gavleborge lan','X',1204),(4363,'Hallands lan','N',1204),(4364,'Jamtlande lan','Z',1204),(4365,'Jonkopings lan','F',1204),(4366,'Kalmar lan','H',1204),(4367,'Kronoberge lan','G',1204),(4368,'Norrbottena lan','BD',1204),(4369,'Skane lan','M',1204),(4370,'Stockholms lan','AB',1204),(4371,'Sodermanlands lan','D',1204),(4372,'Uppsala lan','C',1204),(4373,'Varmlanda lan','S',1204),(4374,'Vasterbottens lan','AC',1204),(4375,'Vasternorrlands lan','Y',1204),(4376,'Vastmanlanda lan','U',1204),(4377,'Vastra Gotalands lan','Q',1204),(4378,'Orebro lan','T',1204),(4379,'Ostergotlands lan','E',1204),(4380,'Saint Helena','SH',1180),(4381,'Ascension','AC',1180),(4382,'Tristan da Cunha','TA',1180),(4383,'Ajdovscina','001',1193),(4384,'Beltinci','002',1193),(4385,'Benedikt','148',1193),(4386,'Bistrica ob Sotli','149',1193),(4387,'Bled','003',1193),(4388,'Bloke','150',1193),(4389,'Bohinj','004',1193),(4390,'Borovnica','005',1193),(4391,'Bovec','006',1193),(4392,'Braslovce','151',1193),(4393,'Brda','007',1193),(4394,'Brezovica','008',1193),(4395,'Brezica','009',1193),(4396,'Cankova','152',1193),(4397,'Celje','011',1193),(4398,'Cerklje na Gorenjskem','012',1193),(4399,'Cerknica','013',1193),(4400,'Cerkno','014',1193),(4401,'Cerkvenjak','153',1193),(4402,'Crensovci','015',1193),(4403,'Crna na Koroskem','016',1193),(4404,'Crnomelj','017',1193),(4405,'Destrnik','018',1193),(4406,'Divaca','019',1193),(4407,'Dobje','154',1193),(4408,'Dobrepolje','020',1193),(4409,'Dobrna','155',1193),(4410,'Dobrova-Polhov Gradec','021',1193),(4411,'Dobrovnik','156',1193),(4412,'Dol pri Ljubljani','022',1193),(4413,'Dolenjske Toplice','157',1193),(4414,'Domzale','023',1193),(4415,'Dornava','024',1193),(4416,'Dravograd','025',1193),(4417,'Duplek','026',1193),(4418,'Gorenja vas-Poljane','027',1193),(4419,'Gorsnica','028',1193),(4420,'Gornja Radgona','029',1193),(4421,'Gornji Grad','030',1193),(4422,'Gornji Petrovci','031',1193),(4423,'Grad','158',1193),(4424,'Grosuplje','032',1193),(4425,'Hajdina','159',1193),(4426,'Hoce-Slivnica','160',1193),(4427,'Hodos','161',1193),(4428,'Jorjul','162',1193),(4429,'Hrastnik','034',1193),(4430,'Hrpelje-Kozina','035',1193),(4431,'Idrija','036',1193),(4432,'Ig','037',1193),(4433,'IIrska Bistrica','038',1193),(4434,'Ivancna Gorica','039',1193),(4435,'Izola','040',1193),(4436,'Jesenice','041',1193),(4437,'Jezersko','163',1193),(4438,'Jursinci','042',1193),(4439,'Kamnik','043',1193),(4440,'Kanal','044',1193),(4441,'Kidricevo','045',1193),(4442,'Kobarid','046',1193),(4443,'Kobilje','047',1193),(4444,'Jovevje','048',1193),(4445,'Komen','049',1193),(4446,'Komenda','164',1193),(4447,'Koper','050',1193),(4448,'Kostel','165',1193),(4449,'Kozje','051',1193),(4450,'Kranj','052',1193),(4451,'Kranjska Gora','053',1193),(4452,'Krizevci','166',1193),(4453,'Krsko','054',1193),(4454,'Kungota','055',1193),(4455,'Kuzma','056',1193),(4456,'Lasko','057',1193),(4457,'Lenart','058',1193),(4458,'Lendava','059',1193),(4459,'Litija','060',1193),(4460,'Ljubljana','061',1193),(4461,'Ljubno','062',1193),(4462,'Ljutomer','063',1193),(4463,'Logatec','064',1193),(4464,'Loska dolina','065',1193),(4465,'Loski Potok','066',1193),(4466,'Lovrenc na Pohorju','167',1193),(4467,'Luce','067',1193),(4468,'Lukovica','068',1193),(4469,'Majsperk','069',1193),(4470,'Maribor','070',1193),(4471,'Markovci','168',1193),(4472,'Medvode','071',1193),(4473,'Menges','072',1193),(4474,'Metlika','073',1193),(4475,'Mezica','074',1193),(4476,'Miklavz na Dravskern polju','169',1193),(4477,'Miren-Kostanjevica','075',1193),(4478,'Mirna Pec','170',1193),(4479,'Mislinja','076',1193),(4480,'Moravce','077',1193),(4481,'Moravske Toplice','078',1193),(4482,'Mozirje','079',1193),(4483,'Murska Sobota','080',1193),(4484,'Muta','081',1193),(4485,'Naklo','082',1193),(4486,'Nazarje','083',1193),(4487,'Nova Gorica','084',1193),(4488,'Nova mesto','085',1193),(4489,'Sveta Ana','181',1193),(4490,'Sveti Andraz v Slovenskih goricah','182',1193),(4491,'Sveti Jurij','116',1193),(4492,'Salovci','033',1193),(4493,'Sempeter-Vrtojba','183',1193),(4494,'Sencur','117',1193),(4495,'Sentilj','118',1193),(4496,'Sentjernej','119',1193),(4497,'Sentjur pri Celju','120',1193),(4498,'Skocjan','121',1193),(4499,'Skofja Loka','122',1193),(4500,'Skoftjica','123',1193),(4501,'Smarje pri Jelsah','124',1193),(4502,'Smartno ob Paki','125',1193),(4503,'Smartno pri Litiji','194',1193),(4504,'Sostanj','126',1193),(4505,'Store','127',1193),(4506,'Tabor','184',1193),(4507,'Tisina','010',1193),(4508,'Tolmin','128',1193),(4509,'Trbovje','129',1193),(4510,'Trebnje','130',1193),(4511,'Trnovska vas','185',1193),(4512,'Trzic','131',1193),(4513,'Trzin','186',1193),(4514,'Turnisce','132',1193),(4515,'Velenje','133',1193),(4516,'Velika Polana','187',1193),(4517,'Velika Lasce','134',1193),(4518,'Verzej','188',1193),(4519,'Videm','135',1193),(4520,'Vipava','136',1193),(4521,'Vitanje','137',1193),(4522,'Vojnik','138',1193),(4523,'Vransko','189',1193),(4524,'Vrhnika','140',1193),(4525,'Vuzenica','141',1193),(4526,'Zagorje ob Savi','142',1193),(4527,'Zavrc','143',1193),(4528,'Zrece','144',1193),(4529,'Zalec','190',1193),(4530,'Zelezniki','146',1193),(4531,'Zetale','191',1193),(4532,'Ziri','147',1193),(4533,'Zirovnica','192',1193),(4534,'Zuzemberk','193',1193),(4535,'Banskobystrick kraj','BC',1192),(4536,'Bratislavsk kraj','BL',1192),(4537,'Koick kraj','KI',1192),(4538,'Nitriansky kraj','NJ',1192),(4539,'Preovsk kraj','PV',1192),(4540,'Treniansky kraj','TC',1192),(4541,'Trnavsk kraj','TA',1192),(4542,'ilinsk kraj','ZI',1192),(4543,'Western Area (Freetown)','W',1190),(4544,'Dakar','DK',1188),(4545,'Diourbel','DB',1188),(4546,'Fatick','FK',1188),(4547,'Kaolack','KL',1188),(4548,'Kolda','KD',1188),(4549,'Louga','LG',1188),(4550,'Matam','MT',1188),(4551,'Saint-Louis','SL',1188),(4552,'Tambacounda','TC',1188),(4553,'Thies','TH',1188),(4554,'Ziguinchor','ZG',1188),(4555,'Awdal','AW',1195),(4556,'Bakool','BK',1195),(4557,'Banaadir','BN',1195),(4558,'Bay','BY',1195),(4559,'Galguduud','GA',1195),(4560,'Gedo','GE',1195),(4561,'Hiirsan','HI',1195),(4562,'Jubbada Dhexe','JD',1195),(4563,'Jubbada Hoose','JH',1195),(4564,'Mudug','MU',1195),(4565,'Nugaal','NU',1195),(4566,'Saneag','SA',1195),(4567,'Shabeellaha Dhexe','SD',1195),(4568,'Shabeellaha Hoose','SH',1195),(4569,'Sool','SO',1195),(4570,'Togdheer','TO',1195),(4571,'Woqooyi Galbeed','WO',1195),(4572,'Brokopondo','BR',1201),(4573,'Commewijne','CM',1201),(4574,'Coronie','CR',1201),(4575,'Marowijne','MA',1201),(4576,'Nickerie','NI',1201),(4577,'Paramaribo','PM',1201),(4578,'Saramacca','SA',1201),(4579,'Sipaliwini','SI',1201),(4580,'Wanica','WA',1201),(4581,'Principe','P',1207),(4582,'Sao Tome','S',1207),(4583,'Ahuachapan','AH',1066),(4584,'Cabanas','CA',1066),(4585,'Cuscatlan','CU',1066),(4586,'Chalatenango','CH',1066),(4587,'Morazan','MO',1066),(4588,'San Miguel','SM',1066),(4589,'San Salvador','SS',1066),(4590,'Santa Ana','SA',1066),(4591,'San Vicente','SV',1066),(4592,'Sonsonate','SO',1066),(4593,'Usulutan','US',1066),(4594,'Al Hasakah','HA',1206),(4595,'Al Ladhiqiyah','LA',1206),(4596,'Al Qunaytirah','QU',1206),(4597,'Ar Raqqah','RA',1206),(4598,'As Suwayda\'','SU',1206),(4599,'Dar\'a','DR',1206),(4600,'Dayr az Zawr','DY',1206),(4601,'Dimashq','DI',1206),(4602,'Halab','HL',1206),(4603,'Hamah','HM',1206),(4604,'Jim\'','HI',1206),(4605,'Idlib','ID',1206),(4606,'Rif Dimashq','RD',1206),(4607,'Tarts','TA',1206),(4608,'Hhohho','HH',1203),(4609,'Lubombo','LU',1203),(4610,'Manzini','MA',1203),(4611,'Shiselweni','SH',1203),(4612,'Batha','BA',1043),(4613,'Biltine','BI',1043),(4614,'Borkou-Ennedi-Tibesti','BET',1043),(4615,'Chari-Baguirmi','CB',1043),(4616,'Guera','GR',1043),(4617,'Kanem','KA',1043),(4618,'Lac','LC',1043),(4619,'Logone-Occidental','LO',1043),(4620,'Logone-Oriental','LR',1043),(4621,'Mayo-Kebbi','MK',1043),(4622,'Moyen-Chari','MC',1043),(4623,'Ouaddai','OD',1043),(4624,'Salamat','SA',1043),(4625,'Tandjile','TA',1043),(4626,'Kara','K',1214),(4627,'Maritime (Region)','M',1214),(4628,'Savannes','S',1214),(4629,'Krung Thep Maha Nakhon Bangkok','10',1211),(4630,'Phatthaya','S',1211),(4631,'Amnat Charoen','37',1211),(4632,'Ang Thong','15',1211),(4633,'Buri Ram','31',1211),(4634,'Chachoengsao','24',1211),(4635,'Chai Nat','18',1211),(4636,'Chaiyaphum','36',1211),(4637,'Chanthaburi','22',1211),(4638,'Chiang Mai','50',1211),(4639,'Chiang Rai','57',1211),(4640,'Chon Buri','20',1211),(4641,'Chumphon','86',1211),(4642,'Kalasin','46',1211),(4643,'Kamphasng Phet','62',1211),(4644,'Kanchanaburi','71',1211),(4645,'Khon Kaen','40',1211),(4646,'Krabi','81',1211),(4647,'Lampang','52',1211),(4648,'Lamphun','51',1211),(4649,'Loei','42',1211),(4650,'Lop Buri','16',1211),(4651,'Mae Hong Son','58',1211),(4652,'Maha Sarakham','44',1211),(4653,'Mukdahan','49',1211),(4654,'Nakhon Nayok','26',1211),(4655,'Nakhon Pathom','73',1211),(4656,'Nakhon Phanom','48',1211),(4657,'Nakhon Ratchasima','30',1211),(4658,'Nakhon Sawan','60',1211),(4659,'Nakhon Si Thammarat','80',1211),(4660,'Nan','55',1211),(4661,'Narathiwat','96',1211),(4662,'Nong Bua Lam Phu','39',1211),(4663,'Nong Khai','43',1211),(4664,'Nonthaburi','12',1211),(4665,'Pathum Thani','13',1211),(4666,'Pattani','94',1211),(4667,'Phangnga','82',1211),(4668,'Phatthalung','93',1211),(4669,'Phayao','56',1211),(4670,'Phetchabun','67',1211),(4671,'Phetchaburi','76',1211),(4672,'Phichit','66',1211),(4673,'Phitsanulok','65',1211),(4674,'Phrae','54',1211),(4675,'Phra Nakhon Si Ayutthaya','14',1211),(4676,'Phaket','83',1211),(4677,'Prachin Buri','25',1211),(4678,'Prachuap Khiri Khan','77',1211),(4679,'Ranong','85',1211),(4680,'Ratchaburi','70',1211),(4681,'Rayong','21',1211),(4682,'Roi Et','45',1211),(4683,'Sa Kaeo','27',1211),(4684,'Sakon Nakhon','47',1211),(4685,'Samut Prakan','11',1211),(4686,'Samut Sakhon','74',1211),(4687,'Samut Songkhram','75',1211),(4688,'Saraburi','19',1211),(4689,'Satun','91',1211),(4690,'Sing Buri','17',1211),(4691,'Si Sa Ket','33',1211),(4692,'Songkhla','90',1211),(4693,'Sukhothai','64',1211),(4694,'Suphan Buri','72',1211),(4695,'Surat Thani','84',1211),(4696,'Surin','32',1211),(4697,'Tak','63',1211),(4698,'Trang','92',1211),(4699,'Trat','23',1211),(4700,'Ubon Ratchathani','34',1211),(4701,'Udon Thani','41',1211),(4702,'Uthai Thani','61',1211),(4703,'Uttaradit','53',1211),(4704,'Yala','95',1211),(4705,'Yasothon','35',1211),(4706,'Sughd','SU',1209),(4707,'Khatlon','KT',1209),(4708,'Gorno-Badakhshan','GB',1209),(4709,'Ahal','A',1220),(4710,'Balkan','B',1220),(4711,'Dasoguz','D',1220),(4712,'Lebap','L',1220),(4713,'Mary','M',1220),(4714,'Bja','31',1218),(4715,'Ben Arous','13',1218),(4716,'Bizerte','23',1218),(4717,'Gabs','81',1218),(4718,'Gafsa','71',1218),(4719,'Jendouba','32',1218),(4720,'Kairouan','41',1218),(4721,'Rasserine','42',1218),(4722,'Kebili','73',1218),(4723,'L\'Ariana','12',1218),(4724,'Le Ref','33',1218),(4725,'Mahdia','53',1218),(4726,'La Manouba','14',1218),(4727,'Medenine','82',1218),(4728,'Moneatir','52',1218),(4729,'Naboul','21',1218),(4730,'Sfax','61',1218),(4731,'Sidi Bouxid','43',1218),(4732,'Siliana','34',1218),(4733,'Sousse','51',1218),(4734,'Tataouine','83',1218),(4735,'Tozeur','72',1218),(4736,'Tunis','11',1218),(4737,'Zaghouan','22',1218),(4738,'Adana','01',1219),(4739,'Ad yaman','02',1219),(4740,'Afyon','03',1219),(4741,'Ag r','04',1219),(4742,'Aksaray','68',1219),(4743,'Amasya','05',1219),(4744,'Ankara','06',1219),(4745,'Antalya','07',1219),(4746,'Ardahan','75',1219),(4747,'Artvin','08',1219),(4748,'Aydin','09',1219),(4749,'Bal kesir','10',1219),(4750,'Bartin','74',1219),(4751,'Batman','72',1219),(4752,'Bayburt','69',1219),(4753,'Bilecik','11',1219),(4754,'Bingol','12',1219),(4755,'Bitlis','13',1219),(4756,'Bolu','14',1219),(4757,'Burdur','15',1219),(4758,'Bursa','16',1219),(4759,'Canakkale','17',1219),(4760,'Cankir','18',1219),(4761,'Corum','19',1219),(4762,'Denizli','20',1219),(4763,'Diyarbakir','21',1219),(4764,'Duzce','81',1219),(4765,'Edirne','22',1219),(4766,'Elazig','23',1219),(4767,'Erzincan','24',1219),(4768,'Erzurum','25',1219),(4769,'Eskis\'ehir','26',1219),(4770,'Gaziantep','27',1219),(4771,'Giresun','28',1219),(4772,'Gms\'hane','29',1219),(4773,'Hakkari','30',1219),(4774,'Hatay','31',1219),(4775,'Igidir','76',1219),(4776,'Isparta','32',1219),(4777,'Icel','33',1219),(4778,'Istanbul','34',1219),(4779,'Izmir','35',1219),(4780,'Kahramanmaras','46',1219),(4781,'Karabk','78',1219),(4782,'Karaman','70',1219),(4783,'Kars','36',1219),(4784,'Kastamonu','37',1219),(4785,'Kayseri','38',1219),(4786,'Kirikkale','71',1219),(4787,'Kirklareli','39',1219),(4788,'Kirs\'ehir','40',1219),(4789,'Kilis','79',1219),(4790,'Kocaeli','41',1219),(4791,'Konya','42',1219),(4792,'Ktahya','43',1219),(4793,'Malatya','44',1219),(4794,'Manisa','45',1219),(4795,'Mardin','47',1219),(4796,'Mugila','48',1219),(4797,'Mus','49',1219),(4798,'Nevs\'ehir','50',1219),(4799,'Nigide','51',1219),(4800,'Ordu','52',1219),(4801,'Osmaniye','80',1219),(4802,'Rize','53',1219),(4803,'Sakarya','54',1219),(4804,'Samsun','55',1219),(4805,'Siirt','56',1219),(4806,'Sinop','57',1219),(4807,'Sivas','58',1219),(4808,'S\'anliurfa','63',1219),(4809,'S\'rnak','73',1219),(4810,'Tekirdag','59',1219),(4811,'Tokat','60',1219),(4812,'Trabzon','61',1219),(4813,'Tunceli','62',1219),(4814,'Us\'ak','64',1219),(4815,'Van','65',1219),(4816,'Yalova','77',1219),(4817,'Yozgat','66',1219),(4818,'Zonguldak','67',1219),(4819,'Couva-Tabaquite-Talparo','CTT',1217),(4820,'Diego Martin','DMN',1217),(4821,'Eastern Tobago','ETO',1217),(4822,'Penal-Debe','PED',1217),(4823,'Princes Town','PRT',1217),(4824,'Rio Claro-Mayaro','RCM',1217),(4825,'Sangre Grande','SGE',1217),(4826,'San Juan-Laventille','SJL',1217),(4827,'Siparia','SIP',1217),(4828,'Tunapuna-Piarco','TUP',1217),(4829,'Western Tobago','WTO',1217),(4830,'Arima','ARI',1217),(4831,'Chaguanas','CHA',1217),(4832,'Point Fortin','PTF',1217),(4833,'Port of Spain','POS',1217),(4834,'San Fernando','SFO',1217),(4835,'Aileu','AL',1063),(4836,'Ainaro','AN',1063),(4837,'Bacucau','BA',1063),(4838,'Bobonaro','BO',1063),(4839,'Cova Lima','CO',1063),(4840,'Dili','DI',1063),(4841,'Ermera','ER',1063),(4842,'Laulem','LA',1063),(4843,'Liquica','LI',1063),(4844,'Manatuto','MT',1063),(4845,'Manafahi','MF',1063),(4846,'Oecussi','OE',1063),(4847,'Viqueque','VI',1063),(4848,'Changhua County','CHA',1208),(4849,'Chiayi County','CYQ',1208),(4850,'Hsinchu County','HSQ',1208),(4851,'Hualien County','HUA',1208),(4852,'Ilan County','ILA',1208),(4853,'Kaohsiung County','KHQ',1208),(4854,'Miaoli County','MIA',1208),(4855,'Nantou County','NAN',1208),(4856,'Penghu County','PEN',1208),(4857,'Pingtung County','PIF',1208),(4858,'Taichung County','TXQ',1208),(4859,'Tainan County','TNQ',1208),(4860,'Taipei County','TPQ',1208),(4861,'Taitung County','TTT',1208),(4862,'Taoyuan County','TAO',1208),(4863,'Yunlin Conuty','YUN',1208),(4864,'Keelung City','KEE',1208),(4865,'Arusha','01',1210),(4866,'Dar-es-Salaam','02',1210),(4867,'Dodoma','03',1210),(4868,'Iringa','04',1210),(4869,'Kagera','05',1210),(4870,'Kaskazini Pemba','06',1210),(4871,'Kaskazini Unguja','07',1210),(4872,'Xigoma','08',1210),(4873,'Kilimanjaro','09',1210),(4874,'Rusini Pemba','10',1210),(4875,'Kusini Unguja','11',1210),(4876,'Lindi','12',1210),(4877,'Manyara','26',1210),(4878,'Mara','13',1210),(4879,'Mbeya','14',1210),(4880,'Mjini Magharibi','15',1210),(4881,'Morogoro','16',1210),(4882,'Mtwara','17',1210),(4883,'Pwani','19',1210),(4884,'Rukwa','20',1210),(4885,'Ruvuma','21',1210),(4886,'Shinyanga','22',1210),(4887,'Singida','23',1210),(4888,'Tabora','24',1210),(4889,'Tanga','25',1210),(4890,'Cherkas\'ka Oblast\'','71',1224),(4891,'Chernihivs\'ka Oblast\'','74',1224),(4892,'Chernivets\'ka Oblast\'','77',1224),(4893,'Dnipropetrovs\'ka Oblast\'','12',1224),(4894,'Donets\'ka Oblast\'','14',1224),(4895,'Ivano-Frankivs\'ka Oblast\'','26',1224),(4896,'Kharkivs\'ka Oblast\'','63',1224),(4897,'Khersons\'ka Oblast\'','65',1224),(4898,'Khmel\'nyts\'ka Oblast\'','68',1224),(4899,'Kirovohrads\'ka Oblast\'','35',1224),(4900,'Kyivs\'ka Oblast\'','32',1224),(4901,'Luhans\'ka Oblast\'','09',1224),(4902,'L\'vivs\'ka Oblast\'','46',1224),(4903,'Mykolaivs\'ka Oblast\'','48',1224),(4904,'Odes \'ka Oblast\'','51',1224),(4905,'Poltavs\'ka Oblast\'','53',1224),(4906,'Rivnens\'ka Oblast\'','56',1224),(4907,'Sums \'ka Oblast\'','59',1224),(4908,'Ternopil\'s\'ka Oblast\'','61',1224),(4909,'Vinnyts\'ka Oblast\'','05',1224),(4910,'Volyos\'ka Oblast\'','07',1224),(4911,'Zakarpats\'ka Oblast\'','21',1224),(4912,'Zaporiz\'ka Oblast\'','23',1224),(4913,'Zhytomyrs\'ka Oblast\'','18',1224),(4914,'Respublika Krym','43',1224),(4915,'Kyiv','30',1224),(4916,'Sevastopol','40',1224),(4917,'Adjumani','301',1223),(4918,'Apac','302',1223),(4919,'Arua','303',1223),(4920,'Bugiri','201',1223),(4921,'Bundibugyo','401',1223),(4922,'Bushenyi','402',1223),(4923,'Busia','202',1223),(4924,'Gulu','304',1223),(4925,'Hoima','403',1223),(4926,'Iganga','203',1223),(4927,'Jinja','204',1223),(4928,'Kabale','404',1223),(4929,'Kabarole','405',1223),(4930,'Kaberamaido','213',1223),(4931,'Kalangala','101',1223),(4932,'Kampala','102',1223),(4933,'Kamuli','205',1223),(4934,'Kamwenge','413',1223),(4935,'Kanungu','414',1223),(4936,'Kapchorwa','206',1223),(4937,'Kasese','406',1223),(4938,'Katakwi','207',1223),(4939,'Kayunga','112',1223),(4940,'Kibaale','407',1223),(4941,'Kiboga','103',1223),(4942,'Kisoro','408',1223),(4943,'Kitgum','305',1223),(4944,'Kotido','306',1223),(4945,'Kumi','208',1223),(4946,'Kyenjojo','415',1223),(4947,'Lira','307',1223),(4948,'Luwero','104',1223),(4949,'Masaka','105',1223),(4950,'Masindi','409',1223),(4951,'Mayuge','214',1223),(4952,'Mbale','209',1223),(4953,'Mbarara','410',1223),(4954,'Moroto','308',1223),(4955,'Moyo','309',1223),(4956,'Mpigi','106',1223),(4957,'Mubende','107',1223),(4958,'Mukono','108',1223),(4959,'Nakapiripirit','311',1223),(4960,'Nakasongola','109',1223),(4961,'Nebbi','310',1223),(4962,'Ntungamo','411',1223),(4963,'Pader','312',1223),(4964,'Pallisa','210',1223),(4965,'Rakai','110',1223),(4966,'Rukungiri','412',1223),(4967,'Sembabule','111',1223),(4968,'Sironko','215',1223),(4969,'Soroti','211',1223),(4970,'Tororo','212',1223),(4971,'Wakiso','113',1223),(4972,'Yumbe','313',1223),(4973,'Baker Island','81',1227),(4974,'Howland Island','84',1227),(4975,'Jarvis Island','86',1227),(4976,'Johnston Atoll','67',1227),(4977,'Kingman Reef','89',1227),(4978,'Midway Islands','71',1227),(4979,'Navassa Island','76',1227),(4980,'Palmyra Atoll','95',1227),(4981,'Wake Ialand','79',1227),(4982,'Artigsa','AR',1229),(4983,'Canelones','CA',1229),(4984,'Cerro Largo','CL',1229),(4985,'Colonia','CO',1229),(4986,'Durazno','DU',1229),(4987,'Flores','FS',1229),(4988,'Lavalleja','LA',1229),(4989,'Maldonado','MA',1229),(4990,'Montevideo','MO',1229),(4991,'Paysandu','PA',1229),(4992,'Rivera','RV',1229),(4993,'Rocha','RO',1229),(4994,'Salto','SA',1229),(4995,'Soriano','SO',1229),(4996,'Tacuarembo','TA',1229),(4997,'Treinta y Tres','TT',1229),(4998,'Toshkent (city)','TK',1230),(4999,'Qoraqalpogiston Respublikasi','QR',1230),(5000,'Andijon','AN',1230),(5001,'Buxoro','BU',1230),(5002,'Farg\'ona','FA',1230),(5003,'Jizzax','JI',1230),(5004,'Khorazm','KH',1230),(5005,'Namangan','NG',1230),(5006,'Navoiy','NW',1230),(5007,'Qashqadaryo','QA',1230),(5008,'Samarqand','SA',1230),(5009,'Sirdaryo','SI',1230),(5010,'Surxondaryo','SU',1230),(5011,'Toshkent','TO',1230),(5012,'Xorazm','XO',1230),(5013,'Diatrito Federal','A',1232),(5014,'Anzoategui','B',1232),(5015,'Apure','C',1232),(5016,'Aragua','D',1232),(5017,'Barinas','E',1232),(5018,'Carabobo','G',1232),(5019,'Cojedes','H',1232),(5020,'Falcon','I',1232),(5021,'Guarico','J',1232),(5022,'Lara','K',1232),(5023,'Merida','L',1232),(5024,'Miranda','M',1232),(5025,'Monagas','N',1232),(5026,'Nueva Esparta','O',1232),(5027,'Portuguesa','P',1232),(5028,'Tachira','S',1232),(5029,'Trujillo','T',1232),(5030,'Vargas','X',1232),(5031,'Yaracuy','U',1232),(5032,'Zulia','V',1232),(5033,'Delta Amacuro','Y',1232),(5034,'Dependencias Federales','W',1232),(5035,'An Giang','44',1233),(5036,'Ba Ria - Vung Tau','43',1233),(5037,'Bac Can','53',1233),(5038,'Bac Giang','54',1233),(5039,'Bac Lieu','55',1233),(5040,'Bac Ninh','56',1233),(5041,'Ben Tre','50',1233),(5042,'Binh Dinh','31',1233),(5043,'Binh Duong','57',1233),(5044,'Binh Phuoc','58',1233),(5045,'Binh Thuan','40',1233),(5046,'Ca Mau','59',1233),(5047,'Can Tho','48',1233),(5048,'Cao Bang','04',1233),(5049,'Da Nang, thanh pho','60',1233),(5050,'Dong Nai','39',1233),(5051,'Dong Thap','45',1233),(5052,'Gia Lai','30',1233),(5053,'Ha Giang','03',1233),(5054,'Ha Nam','63',1233),(5055,'Ha Noi, thu do','64',1233),(5056,'Ha Tay','15',1233),(5057,'Ha Tinh','23',1233),(5058,'Hai Duong','61',1233),(5059,'Hai Phong, thanh pho','62',1233),(5060,'Hoa Binh','14',1233),(5061,'Ho Chi Minh, thanh pho [Sai Gon]','65',1233),(5062,'Hung Yen','66',1233),(5063,'Khanh Hoa','34',1233),(5064,'Kien Giang','47',1233),(5065,'Kon Tum','28',1233),(5066,'Lai Chau','01',1233),(5067,'Lam Dong','35',1233),(5068,'Lang Son','09',1233),(5069,'Lao Cai','02',1233),(5070,'Long An','41',1233),(5071,'Nam Dinh','67',1233),(5072,'Nghe An','22',1233),(5073,'Ninh Binh','18',1233),(5074,'Ninh Thuan','36',1233),(5075,'Phu Tho','68',1233),(5076,'Phu Yen','32',1233),(5077,'Quang Binh','24',1233),(5078,'Quang Nam','27',1233),(5079,'Quang Ngai','29',1233),(5080,'Quang Ninh','13',1233),(5081,'Quang Tri','25',1233),(5082,'Soc Trang','52',1233),(5083,'Son La','05',1233),(5084,'Tay Ninh','37',1233),(5085,'Thai Binh','20',1233),(5086,'Thai Nguyen','69',1233),(5087,'Thanh Hoa','21',1233),(5088,'Thua Thien-Hue','26',1233),(5089,'Tien Giang','46',1233),(5090,'Tra Vinh','51',1233),(5091,'Tuyen Quang','07',1233),(5092,'Vinh Long','49',1233),(5093,'Vinh Phuc','70',1233),(5094,'Yen Bai','06',1233),(5095,'Malampa','MAP',1231),(5096,'Penama','PAM',1231),(5097,'Sanma','SAM',1231),(5098,'Shefa','SEE',1231),(5099,'Tafea','TAE',1231),(5100,'Torba','TOB',1231),(5101,'A\'ana','AA',1185),(5102,'Aiga-i-le-Tai','AL',1185),(5103,'Atua','AT',1185),(5104,'Fa\'aaaleleaga','FA',1185),(5105,'Gaga\'emauga','GE',1185),(5106,'Gagaifomauga','GI',1185),(5107,'Palauli','PA',1185),(5108,'Satupa\'itea','SA',1185),(5109,'Tuamasaga','TU',1185),(5110,'Va\'a-o-Fonoti','VF',1185),(5111,'Vaisigano','VS',1185),(5112,'Crna Gora','CG',1238),(5113,'Srbija','SR',1238),(5114,'Kosovo-Metohija','KM',1238),(5115,'Vojvodina','VO',1238),(5116,'Abyan','AB',1237),(5117,'Adan','AD',1237),(5118,'Ad Dali','DA',1237),(5119,'Al Bayda\'','BA',1237),(5120,'Al Hudaydah','MU',1237),(5121,'Al Mahrah','MR',1237),(5122,'Al Mahwit','MW',1237),(5123,'Amran','AM',1237),(5124,'Dhamar','DH',1237),(5125,'Hadramawt','HD',1237),(5126,'Hajjah','HJ',1237),(5127,'Ibb','IB',1237),(5128,'Lahij','LA',1237),(5129,'Ma\'rib','MA',1237),(5130,'Sa\'dah','SD',1237),(5131,'San\'a\'','SN',1237),(5132,'Shabwah','SH',1237),(5133,'Ta\'izz','TA',1237),(5134,'Eastern Cape','EC',1196),(5135,'Free State','FS',1196),(5136,'Gauteng','GT',1196),(5137,'Kwazulu-Natal','NL',1196),(5138,'Mpumalanga','MP',1196),(5139,'Northern Cape','NC',1196),(5140,'Limpopo','NP',1196),(5141,'Western Cape','WC',1196),(5142,'Copperbelt','08',1239),(5143,'Luapula','04',1239),(5144,'Lusaka','09',1239),(5145,'North-Western','06',1239),(5146,'Bulawayo','BU',1240),(5147,'Harare','HA',1240),(5148,'Manicaland','MA',1240),(5149,'Mashonaland Central','MC',1240),(5150,'Mashonaland East','ME',1240),(5151,'Mashonaland West','MW',1240),(5152,'Masvingo','MV',1240),(5153,'Matabeleland North','MN',1240),(5154,'Matabeleland South','MS',1240),(5155,'Midlands','MI',1240),(5156,'South Karelia','SK',1075),(5157,'South Ostrobothnia','SO',1075),(5158,'Etel-Savo','ES',1075),(5159,'Hme','HH',1075),(5160,'It-Uusimaa','IU',1075),(5161,'Kainuu','KA',1075),(5162,'Central Ostrobothnia','CO',1075),(5163,'Central Finland','CF',1075),(5164,'Kymenlaakso','KY',1075),(5165,'Lapland','LA',1075),(5166,'Tampere Region','TR',1075),(5167,'Ostrobothnia','OB',1075),(5168,'North Karelia','NK',1075),(5169,'Nothern Ostrobothnia','NO',1075),(5170,'Northern Savo','NS',1075),(5171,'Pijt-Hme','PH',1075),(5172,'Satakunta','SK',1075),(5173,'Uusimaa','UM',1075),(5174,'South-West Finland','SW',1075),(5175,'land','AL',1075),(5176,'Limburg','LI',1152),(5177,'Central and Western','CW',1098),(5178,'Eastern','EA',1098),(5179,'Southern','SO',1098),(5180,'Wan Chai','WC',1098),(5181,'Kowloon City','KC',1098),(5182,'Kwun Tong','KU',1098),(5183,'Sham Shui Po','SS',1098),(5184,'Wong Tai Sin','WT',1098),(5185,'Yau Tsim Mong','YT',1098),(5186,'Islands','IS',1098),(5187,'Kwai Tsing','KI',1098),(5188,'North','NO',1098),(5189,'Sai Kung','SK',1098),(5190,'Sha Tin','ST',1098),(5191,'Tai Po','TP',1098),(5192,'Tsuen Wan','TW',1098),(5193,'Tuen Mun','TM',1098),(5194,'Yuen Long','YL',1098),(5195,'Manchester','MR',1108),(5196,'Al Manmah (Al imah)','13',1016),(5197,'Al Janbyah','14',1016),(5199,'Al Wus','16',1016),(5200,'Ash Shamlyah','17',1016),(5201,'Jenin','_A',1165),(5202,'Tubas','_B',1165),(5203,'Tulkarm','_C',1165),(5204,'Nablus','_D',1165),(5205,'Qalqilya','_E',1165),(5206,'Salfit','_F',1165),(5207,'Ramallah and Al-Bireh','_G',1165),(5208,'Jericho','_H',1165),(5209,'Jerusalem','_I',1165),(5210,'Bethlehem','_J',1165),(5211,'Hebron','_K',1165),(5212,'North Gaza','_L',1165),(5213,'Gaza','_M',1165),(5214,'Deir el-Balah','_N',1165),(5215,'Khan Yunis','_O',1165),(5216,'Rafah','_P',1165),(5217,'Brussels','BRU',1020),(5218,'Distrito Federal','DIF',1140),(5219,'Taichung City','TXG',1208),(5220,'Kaohsiung City','KHH',1208),(5221,'Taipei City','TPE',1208),(5222,'Chiayi City','CYI',1208),(5223,'Hsinchu City','HSZ',1208),(5224,'Tainan City','TNN',1208),(9000,'North West','NW',1196),(9986,'Tyne and Wear','TWR',1226),(9988,'Greater Manchester','GTM',1226),(9989,'Co Tyrone','TYR',1226),(9990,'West Yorkshire','WYK',1226),(9991,'South Yorkshire','SYK',1226),(9992,'Merseyside','MSY',1226),(9993,'Berkshire','BRK',1226),(9994,'West Midlands','WMD',1226),(9998,'West Glamorgan','WGM',1226),(9999,'Greater London','LON',1226),(10000,'Carbonia-Iglesias','CI',1107),(10001,'Olbia-Tempio','OT',1107),(10002,'Medio Campidano','VS',1107),(10003,'Ogliastra','OG',1107),(10004,'Bonaire','BON',1151),(10005,'Curaao','CUR',1151),(10006,'Saba','SAB',1151),(10007,'St. Eustatius','EUA',1151),(10008,'St. Maarten','SXM',1151),(10009,'Jura','39',1076),(10010,'Barletta-Andria-Trani','Bar',1107),(10011,'Fermo','Fer',1107),(10012,'Monza e Brianza','Mon',1107),(10013,'Clwyd','CWD',1226),(10014,'Dyfed','DFD',1226),(10015,'South Glamorgan','SGM',1226),(10016,'Artibonite','AR',1094),(10017,'Centre','CE',1094),(10018,'Nippes','NI',1094),(10019,'Nord','ND',1094),(10020,'La Rioja','F',1010),(10021,'Andorra la Vella','07',1005),(10022,'Canillo','02',1005),(10023,'Encamp','03',1005),(10024,'Escaldes-Engordany','08',1005),(10025,'La Massana','04',1005),(10026,'Ordino','05',1005),(10027,'Sant Julia de Loria','06',1005),(10028,'Abaco Islands','AB',1212),(10029,'Andros Island','AN',1212),(10030,'Berry Islands','BR',1212),(10031,'Eleuthera','EL',1212),(10032,'Grand Bahama','GB',1212),(10033,'Rum Cay','RC',1212),(10034,'San Salvador Island','SS',1212),(10035,'Kongo central','01',1050),(10036,'Kwango','02',1050),(10037,'Kwilu','03',1050),(10038,'Mai-Ndombe','04',1050),(10039,'Kasai','05',1050),(10040,'Lulua','06',1050),(10041,'Lomami','07',1050),(10042,'Sankuru','08',1050),(10043,'Ituri','09',1050),(10044,'Haut-Uele','10',1050),(10045,'Tshopo','11',1050),(10046,'Bas-Uele','12',1050),(10047,'Nord-Ubangi','13',1050),(10048,'Mongala','14',1050),(10049,'Sud-Ubangi','15',1050),(10050,'Tshuapa','16',1050),(10051,'Haut-Lomami','17',1050),(10052,'Lualaba','18',1050),(10053,'Haut-Katanga','19',1050),(10054,'Tanganyika','20',1050);
/*!40000 ALTER TABLE `civicrm_state_province` ENABLE KEYS */;
UNLOCK TABLES;

--
-- Dumping data for table `civicrm_subscription_history`
--

LOCK TABLES `civicrm_subscription_history` WRITE;
/*!40000 ALTER TABLE `civicrm_subscription_history` DISABLE KEYS */;
INSERT INTO `civicrm_subscription_history` (`id`, `contact_id`, `group_id`, `date`, `method`, `status`, `tracking`) VALUES (1,51,2,'2010-07-27 10:39:35','Email','Added',NULL),(2,89,2,'2010-03-12 01:50:05','Admin','Pending',NULL),(3,77,2,'2010-06-22 08:36:14','Email','Pending',NULL),(4,92,2,'2010-11-29 10:52:34','Email','Added',NULL),(5,96,2,'2010-12-17 05:10:14','Email','Added',NULL),(6,84,2,'2010-12-30 04:51:07','Email','Removed',NULL),(7,71,2,'2010-11-03 02:48:52','Admin','Removed',NULL),(8,86,2,'2010-10-12 02:56:54','Admin','Added',NULL),(9,69,2,'2010-05-22 07:02:54','Admin','Pending',NULL),(10,95,2,'2010-08-09 09:10:54','Email','Removed',NULL),(11,82,2,'2010-02-07 03:55:27','Email','Removed',NULL),(12,99,2,'2010-04-27 06:37:32','Email','Pending',NULL),(13,66,2,'2010-07-13 05:23:00','Email','Pending',NULL),(14,67,2,'2010-12-24 08:39:57','Email','Removed',NULL),(15,23,2,'2010-05-30 12:47:55','Admin','Pending',NULL),(16,34,2,'2010-05-23 05:52:34','Email','Pending',NULL),(17,64,2,'2010-12-18 05:25:15','Email','Pending',NULL),(18,53,2,'2010-05-04 04:57:52','Admin','Pending',NULL),(19,49,2,'2010-10-23 06:35:45','Admin','Pending',NULL),(20,46,2,'2010-06-29 11:59:28','Email','Added',NULL),(21,2,2,'2010-12-02 04:03:15','Email','Added',NULL),(22,100,2,'2010-06-14 03:55:02','Email','Removed',NULL),(23,7,2,'2010-04-16 11:08:20','Email','Pending',NULL),(24,59,2,'2010-07-12 01:35:09','Admin','Pending',NULL),(25,91,2,'2010-05-20 08:08:32','Email','Added',NULL),(26,101,2,'2010-03-07 03:54:15','Email','Removed',NULL),(27,31,2,'2010-07-16 09:02:34','Admin','Pending',NULL),(28,29,2,'2010-09-01 08:21:39','Email','Pending',NULL),(29,11,2,'2010-03-18 04:52:29','Admin','Added',NULL),(30,56,2,'2010-07-27 01:10:31','Email','Removed',NULL),(31,42,2,'2010-07-24 04:44:08','Email','Added',NULL),(32,63,2,'2010-09-13 10:10:46','Email','Added',NULL),(33,35,2,'2010-09-17 12:55:10','Admin','Pending',NULL),(34,4,2,'2010-12-20 11:02:41','Admin','Removed',NULL),(35,74,2,'2010-05-09 06:36:23','Admin','Removed',NULL),(36,21,2,'2010-02-16 02:16:12','Email','Removed',NULL),(37,40,2,'2010-12-29 03:47:24','Email','Pending',NULL),(38,55,2,'2010-07-23 11:40:44','Admin','Pending',NULL),(39,36,2,'2010-12-19 01:39:00','Email','Pending',NULL),(40,78,2,'2010-02-18 03:23:36','Admin','Added',NULL),(41,52,2,'2011-01-08 02:06:54','Admin','Removed',NULL),(42,17,2,'2010-04-02 07:28:52','Email','Pending',NULL),(43,43,2,'2010-04-29 01:49:31','Admin','Removed',NULL),(44,33,2,'2010-06-30 02:50:13','Admin','Added',NULL),(45,58,2,'2010-11-17 11:19:32','Email','Pending',NULL),(46,65,2,'2010-05-16 07:48:08','Admin','Removed',NULL),(47,19,2,'2010-08-31 11:59:55','Email','Pending',NULL),(48,16,2,'2010-02-24 04:28:56','Admin','Added',NULL),(49,73,2,'2010-09-25 11:23:42','Email','Removed',NULL),(50,9,2,'2010-07-05 02:53:29','Email','Removed',NULL),(51,68,2,'2010-08-23 03:18:05','Email','Pending',NULL),(52,47,2,'2010-03-27 09:56:21','Email','Added',NULL),(53,24,2,'2010-06-19 10:05:46','Email','Pending',NULL),(54,50,2,'2010-09-04 09:18:11','Admin','Added',NULL),(55,22,2,'2010-05-19 10:25:01','Email','Pending',NULL),(56,13,2,'2010-03-30 06:01:13','Admin','Removed',NULL),(57,3,2,'2010-12-25 07:00:50','Admin','Added',NULL),(58,5,2,'2010-07-28 10:40:44','Email','Removed',NULL),(59,48,2,'2010-12-25 09:06:38','Email','Pending',NULL),(60,10,2,'2010-11-03 09:50:29','Email','Pending',NULL),(61,39,3,'2010-09-11 01:40:28','Email','Added',NULL),(62,93,3,'2011-01-03 09:02:53','Admin','Added',NULL),(63,32,3,'2010-11-12 10:51:09','Email','Added',NULL),(64,83,3,'2010-07-20 02:45:55','Admin','Removed',NULL),(65,12,3,'2010-07-31 04:44:18','Email','Removed',NULL),(66,94,3,'2010-02-16 11:30:52','Admin','Added',NULL),(67,72,3,'2010-10-08 05:20:56','Email','Pending',NULL),(68,70,3,'2010-09-22 05:09:46','Admin','Added',NULL),(69,25,3,'2010-03-14 01:14:41','Email','Added',NULL),(70,88,3,'2010-10-16 06:55:42','Email','Pending',NULL),(71,45,3,'2010-08-13 08:07:48','Email','Removed',NULL),(72,6,3,'2010-11-03 11:14:13','Admin','Pending',NULL),(73,98,3,'2011-01-11 02:30:22','Email','Removed',NULL),(74,15,3,'2010-03-27 04:10:57','Admin','Pending',NULL),(75,27,3,'2010-02-10 09:57:05','Admin','Pending',NULL),(76,51,4,'2010-12-18 10:10:54','Admin','Added',NULL),(77,86,4,'2010-07-25 04:37:06','Email','Added',NULL),(78,23,4,'2010-05-23 06:42:58','Admin','Added',NULL),(79,100,4,'2010-08-17 11:02:55','Email','Removed',NULL),(80,11,4,'2010-08-24 12:20:44','Email','Added',NULL),(81,21,4,'2010-06-05 07:07:17','Admin','Added',NULL),(82,43,4,'2010-02-20 03:03:52','Admin','Pending',NULL),(83,9,4,'2010-12-09 07:39:16','Admin','Pending',NULL);
/*!40000 ALTER TABLE `civicrm_subscription_history` ENABLE KEYS */;
UNLOCK TABLES;

--
-- Dumping data for table `civicrm_survey`
--

LOCK TABLES `civicrm_survey` WRITE;
/*!40000 ALTER TABLE `civicrm_survey` DISABLE KEYS */;
/*!40000 ALTER TABLE `civicrm_survey` ENABLE KEYS */;
UNLOCK TABLES;

--
-- Dumping data for table `civicrm_tag`
--

LOCK TABLES `civicrm_tag` WRITE;
/*!40000 ALTER TABLE `civicrm_tag` DISABLE KEYS */;
INSERT INTO `civicrm_tag` (`id`, `name`, `description`, `parent_id`, `is_selectable`, `is_reserved`, `is_tagset`, `used_for`) VALUES (1,'Non-profit','Any not-for-profit organization.',NULL,1,0,0,'civicrm_contact'),(2,'Company','For-profit organization.',NULL,1,0,0,'civicrm_contact'),(3,'Government Entity','Any governmental entity.',NULL,1,0,0,'civicrm_contact'),(4,'Major Donor','High-value supporter of our organization.',NULL,1,0,0,'civicrm_contact'),(5,'Volunteer','Active volunteers.',NULL,1,0,0,'civicrm_contact');
/*!40000 ALTER TABLE `civicrm_tag` ENABLE KEYS */;
UNLOCK TABLES;

--
-- Dumping data for table `civicrm_task`
--

LOCK TABLES `civicrm_task` WRITE;
/*!40000 ALTER TABLE `civicrm_task` DISABLE KEYS */;
/*!40000 ALTER TABLE `civicrm_task` ENABLE KEYS */;
UNLOCK TABLES;

--
-- Dumping data for table `civicrm_task_status`
--

LOCK TABLES `civicrm_task_status` WRITE;
/*!40000 ALTER TABLE `civicrm_task_status` DISABLE KEYS */;
/*!40000 ALTER TABLE `civicrm_task_status` ENABLE KEYS */;
UNLOCK TABLES;

--
-- Dumping data for table `civicrm_tell_friend`
--

LOCK TABLES `civicrm_tell_friend` WRITE;
/*!40000 ALTER TABLE `civicrm_tell_friend` DISABLE KEYS */;
INSERT INTO `civicrm_tell_friend` (`id`, `entity_table`, `entity_id`, `title`, `intro`, `suggested_message`, `general_link`, `thankyou_title`, `thankyou_text`, `is_active`) VALUES (1,'civicrm_contribution_page',1,'Tell A Friend','<p>Help us spread the word and leverage the power of your contribution by telling your friends. Use the space below to personalize your email message - let your friends know why you support us. Then fill in the name(s) and email address(es) and click \'Send Your Message\'.</p>','Thought you might be interested in learning about and helping this organization. I think they do important work.',NULL,'Thanks for Spreading the Word','<p><strong>Thanks for telling your friends about us and supporting our efforts. Together we can make a difference.</strong></p>',1),(2,'civicrm_event',1,'Tell A Friend','<p>Help us spread the word about this event. Use the space below to personalize your email message - let your friends know why you\'re attending. Then fill in the name(s) and email address(es) and click \'Send Your Message\'.</p>','Thought you might be interested in checking out this event. I\'m planning on attending.',NULL,'Thanks for Spreading the Word','<p>Thanks for spreading the word about this event to your friends.</p>',1),(3,'civicrm_event',5,'Tell A Friend','<p>Help us spread the word about this event. Use the space below to personalize your email message - let your friends know why you\'re attending. Then fill in the name(s) and email address(es) and click \'Send Your Message\'.</p>','Thought you might be interested in checking out this event. I\'m planning on attending.',NULL,'Thanks for Spreading the Word','<p>Thanks for spreading the word about this event to your friends.</p>',1),(4,'civicrm_event',6,'Tell A Friend','<p>Help us spread the word about this event. Use the space below to personalize your email message - let your friends know why you\'re attending. Then fill in the name(s) and email address(es) and click \'Send Your Message\'.</p>','Thought you might be interested in checking out this event. I\'m planning on attending.',NULL,'Thanks for Spreading the Word','<p>Thanks for spreading the word about this event to your friends.</p>',1);
/*!40000 ALTER TABLE `civicrm_tell_friend` ENABLE KEYS */;
UNLOCK TABLES;

--
-- Dumping data for table `civicrm_timezone`
--

LOCK TABLES `civicrm_timezone` WRITE;
/*!40000 ALTER TABLE `civicrm_timezone` DISABLE KEYS */;
/*!40000 ALTER TABLE `civicrm_timezone` ENABLE KEYS */;
UNLOCK TABLES;

--
-- Dumping data for table `civicrm_uf_field`
--

LOCK TABLES `civicrm_uf_field` WRITE;
/*!40000 ALTER TABLE `civicrm_uf_field` DISABLE KEYS */;
INSERT INTO `civicrm_uf_field` (`id`, `uf_group_id`, `field_name`, `is_active`, `is_view`, `is_required`, `weight`, `help_post`, `help_pre`, `visibility`, `in_selector`, `is_searchable`, `location_type_id`, `phone_type_id`, `label`, `field_type`, `is_reserved`) VALUES (1,1,'first_name',1,0,1,1,NULL,NULL,'Public Pages and Listings',0,1,NULL,NULL,'First Name','Individual',0),(2,1,'last_name',1,0,1,2,'First and last name will be shared with other visitors to the site.',NULL,'Public Pages and Listings',0,1,NULL,NULL,'Last Name','Individual',0),(3,1,'street_address',1,0,0,3,NULL,NULL,'User and User Admin Only',0,0,1,NULL,'Street Address (Home)','Contact',0),(4,1,'city',1,0,0,4,NULL,NULL,'User and User Admin Only',0,0,1,NULL,'City (Home)','Contact',0),(5,1,'postal_code',1,0,0,5,NULL,NULL,'User and User Admin Only',0,0,1,NULL,'Postal Code (Home)','Contact',0),(6,1,'country',1,0,0,6,'Your state/province and country of residence will be shared with others so folks can find others in their community.',NULL,'Public Pages and Listings',0,1,1,NULL,'Country (Home)','Contact',0),(7,1,'state_province',1,0,0,7,NULL,NULL,'Public Pages and Listings',1,1,1,NULL,'State (Home)','Contact',0),(8,2,'first_name',1,0,1,1,NULL,NULL,'User and User Admin Only',0,0,NULL,NULL,'First Name','Individual',0),(9,2,'last_name',1,0,1,2,NULL,NULL,'User and User Admin Only',0,0,NULL,NULL,'Last Name','Individual',0),(10,2,'email',1,0,1,3,NULL,NULL,'User and User Admin Only',0,0,NULL,NULL,'Email Address','Contact',0),(11,3,'participant_status_id',1,0,1,1,NULL,NULL,'User and User Admin Only',0,0,NULL,NULL,'Participant Status','Participant',1),(12,4,'first_name',1,0,1,1,NULL,NULL,'User and User Admin Only',0,0,NULL,NULL,'First Name','Individual',0),(13,4,'last_name',1,0,1,2,NULL,NULL,'User and User Admin Only',0,0,NULL,NULL,'Last Name','Individual',0),(14,4,'email',1,0,0,3,NULL,NULL,'User and User Admin Only',0,0,NULL,NULL,'Email Address','Contact',0),(15,5,'organization_name',1,0,1,2,NULL,NULL,'User and User Admin Only',0,0,NULL,NULL,'Organization Name','Organization',0),(16,5,'email',1,0,0,3,NULL,NULL,'User and User Admin Only',0,0,NULL,NULL,'Email Address','Contact',0),(17,6,'household_name',1,0,1,2,NULL,NULL,'User and User Admin Only',0,0,NULL,NULL,'Household Name','Household',0),(18,6,'email',1,0,0,3,NULL,NULL,'User and User Admin Only',0,0,NULL,NULL,'Email Address','Contact',0),(19,7,'phone',1,0,1,1,NULL,NULL,'User and User Admin Only',0,0,1,1,'Home Phone','Contact',0),(20,7,'phone',1,0,1,2,NULL,NULL,'User and User Admin Only',0,0,1,2,'Home Mobile','Contact',0),(21,7,'street_address',1,0,1,3,NULL,NULL,'User and User Admin Only',0,0,NULL,NULL,'Primary Address','Contact',0),(22,7,'city',1,0,1,4,NULL,NULL,'User and User Admin Only',0,0,NULL,NULL,'City','Contact',0),(23,7,'state_province',1,0,1,5,NULL,NULL,'User and User Admin Only',0,0,NULL,NULL,'State','Contact',0),(24,7,'postal_code',1,0,1,6,NULL,NULL,'User and User Admin Only',0,0,NULL,NULL,'Postal Code','Contact',0),(25,7,'email',1,0,1,7,NULL,NULL,'User and User Admin Only',0,0,NULL,NULL,'Primary Email','Contact',0),(26,7,'group',1,0,1,8,NULL,NULL,'User and User Admin Only',0,0,NULL,NULL,'Groups','Contact',0),(27,7,'tag',1,0,1,9,NULL,NULL,'User and User Admin Only',0,0,NULL,NULL,'Tags','Contact',0),(28,7,'gender',1,0,1,10,NULL,NULL,'User and User Admin Only',0,0,NULL,NULL,'Gender','Individual',0),(29,7,'birth_date',1,0,1,11,NULL,NULL,'User and User Admin Only',0,0,NULL,NULL,'Date of Birth','Individual',0),(30,8,'street_address',1,0,1,1,NULL,NULL,'User and User Admin Only',0,0,1,NULL,'Street Address (Home)','Contact',1),(31,8,'city',1,0,1,2,NULL,NULL,'User and User Admin Only',0,0,1,NULL,'City (Home)','Contact',1),(32,8,'postal_code',1,0,0,3,NULL,NULL,'User and User Admin Only',0,0,1,NULL,'Postal Code (Home)','Contact',0),(33,8,'country',1,0,0,4,NULL,NULL,'Public Pages and Listings',0,1,1,NULL,'Country (Home)','Contact',0),(34,8,'state_province',1,0,0,5,NULL,NULL,'Public Pages and Listings',1,1,1,NULL,'State (Home)','Contact',0);
/*!40000 ALTER TABLE `civicrm_uf_field` ENABLE KEYS */;
UNLOCK TABLES;

--
-- Dumping data for table `civicrm_uf_group`
--

LOCK TABLES `civicrm_uf_group` WRITE;
/*!40000 ALTER TABLE `civicrm_uf_group` DISABLE KEYS */;
INSERT INTO `civicrm_uf_group` (`id`, `is_active`, `group_type`, `title`, `help_pre`, `help_post`, `limit_listings_group_id`, `post_URL`, `add_to_group_id`, `add_captcha`, `is_map`, `is_edit_link`, `is_uf_link`, `is_update_dupe`, `cancel_URL`, `is_cms_user`, `notify`, `is_reserved`, `name`, `created_id`, `created_date`, `is_proximity_search`) VALUES (1,1,'Individual,Contact','Name and Address',NULL,NULL,NULL,NULL,NULL,0,0,0,0,0,NULL,0,NULL,0,'name_and_address',NULL,NULL,0),(2,1,'Individual,Contact','Supporter Profile',NULL,'<p><strong>The information you provide will NOT be shared with any third party organisations.</strong></p><p>Thank you for getting involved in our campaign!</p>',NULL,NULL,NULL,0,0,0,0,0,NULL,2,NULL,0,'supporter_profile',NULL,NULL,0),(3,1,'Participant','Participant Status',NULL,NULL,NULL,NULL,NULL,0,0,0,0,0,NULL,0,NULL,1,'participant_status',NULL,NULL,0),(4,1,'Individual,Contact','New Individual',NULL,NULL,NULL,NULL,NULL,0,0,0,0,0,NULL,0,NULL,1,'new_individual',NULL,NULL,0),(5,1,'Organization,Contact','New Organization',NULL,NULL,NULL,NULL,NULL,0,0,0,0,0,NULL,0,NULL,1,'new_organization',NULL,NULL,0),(6,1,'Household,Contact','New Household',NULL,NULL,NULL,NULL,NULL,0,0,0,0,0,NULL,0,NULL,1,'new_household',NULL,NULL,0),(7,1,'Contact','Summary Overlay',NULL,NULL,NULL,NULL,NULL,0,0,0,0,0,NULL,0,NULL,1,'summary_overlay',NULL,NULL,0),(8,1,'Contact','Shared Address',NULL,NULL,NULL,NULL,NULL,0,0,0,0,0,NULL,0,NULL,1,'shared_address',NULL,NULL,0);
/*!40000 ALTER TABLE `civicrm_uf_group` ENABLE KEYS */;
UNLOCK TABLES;

--
-- Dumping data for table `civicrm_uf_join`
--

LOCK TABLES `civicrm_uf_join` WRITE;
/*!40000 ALTER TABLE `civicrm_uf_join` DISABLE KEYS */;
INSERT INTO `civicrm_uf_join` (`id`, `is_active`, `module`, `entity_table`, `entity_id`, `weight`, `uf_group_id`) VALUES (1,1,'User Registration',NULL,NULL,1,1),(2,1,'User Account',NULL,NULL,1,1),(3,1,'Profile',NULL,NULL,1,1),(4,1,'Profile',NULL,NULL,2,2),(5,1,'Profile',NULL,NULL,3,4),(6,1,'Profile',NULL,NULL,4,5),(7,1,'Profile',NULL,NULL,5,6),(8,1,'Profile',NULL,NULL,6,7),(9,1,'Profile',NULL,NULL,7,8),(10,1,'CiviEvent','civicrm_event',5,1,4),(11,1,'CiviEvent','civicrm_event',6,1,4);
/*!40000 ALTER TABLE `civicrm_uf_join` ENABLE KEYS */;
UNLOCK TABLES;

--
-- Dumping data for table `civicrm_uf_match`
--

LOCK TABLES `civicrm_uf_match` WRITE;
/*!40000 ALTER TABLE `civicrm_uf_match` DISABLE KEYS */;
/*!40000 ALTER TABLE `civicrm_uf_match` ENABLE KEYS */;
UNLOCK TABLES;

--
-- Dumping data for table `civicrm_website`
--

LOCK TABLES `civicrm_website` WRITE;
/*!40000 ALTER TABLE `civicrm_website` DISABLE KEYS */;
/*!40000 ALTER TABLE `civicrm_website` ENABLE KEYS */;
UNLOCK TABLES;

--
-- Dumping data for table `civicrm_worldregion`
--

LOCK TABLES `civicrm_worldregion` WRITE;
/*!40000 ALTER TABLE `civicrm_worldregion` DISABLE KEYS */;
INSERT INTO `civicrm_worldregion` (`id`, `name`) VALUES (1,'Europe and Central Asia'),(2,'America South, Central, North and Caribbean'),(3,'Middle East and North Africa'),(4,'Asia-Pacific'),(5,'Africa West, East, Central and Southern'),(99,'unassigned');
/*!40000 ALTER TABLE `civicrm_worldregion` ENABLE KEYS */;
UNLOCK TABLES;
/*!40103 SET TIME_ZONE=@OLD_TIME_ZONE */;

/*!40101 SET SQL_MODE=@OLD_SQL_MODE */;
/*!40014 SET FOREIGN_KEY_CHECKS=@OLD_FOREIGN_KEY_CHECKS */;
/*!40014 SET UNIQUE_CHECKS=@OLD_UNIQUE_CHECKS */;
/*!40101 SET CHARACTER_SET_CLIENT=@OLD_CHARACTER_SET_CLIENT */;
/*!40101 SET CHARACTER_SET_RESULTS=@OLD_CHARACTER_SET_RESULTS */;
/*!40101 SET COLLATION_CONNECTION=@OLD_COLLATION_CONNECTION */;
/*!40111 SET SQL_NOTES=@OLD_SQL_NOTES */;

-- Dump completed on 2011-02-04  9:40:40
-- +--------------------------------------------------------------------+
-- | CiviCRM version 3.3                                                |
-- +--------------------------------------------------------------------+
-- | Copyright CiviCRM LLC (c) 2004-2010                                |
-- +--------------------------------------------------------------------+
-- | This file is a part of CiviCRM.                                    |
-- |                                                                    |
-- | CiviCRM is free software; you can copy, modify, and distribute it  |
-- | under the terms of the GNU Affero General Public License           |
-- | Version 3, 19 November 2007 and the CiviCRM Licensing Exception.   |
-- |                                                                    |
-- | CiviCRM is distributed in the hope that it will be useful, but     |
-- | WITHOUT ANY WARRANTY; without even the implied warranty of         |
-- | MERCHANTABILITY or FITNESS FOR A PARTICULAR PURPOSE.               |
-- | See the GNU Affero General Public License for more details.        |
-- |                                                                    |
-- | You should have received a copy of the GNU Affero General Public   |
-- | License and the CiviCRM Licensing Exception along                  |
-- | with this program; if not, contact CiviCRM LLC                     |
-- | at info[AT]civicrm[DOT]org. If you have questions about the        |
-- | GNU Affero General Public License or the licensing of CiviCRM,     |
-- | see the CiviCRM license FAQ at http://civicrm.org/licensing        |
-- +--------------------------------------------------------------------+


-- /*******************************************************
-- *
-- * Sample Custom Data  
-- *
-- *******************************************************/

-- /*******************************************************
-- *
-- * create custom group
-- *
-- *******************************************************/
INSERT INTO `civicrm_custom_group` (`name`, `title`, `extends`, `style`, `collapse_display`, `help_pre`, `weight`, `is_active`, `table_name`, `is_multiple`) VALUES ( 'constituent_information', 'Constituent Information', 'Individual', 'Inline', 1, 'Please enter additional constituent information as data becomes available for this contact.', 1, 1,'civicrm_value_constituent_information_1', 0);



-- /*******************************************************
-- *
-- * create option group for storing custom options for custom fields
-- *
-- *******************************************************/
INSERT INTO  `civicrm_option_group` (`name`, `label`, `is_reserved`, `is_active`) VALUES ('custom_most_important_issue', 'Most Important Issue', 0, 1), ( 'custom_marital_status', 'Marital Status', 0, 1);

SELECT @option_most_id    := max(id) from civicrm_option_group where name = 'custom_most_important_issue';
SELECT @option_marital_id := max(id) from civicrm_option_group where name = 'custom_marital_status';



-- /*******************************************************
-- *
-- * create option values (custom options for custom fields)
-- *
-- *******************************************************/
INSERT INTO `civicrm_option_value` (`option_group_id`, `label`, `value`, `weight`, `is_active`, `is_default`) VALUES (@option_most_id   , 'Education', 'Edu', 1, 1,0), (@option_most_id   , 'Environment', 'Env', 2, 1,0), (@option_most_id   , 'Social Justice', 'SocJus', 3, 1,0),(@option_marital_id, 'Single', 'S', 1, 1,0),(@option_marital_id, 'Married', 'M', 2, 1,0), (@option_marital_id, 'Domestic Partner', 'D', 3, 1,0), (@option_marital_id, 'Widowed', 'W', 4, 1,0), (@option_marital_id, 'Other', 'O', 5, 1,0);


-- /*******************************************************
-- *
-- * create custom field
-- *
-- *******************************************************/
INSERT INTO `civicrm_custom_field` (`custom_group_id`, `name`, `label`, `data_type`, `html_type`, `is_required`, `weight`, `help_post`, `is_active`, `is_view`, `is_searchable`, `options_per_line`, `column_name`, `option_group_id`, `start_date_years`, `end_date_years`, `date_format`, `time_format` ) VALUES (1, 'Most_Important_Issue', 'Most Important Issue', 'String', 'Radio', 0, 1, '', 1, 0, 1, NULL, 'most_important_issue_1', @option_most_id, NULL, NULL, NULL, NULL), (1, 'Marital_Status', 'Marital Status', 'String', 'Select', 0, 2, '', 1, 0, 1, NULL, 'marital_status_2', @option_marital_id, NULL, NULL, NULL, NULL), (1, 'Marriage_Date', 'Marriage Date', 'Date', 'Select Date', 0, 3, '', 1, 0, 1, NULL, 'marriage_date_3', NULL, 30, 0, 'mm/dd/yy', 0);


-- /*******************************************************
-- *
-- * create table to store custom values of a custom group
-- *
-- *******************************************************/
CREATE TABLE `civicrm_value_constituent_information_1` (`id` int(10) unsigned NOT NULL auto_increment, `entity_id` int(10) unsigned NOT NULL,  `most_important_issue_1` varchar(255) default NULL,  `marital_status_2` varchar(255) default NULL, `marriage_date_3` datetime default NULL, PRIMARY KEY  (`id`), UNIQUE KEY `unique_entity_id` (`entity_id`), INDEX `INDEX_most_important_issue_1` (`most_important_issue_1`), INDEX `INDEX_marital_status_2` (`marital_status_2`), INDEX `INDEX_marriage_date_3` (`marriage_date_3`), CONSTRAINT `FK_civicrm_value_constituent_information_1_entity_id` FOREIGN KEY (`entity_id`) REFERENCES `civicrm_contact` (`id`) ON DELETE CASCADE) ENGINE=InnoDB DEFAULT CHARSET=utf8 COLLATE=utf8_unicode_ci;



-- Fall Fundraiser Dinner participants custom data

INSERT INTO civicrm_option_group  ( name, label, is_active ) VALUES  ('soup_selection', 'Soup Selection', 1);
SELECT @ogid := MAX(id) FROM civicrm_option_group;

INSERT INTO civicrm_custom_group ( name, title,  extends, extends_entity_column_id, extends_entity_column_value, style, is_active, table_name) VALUES ('Food_Preference', 'Food Preference', 'Participant', 2, '1', 'Inline', 1, 'civicrm_value_food_preference_2');
SELECT @cgid := MAX(id) FROM civicrm_custom_group;

INSERT INTO civicrm_custom_field ( custom_group_id, label, name, data_type, html_type, is_active, text_length, note_columns, note_rows, column_name, option_group_id, is_searchable ) VALUES  ( @cgid, 'Soup Selection', 'Soup_Selection', 'String',  'Radio',   1,  255, 60, 4, 'soup_selection_4', @ogid, 1);

INSERT INTO civicrm_option_value ( option_group_id, label, value, name, weight ) VALUES  ( @ogid, 'Bean Broth', 'bean', 'Bean_Broth', 1 ), ( @ogid, 'Chicken Combo', 'chicken', 'Chicken_Combo', 2), ( @ogid, 'Salmon Stew',  'salmon', 'Salmon_Stew',   3);

CREATE TABLE civicrm_value_food_preference_2 ( id INT(10) UNSIGNED NOT NULL AUTO_INCREMENT COMMENT 'Default MySQL primary key', entity_id INT(10) UNSIGNED NOT NULL COMMENT 'Table that this extends', soup_selection_4 VARCHAR(255) DEFAULT NULL, PRIMARY KEY (id), UNIQUE KEY unique_entity_id (entity_id) ) ENGINE=InnoDB DEFAULT CHARSET=utf8 COLLATE=utf8_unicode_ci;

-- Donors custom data

INSERT INTO `civicrm_custom_group` (`name`, `title`, `extends`, `extends_entity_column_id`, `extends_entity_column_value`, `style`, `is_active`, `table_name`) VALUES ('Donor_Information', 'Donor Information', 'Contribution', NULL, NULL, 'Inline', 1, 'civicrm_value_donor_information_3');

SELECT @cgid_contribution := MAX(id) FROM civicrm_custom_group;

INSERT INTO civicrm_option_group  ( name, label, is_active ) VALUES ('how_long_have_you_been_a_donor', 'How long have you been a donor?', 1);

SELECT @ogid_contribution := MAX(id) FROM civicrm_option_group;

INSERT INTO `civicrm_custom_field` (`custom_group_id`, `label`, `name`, `data_type`, `html_type`, `is_active`,  `text_length`,`note_columns`, `note_rows`, `column_name`, `option_group_id`) VALUES (@cgid_contribution, 'Known areas of interest', 'Known_areas_of_interest', 'Memo', 'TextArea', 1, 255, 60, 4, 'known_areas_of_interest_5', NULL),(@cgid_contribution, 'How long have you been a donor?', 'How_long_have_you_been_a_donor_', 'String', 'Radio', 1, 255, 60, 4, 'how_long_have_you_been_a_donor_6', @ogid_contribution);

INSERT INTO `civicrm_option_value` (`option_group_id`, `label`, `value`, `name`, `weight`) VALUES (@ogid_contribution, 'Less than 1 year', '1', 'Less_than_1_year', 1), (@ogid_contribution, '1-3 years', '2', '1_3_years', 2),(@ogid_contribution, '4-6 years', '3', '4_6_years', 3),(@ogid_contribution, '7-9 years', '4', '7_9_years', 4),(@ogid_contribution, 'More than 9 years', '5', 'More_than_9_years', 5);

CREATE TABLE IF NOT EXISTS `civicrm_value_donor_information_3` ( `id` int(10) unsigned NOT NULL AUTO_INCREMENT COMMENT 'Default MySQL primary key',  `entity_id` int(10) unsigned NOT NULL COMMENT 'Table that this extends', `known_areas_of_interest_5` text COLLATE utf8_unicode_ci, `how_long_have_you_been_a_donor_6` varchar(255) COLLATE utf8_unicode_ci DEFAULT NULL, PRIMARY KEY (`id`), UNIQUE KEY `unique_entity_id` (`entity_id`) ) ENGINE=InnoDB DEFAULT CHARSET=utf8 COLLATE=utf8_unicode_ci;
-- /**********************************************************************
-- *
-- * Configuration Data for CiviCase Component
-- * For: Sample Case Types - Housing Support and Adult Day Care Referral
-- *
-- **********************************************************************/

SELECT @caseCompId := id FROM `civicrm_component` where `name` like 'CiviCase';

-- /*******************************************************
-- *
-- * Case Types
-- *
-- *******************************************************/
SELECT @option_group_id_case_type        := max(id) from civicrm_option_group where name = 'case_type';
SELECT @max_val :=  IF ( value <> 'NULL',max(value) , 0 ) from civicrm_option_value where option_group_id=@option_group_id_case_type;
SELECT @max_wt  :=  IF ( value <> 'NULL',max(weight), 0 ) from civicrm_option_value where option_group_id=@option_group_id_case_type;

INSERT INTO `civicrm_option_value` (`option_group_id`, `label`, `value`, `name`, `grouping`, `filter`, `is_default`, `weight`, `description`, `is_optgroup`, `is_reserved`, `is_active`) VALUES (@option_group_id_case_type, 'Housing Support',  @max_val + 1, 'housing_support', NULL, 0,  0, @max_wt + 1, 'Help homeless individuals obtain temporary and long-term housing', 0, 0, 1), (@option_group_id_case_type, 'Adult Day Care Referral',  @max_val + 2, 'adult_day_care_referral', NULL, 0,  0, @max_wt + 2, 'Arranging adult day care for senior individuals', 0, 0, 1);

-- /*******************************************************
-- *
-- * Case Status - Set names for Open and Closed
-- *
-- *******************************************************/
SELECT @csgId        := max(id) from civicrm_option_group where name = 'case_status';
UPDATE civicrm_option_value SET name = 'Open' where option_group_id = @csgId AND label = 'Ongoing';
UPDATE civicrm_option_value SET name = 'Closed' where option_group_id = @csgId AND label = 'Resolved';

-- /*******************************************************
-- *
-- * Activity Types
-- *
-- *******************************************************/
SELECT @option_group_id_activity_type        := max(id) from civicrm_option_group where name = 'activity_type';

SELECT @max_val := MAX(ROUND(op.value)) FROM civicrm_option_value op WHERE op.option_group_id  = @option_group_id_activity_type;

INSERT INTO `civicrm_option_value` (`option_group_id`, `label`, `value`, `name`, `grouping`, `filter`, `is_default`, `weight`, `description`, `is_optgroup`, `is_reserved`, `is_active`, `component_id` ) VALUES (@option_group_id_activity_type, 'Medical evaluation', (SELECT @max_val := @max_val+1), 'Medical evaluation',  NULL, 0,  0, (SELECT @max_val := @max_val+1), '', 0, 0, 1, @caseCompId ), (@option_group_id_activity_type, 'Mental health evaluation', (SELECT @max_val := @max_val+1), 'Mental health evaluation',  NULL, 0,  0, (SELECT @max_val := @max_val+1), '', 0, 0, 1, @caseCompId ), (@option_group_id_activity_type, 'Secure temporary housing', (SELECT @max_val := @max_val+1), 'Secure temporary housing',  NULL, 0,  0, (SELECT @max_val := @max_val+1), '', 0, 0, 1, @caseCompId ), (@option_group_id_activity_type, 'Income and benefits stabilization', (SELECT @max_val := @max_val+1), 'Income and benefits stabilization',  NULL, 0,  0, (SELECT @max_val := @max_val+1), '', 0, 0, 1, @caseCompId ),  (@option_group_id_activity_type, 'Long-term housing plan', (SELECT @max_val := @max_val+1), 'Long-term housing plan',  NULL, 0,  0, (SELECT @max_val := @max_val+1), '', 0, 0, 1, @caseCompId ),  (@option_group_id_activity_type, 'ADC referral', (SELECT @max_val := @max_val+1), 'ADC referral',  NULL, 0,  0, (SELECT @max_val := @max_val+1), '', 0, 0, 1, @caseCompId ); 

-- Get Open Case id so we can add custom fields for this activity type if we need to
SELECT @at1        := max(value) from civicrm_option_value where name = 'Open Case';

-- /*******************************************************
-- *
-- * Relationship Types (Case Roles)
-- *
-- *******************************************************/

INSERT INTO `civicrm_relationship_type` ( name_a_b, label_a_b, name_b_a, label_b_a, description, contact_type_a, contact_type_b, is_reserved, is_active ) VALUES ('Homeless Services Coordinator is', 'Homeless Services Coordinator is', 'Homeless Services Coordinator', 'Homeless Services Coordinator',  'Homeless Services Coordinator', 'Individual', 'Individual', 0, 1), ('Health Services Coordinator is', 'Health Services Coordinator is', 'Health Services Coordinator', 'Health Services Coordinator',  'Health Services Coordinator', 'Individual', 'Individual', 0, 1), ('Senior Services Coordinator is', 'Senior Services Coordinator is', 'Senior Services Coordinator', 'Senior Services Coordinator', 'Senior Services Coordinator', 'Individual', 'Individual', 0, 1), ('Benefits Specialist is', 'Benefits Specialist is', 'Benefits Specialist', 'Benefits Specialist', 'Benefits Specialist', 'Individual', 'Individual', 0, 1);

-- /*******************************************************
-- *
-- * Case Resources Group
-- *
-- *******************************************************/

INSERT INTO `civicrm_group` (`name`, `title`, `description`, `source`, `saved_search_id`, `is_active`, `visibility`, `where_clause`, `select_tables`, `where_tables`, `group_type`, `cache_date`, `parents`, `children`, `is_hidden`) VALUES ('Case_Resources', 'Case Resources', 'Contacts in this group are listed with their phone number and email when viewing case. You also can send copies of case activities to these contacts.', NULL, NULL, 1, 'User and User Admin Only', ' ( `civicrm_group_contact-5`.group_id IN ( 5 ) AND `civicrm_group_contact-5`.status IN ("Added") ) ', 'a:10:{s:15:"civicrm_contact";i:1;s:15:"civicrm_address";i:1;s:22:"civicrm_state_province";i:1;s:15:"civicrm_country";i:1;s:13:"civicrm_email";i:1;s:13:"civicrm_phone";i:1;s:10:"civicrm_im";i:1;s:19:"civicrm_worldregion";i:1;s:25:"`civicrm_group_contact-5`";s:114:" LEFT JOIN civicrm_group_contact `civicrm_group_contact-5` ON contact_a.id = `civicrm_group_contact-5`.contact_id ";s:6:"gender";i:1;}', 'a:2:{s:15:"civicrm_contact";i:1;s:25:"`civicrm_group_contact-5`";s:114:" LEFT JOIN civicrm_group_contact `civicrm_group_contact-5` ON contact_a.id = `civicrm_group_contact-5`.contact_id ";}', '2', NULL, NULL, NULL, 0);
